[INFO ] 2025-07-03 13:32:52.468 [main] TPTrac - URL opened
[INFO ] 2025-07-03 14:30:29.063 [main] TPTrac - URL opened
[INFO ] 2025-07-03 14:31:16.095 [main] TPTrac - Verfied successfully
[INFO ] 2025-07-03 14:32:02.983 [main] TPTrac - URL opened
[INFO ] 2025-07-03 14:32:13.042 [main] TPTrac - Click on vendor menu
[INFO ] 2025-07-03 14:32:13.554 [main] TPTrac - Click on vendor category management 
[INFO ] 2025-07-03 14:32:14.019 [main] TPTrac - Click on add new vendor category management 
[INFO ] 2025-07-03 14:32:16.306 [main] TPTrac - entered vendor category name 
[INFO ] 2025-07-03 14:32:16.523 [main] TPTrac - entered vendor category code 
[INFO ] 2025-07-03 14:32:16.701 [main] TPTrac - Added a new vendor category management successfully 
[INFO ] 2025-07-03 14:32:20.714 [main] TPTrac - Click on vendor menu
[INFO ] 2025-07-03 14:32:21.345 [main] TPTrac - Click on vendor category management 
[INFO ] 2025-07-03 14:32:21.769 [main] TPTrac - Click on add new vendor category management 
[INFO ] 2025-07-03 14:32:24.091 [main] TPTrac - entered vendor category name 
[INFO ] 2025-07-03 14:32:24.279 [main] TPTrac - entered vendor category code 
[INFO ] 2025-07-03 14:33:12.785 [main] TPTrac - Verfied successfully
[INFO ] 2025-07-03 14:33:16.121 [main] TPTrac - Click on vendor menu
[INFO ] 2025-07-03 14:33:16.637 [main] TPTrac - Click on vendor category management 
[INFO ] 2025-07-03 14:33:17.060 [main] TPTrac - Click on add new vendor category management 
[INFO ] 2025-07-03 14:33:19.319 [main] TPTrac - entered vendor category name 
[INFO ] 2025-07-03 14:33:19.487 [main] TPTrac - entered vendor category code 
[INFO ] 2025-07-03 14:33:19.688 [main] TPTrac - Added a new vendor category management successfully 
[INFO ] 2025-07-03 14:33:48.626 [main] TPTrac - URL opened
[INFO ] 2025-07-03 14:33:56.404 [main] TPTrac - Click on vendor menu
[INFO ] 2025-07-03 14:34:13.187 [main] TPTrac - Verfied successfully
[INFO ] 2025-07-03 14:34:41.939 [main] TPTrac - URL opened
[INFO ] 2025-07-03 14:34:49.618 [main] TPTrac - Click on vendor menu
[INFO ] 2025-07-03 14:34:50.138 [main] TPTrac - Click on vendor category management 
[INFO ] 2025-07-03 14:35:31.188 [main] TPTrac - URL opened
[INFO ] 2025-07-03 14:38:49.252 [main] TPTrac - URL opened
[INFO ] 2025-07-03 14:38:58.588 [main] TPTrac - User tab selected
[INFO ] 2025-07-03 14:38:58.817 [main] TPTrac - Add user button clicked
[INFO ] 2025-07-03 14:39:01.058 [main] TPTrac - Clicked on Add Button
[INFO ] 2025-07-03 14:39:08.819 [main] TPTrac - User tab selected
[INFO ] 2025-07-03 14:39:09.057 [main] TPTrac - Department Button clicked and verified successfully
[INFO ] 2025-07-03 14:39:12.196 [main] TPTrac - User tab selected
[INFO ] 2025-07-03 14:39:14.489 [main] TPTrac - Department Button clicked and verified successfully
[INFO ] 2025-07-03 14:39:22.430 [main] TPTrac - User tab selected
[INFO ] 2025-07-03 14:39:24.753 [main] TPTrac - Department Button clicked and verified successfully
[INFO ] 2025-07-03 14:39:26.926 [main] TPTrac - Clicked on Add Button
[INFO ] 2025-07-03 14:39:30.163 [main] TPTrac - User tab selected
[INFO ] 2025-07-03 14:39:30.713 [main] TPTrac - Add user button clicked
[INFO ] 2025-07-03 14:39:30.936 [main] TPTrac - Get user name data
[INFO ] 2025-07-03 14:39:31.086 [main] TPTrac - Get user contact data
[INFO ] 2025-07-03 14:39:31.241 [main] TPTrac - enter first name
[INFO ] 2025-07-03 14:39:31.394 [main] TPTrac - enter last name
[INFO ] 2025-07-03 14:39:31.585 [main] TPTrac - enter email id
[INFO ] 2025-07-03 14:39:31.761 [main] TPTrac - Get user role data
[INFO ] 2025-07-03 14:39:31.935 [main] TPTrac - Entered User ID
[INFO ] 2025-07-03 14:39:32.091 [main] TPTrac - Entered First Name
[INFO ] 2025-07-03 14:39:32.296 [main] TPTrac - Entered Last Name
[INFO ] 2025-07-03 14:39:32.495 [main] TPTrac - Entered Email ID
[INFO ] 2025-07-03 14:39:37.140 [main] TPTrac - Entered user contact
[INFO ] 2025-07-03 14:39:43.695 [main] TPTrac - Role selected
[INFO ] 2025-07-03 14:39:45.928 [main] TPTrac - Clicked on Add Button
[INFO ] 2025-07-03 14:39:46.018 [main] TPTrac - Search user field is clickable
[INFO ] 2025-07-03 14:39:46.094 [main] TPTrac - Sent keys to search user using JavaScript
[INFO ] 2025-07-03 14:39:46.153 [main] TPTrac - Verified Actual user successfully
[INFO ] 2025-07-03 14:39:46.168 [main] TPTrac - Start Auditor User Update validation
[INFO ] 2025-07-03 14:39:49.708 [main] TPTrac - User tab selected
[INFO ] 2025-07-03 14:39:52.212 [main] TPTrac - User selected to update the data
[INFO ] 2025-07-03 14:39:56.696 [main] TPTrac - Phone number cleared
[INFO ] 2025-07-03 14:39:57.004 [main] TPTrac - New phone number entered: 7134567999
[INFO ] 2025-07-03 14:39:57.205 [main] TPTrac - Clicked on Save button
[INFO ] 2025-07-03 14:39:57.245 [main] TPTrac - Verified updated user successfully
[INFO ] 2025-07-03 14:39:57.251 [main] TPTrac - Started user list validation
[INFO ] 2025-07-03 14:40:00.380 [main] TPTrac - Clicked on user tab
[INFO ] 2025-07-03 14:40:20.415 [main] TPTrac - Start Search User validation
[INFO ] 2025-07-03 14:40:20.465 [main] TPTrac - Get valid data
[INFO ] 2025-07-03 14:40:20.527 [main] TPTrac - Get invalid data
[INFO ] 2025-07-03 14:40:23.630 [main] TPTrac - User tab selected
[INFO ] 2025-07-03 14:40:34.029 [main] TPTrac - Verified search user functionality successfully
[INFO ] 2025-07-03 14:40:37.090 [main] TPTrac - User tab selected
[INFO ] 2025-07-03 14:40:37.244 [main] TPTrac - Add user button clicked
[INFO ] 2025-07-03 14:40:37.286 [main] TPTrac - Get user name data
[INFO ] 2025-07-03 14:40:37.316 [main] TPTrac - Get user contact data
[INFO ] 2025-07-03 14:40:37.356 [main] TPTrac - enter first name
[INFO ] 2025-07-03 14:40:37.396 [main] TPTrac - enter last name
[INFO ] 2025-07-03 14:40:37.450 [main] TPTrac - enter email id
[INFO ] 2025-07-03 14:40:37.485 [main] TPTrac - Get user role data
[INFO ] 2025-07-03 14:40:37.558 [main] TPTrac - Entered User ID
[INFO ] 2025-07-03 14:40:37.634 [main] TPTrac - Entered First Name
[INFO ] 2025-07-03 14:40:37.707 [main] TPTrac - Entered Last Name
[INFO ] 2025-07-03 14:40:37.800 [main] TPTrac - Entered Email ID
[INFO ] 2025-07-03 14:40:42.205 [main] TPTrac - Entered user contact
[INFO ] 2025-07-03 14:40:50.568 [main] TPTrac - Role selected
[INFO ] 2025-07-03 14:40:52.704 [main] TPTrac - Clicked on Add Button
[INFO ] 2025-07-03 14:41:01.986 [main] TPTrac - Yes button displayed: true
[INFO ] 2025-07-03 14:41:02.005 [main] TPTrac - Yes button enabled: true
[INFO ] 2025-07-03 14:41:12.194 [main] TPTrac - Yes button clicked successfully.
[INFO ] 2025-07-03 14:41:12.240 [main] TPTrac - Get invalid data
[INFO ] 2025-07-03 14:41:15.619 [main] TPTrac - User tab selected
[INFO ] 2025-07-03 14:41:15.657 [main] TPTrac - Get user name data
[INFO ] 2025-07-03 14:41:35.334 [main] TPTrac - Get invalid data
[INFO ] 2025-07-03 14:41:45.490 [main] TPTrac - User activate successfully
[INFO ] 2025-07-03 14:41:54.714 [main] TPTrac - User tab selected
[INFO ] 2025-07-03 14:42:33.575 [main] TPTrac - URL opened
[INFO ] 2025-07-03 14:42:41.072 [main] TPTrac - Click on vendor menu
[INFO ] 2025-07-03 14:42:41.679 [main] TPTrac - Click on vendor category management 
[INFO ] 2025-07-03 14:42:42.031 [main] TPTrac - Click on add new vendor category management 
[INFO ] 2025-07-03 14:42:44.169 [main] TPTrac - entered vendor category name 
[INFO ] 2025-07-03 14:42:44.254 [main] TPTrac - entered vendor category code 
[INFO ] 2025-07-03 14:42:44.322 [main] TPTrac - Added a new vendor category management successfully 
[INFO ] 2025-07-03 14:42:47.644 [main] TPTrac - Click on vendor menu
[INFO ] 2025-07-03 14:42:48.116 [main] TPTrac - Click on vendor category management 
[INFO ] 2025-07-03 14:42:48.506 [main] TPTrac - Click on add new vendor category management 
[INFO ] 2025-07-03 14:42:50.658 [main] TPTrac - entered vendor category name 
[INFO ] 2025-07-03 14:42:50.726 [main] TPTrac - entered vendor category code 
[INFO ] 2025-07-03 14:43:38.573 [main] TPTrac - Verfied successfully
[INFO ] 2025-07-03 14:43:41.772 [main] TPTrac - Click on vendor menu
[INFO ] 2025-07-03 14:43:42.222 [main] TPTrac - Click on vendor category management 
[INFO ] 2025-07-03 14:43:42.564 [main] TPTrac - Click on add new vendor category management 
[INFO ] 2025-07-03 14:43:44.716 [main] TPTrac - entered vendor category name 
[INFO ] 2025-07-03 14:43:44.796 [main] TPTrac - entered vendor category code 
[INFO ] 2025-07-03 14:43:44.844 [main] TPTrac - Added a new vendor category management successfully 
[INFO ] 2025-07-03 14:44:13.337 [main] TPTrac - URL opened
[INFO ] 2025-07-03 14:44:21.029 [main] TPTrac - Click on vendor menu
[INFO ] 2025-07-03 14:44:36.324 [main] TPTrac - Verfied successfully
[INFO ] 2025-07-03 14:45:04.703 [main] TPTrac - URL opened
[INFO ] 2025-07-03 14:45:12.255 [main] TPTrac - Click on vendor menu
[INFO ] 2025-07-03 14:45:12.805 [main] TPTrac - Click on vendor category management 
[INFO ] 2025-07-03 14:45:53.539 [main] TPTrac - URL opened
[INFO ] 2025-07-03 14:47:08.707 [main] TPTrac - Verfied successfully
[INFO ] 2025-07-03 15:35:04.440 [main] TPTrac - URL opened
[INFO ] 2025-07-03 15:35:16.926 [main] TPTrac - Add button clicked successfully.
[ERROR] 2025-07-03 15:35:18.114 [main] TPTrac - Standard click failed: element click intercepted: Element <button _ngcontent-beu-c151="" type="submit" data-automation-id="framework-27" class="modalbutton btn-default deepwhite submit">...</button> is not clickable at point (1106, 495). Other element would receive the click: <ngb-modal-window role="dialog" tabindex="-1" aria-modal="true" class="d-block modal myCustomModalClass fade show">...</ngb-modal-window>
  (Session info: chrome=138.0.7204.51)
Build info: version: '4.17.0', revision: 'e52b1be057*'
System info: os.name: 'Windows 11', os.arch: 'amd64', os.version: '10.0', java.version: '17.0.6'
Driver info: org.openqa.selenium.chrome.ChromeDriver
Command: [183b4050ef138b07d0d1ca36038b69ae, clickElement {id=f.E85F1AFDB0CDA6B0D38E86F97F4D12A8.d.A5225169852B5F7CCF0B1460D0FC9F65.e.120}]
Capabilities {acceptInsecureCerts: false, browserName: chrome, browserVersion: 138.0.7204.51, chrome: {chromedriverVersion: 138.0.7204.49 (d2b48fd5f781..., userDataDir: C:\Users\NIRANJ~1\AppData\L...}, fedcm:accounts: true, goog:chromeOptions: {debuggerAddress: localhost:49262}, networkConnectionEnabled: false, pageLoadStrategy: normal, platformName: windows, proxy: Proxy(), se:cdp: ws://localhost:49262/devtoo..., se:cdpVersion: 138.0.7204.51, setWindowRect: true, strictFileInteractability: false, timeouts: {implicit: 0, pageLoad: 300000, script: 30000}, unhandledPromptBehavior: dismiss and notify, webauthn:extension:credBlob: true, webauthn:extension:largeBlob: true, webauthn:extension:minPinLength: true, webauthn:extension:prf: true, webauthn:virtualAuthenticators: true}
Element: [[ChromeDriver: chrome on windows (183b4050ef138b07d0d1ca36038b69ae)] -> css selector: [data-automation-id='framework-27']]
Session ID: 183b4050ef138b07d0d1ca36038b69ae
[INFO ] 2025-07-03 15:35:18.176 [main] TPTrac - Add button clicked using JavaScript.
[INFO ] 2025-07-03 16:19:54.349 [main] TPTrac - URL opened
[INFO ] 2025-07-03 16:20:06.941 [main] TPTrac - Add button clicked successfully.
[ERROR] 2025-07-03 16:20:08.100 [main] TPTrac - Standard click failed: element click intercepted: Element <button _ngcontent-xrf-c151="" type="submit" data-automation-id="framework-27" class="modalbutton btn-default deepwhite submit">...</button> is not clickable at point (1106, 486). Other element would receive the click: <ngb-modal-window role="dialog" tabindex="-1" aria-modal="true" class="d-block modal myCustomModalClass fade show">...</ngb-modal-window>
  (Session info: chrome=138.0.7204.51)
Build info: version: '4.17.0', revision: 'e52b1be057*'
System info: os.name: 'Windows 11', os.arch: 'amd64', os.version: '10.0', java.version: '17.0.6'
Driver info: org.openqa.selenium.chrome.ChromeDriver
Command: [1145b32d9b4cf05ea543634bec198f8c, clickElement {id=f.C35CAAAEC15BE258F0CBEDAEA65B36A3.d.7E8DE41CE64FBC9EC6F088C819DE5A21.e.122}]
Capabilities {acceptInsecureCerts: false, browserName: chrome, browserVersion: 138.0.7204.51, chrome: {chromedriverVersion: 138.0.7204.49 (d2b48fd5f781..., userDataDir: C:\Users\NIRANJ~1\AppData\L...}, fedcm:accounts: true, goog:chromeOptions: {debuggerAddress: localhost:50559}, networkConnectionEnabled: false, pageLoadStrategy: normal, platformName: windows, proxy: Proxy(), se:cdp: ws://localhost:50559/devtoo..., se:cdpVersion: 138.0.7204.51, setWindowRect: true, strictFileInteractability: false, timeouts: {implicit: 0, pageLoad: 300000, script: 30000}, unhandledPromptBehavior: dismiss and notify, webauthn:extension:credBlob: true, webauthn:extension:largeBlob: true, webauthn:extension:minPinLength: true, webauthn:extension:prf: true, webauthn:virtualAuthenticators: true}
Element: [[ChromeDriver: chrome on windows (1145b32d9b4cf05ea543634bec198f8c)] -> css selector: [data-automation-id='framework-27']]
Session ID: 1145b32d9b4cf05ea543634bec198f8c
[INFO ] 2025-07-03 16:20:08.151 [main] TPTrac - Add button clicked using JavaScript.
[INFO ] 2025-07-03 16:23:51.170 [main] TPTrac - URL opened
[INFO ] 2025-07-03 16:24:03.491 [main] TPTrac - Add button clicked successfully.
[ERROR] 2025-07-03 16:24:04.738 [main] TPTrac - Standard click failed: element click intercepted: Element <button _ngcontent-fxv-c151="" type="submit" data-automation-id="framework-27" class="modalbutton btn-default deepwhite submit">...</button> is not clickable at point (1106, 481). Other element would receive the click: <ngb-modal-window role="dialog" tabindex="-1" aria-modal="true" class="d-block modal myCustomModalClass fade show">...</ngb-modal-window>
  (Session info: chrome=138.0.7204.51)
Build info: version: '4.17.0', revision: 'e52b1be057*'
System info: os.name: 'Windows 11', os.arch: 'amd64', os.version: '10.0', java.version: '17.0.6'
Driver info: org.openqa.selenium.chrome.ChromeDriver
Command: [e6ae856ea19575b8ae44d1fbcbd32e64, clickElement {id=f.B4430BC33652662C4DF1E354079EB164.d.03DECCAC31E55496BBAE3C453E7E3687.e.123}]
Capabilities {acceptInsecureCerts: false, browserName: chrome, browserVersion: 138.0.7204.51, chrome: {chromedriverVersion: 138.0.7204.49 (d2b48fd5f781..., userDataDir: C:\Users\NIRANJ~1\AppData\L...}, fedcm:accounts: true, goog:chromeOptions: {debuggerAddress: localhost:50614}, networkConnectionEnabled: false, pageLoadStrategy: normal, platformName: windows, proxy: Proxy(), se:cdp: ws://localhost:50614/devtoo..., se:cdpVersion: 138.0.7204.51, setWindowRect: true, strictFileInteractability: false, timeouts: {implicit: 0, pageLoad: 300000, script: 30000}, unhandledPromptBehavior: dismiss and notify, webauthn:extension:credBlob: true, webauthn:extension:largeBlob: true, webauthn:extension:minPinLength: true, webauthn:extension:prf: true, webauthn:virtualAuthenticators: true}
Element: [[ChromeDriver: chrome on windows (e6ae856ea19575b8ae44d1fbcbd32e64)] -> css selector: [data-automation-id='framework-27']]
Session ID: e6ae856ea19575b8ae44d1fbcbd32e64
[INFO ] 2025-07-03 16:24:04.788 [main] TPTrac - Add button clicked using JavaScript.
[INFO ] 2025-07-03 16:34:10.640 [main] TPTrac - URL opened
[INFO ] 2025-07-03 16:34:20.721 [main] TPTrac - Framework Menu Clicked
[INFO ] 2025-07-03 16:34:21.160 [main] TPTrac - Clicked Add Framework button
[INFO ] 2025-07-03 16:34:22.422 [main] TPTrac - Entered Framework Name
[INFO ] 2025-07-03 16:34:22.619 [main] TPTrac - Entered Descriptions
[INFO ] 2025-07-03 16:34:22.885 [main] TPTrac - Entered Hiearchy Level
[INFO ] 2025-07-03 16:34:23.172 [main] TPTrac - Add button clicked successfully.
[ERROR] 2025-07-03 16:34:24.362 [main] TPTrac - Standard click failed: element click intercepted: Element <button _ngcontent-ttr-c151="" type="submit" data-automation-id="framework-27" class="modalbutton btn-default deepwhite submit">...</button> is not clickable at point (1106, 481). Other element would receive the click: <ngb-modal-window role="dialog" tabindex="-1" aria-modal="true" class="d-block modal myCustomModalClass fade show">...</ngb-modal-window>
  (Session info: chrome=138.0.7204.51)
Build info: version: '4.17.0', revision: 'e52b1be057*'
System info: os.name: 'Windows 11', os.arch: 'amd64', os.version: '10.0', java.version: '17.0.6'
Driver info: org.openqa.selenium.chrome.ChromeDriver
Command: [fb9d08c0e8f6653a4341db5be9472156, clickElement {id=f.3DC6ADAAEC87D6F5B908B56201F132D7.d.45F6CBC698D4C70AC0DB5E6FEDDB5CF7.e.123}]
Capabilities {acceptInsecureCerts: false, browserName: chrome, browserVersion: 138.0.7204.51, chrome: {chromedriverVersion: 138.0.7204.49 (d2b48fd5f781..., userDataDir: C:\Users\NIRANJ~1\AppData\L...}, fedcm:accounts: true, goog:chromeOptions: {debuggerAddress: localhost:50690}, networkConnectionEnabled: false, pageLoadStrategy: normal, platformName: windows, proxy: Proxy(), se:cdp: ws://localhost:50690/devtoo..., se:cdpVersion: 138.0.7204.51, setWindowRect: true, strictFileInteractability: false, timeouts: {implicit: 0, pageLoad: 300000, script: 30000}, unhandledPromptBehavior: dismiss and notify, webauthn:extension:credBlob: true, webauthn:extension:largeBlob: true, webauthn:extension:minPinLength: true, webauthn:extension:prf: true, webauthn:virtualAuthenticators: true}
Element: [[ChromeDriver: chrome on windows (fb9d08c0e8f6653a4341db5be9472156)] -> css selector: [data-automation-id='framework-27']]
Session ID: fb9d08c0e8f6653a4341db5be9472156
[INFO ] 2025-07-03 16:34:24.414 [main] TPTrac - Add button clicked using JavaScript.
[INFO ] 2025-07-03 17:14:27.986 [main] TPTrac - URL opened
[INFO ] 2025-07-03 17:14:37.105 [main] TPTrac - Framework Menu Clicked
[INFO ] 2025-07-03 17:14:37.492 [main] TPTrac - Clicked Add Framework button
[INFO ] 2025-07-03 17:14:38.658 [main] TPTrac - Entered Framework Name
[INFO ] 2025-07-03 17:14:38.751 [main] TPTrac - Entered Descriptions
[INFO ] 2025-07-03 17:14:38.864 [main] TPTrac - Entered Hiearchy Level
[INFO ] 2025-07-03 17:14:39.053 [main] TPTrac - Add button clicked successfully.
[INFO ] 2025-07-03 17:17:48.228 [main] TPTrac - URL opened
[INFO ] 2025-07-03 17:17:58.219 [main] TPTrac - Framework Menu Clicked
[INFO ] 2025-07-03 17:17:58.628 [main] TPTrac - Clicked Add Framework button
[INFO ] 2025-07-03 17:17:59.878 [main] TPTrac - Entered Framework Name
[INFO ] 2025-07-03 17:18:00.045 [main] TPTrac - Entered Descriptions
[INFO ] 2025-07-03 17:18:00.319 [main] TPTrac - Entered Hiearchy Level
[INFO ] 2025-07-03 17:18:00.611 [main] TPTrac - Add button clicked successfully.
[ERROR] 2025-07-03 17:18:01.770 [main] TPTrac - Standard click failed: element click intercepted: Element <button _ngcontent-vfb-c151="" type="submit" data-automation-id="framework-27" class="modalbutton btn-default deepwhite submit">...</button> is not clickable at point (1106, 486). Other element would receive the click: <ngb-modal-window role="dialog" tabindex="-1" aria-modal="true" class="d-block modal myCustomModalClass fade show">...</ngb-modal-window>
  (Session info: chrome=138.0.7204.51)
Build info: version: '4.17.0', revision: 'e52b1be057*'
System info: os.name: 'Windows 11', os.arch: 'amd64', os.version: '10.0', java.version: '17.0.6'
Driver info: org.openqa.selenium.chrome.ChromeDriver
Command: [8a4e6f0355e8b4619cd9f3145806110a, clickElement {id=f.6D0DE2C61177B6A40DC5416E3D20C368.d.58497EBACC52A7C9DEFC229624EFE867.e.123}]
Capabilities {acceptInsecureCerts: false, browserName: chrome, browserVersion: 138.0.7204.51, chrome: {chromedriverVersion: 138.0.7204.49 (d2b48fd5f781..., userDataDir: C:\Users\NIRANJ~1\AppData\L...}, fedcm:accounts: true, goog:chromeOptions: {debuggerAddress: localhost:51167}, networkConnectionEnabled: false, pageLoadStrategy: normal, platformName: windows, proxy: Proxy(), se:cdp: ws://localhost:51167/devtoo..., se:cdpVersion: 138.0.7204.51, setWindowRect: true, strictFileInteractability: false, timeouts: {implicit: 0, pageLoad: 300000, script: 30000}, unhandledPromptBehavior: dismiss and notify, webauthn:extension:credBlob: true, webauthn:extension:largeBlob: true, webauthn:extension:minPinLength: true, webauthn:extension:prf: true, webauthn:virtualAuthenticators: true}
Element: [[ChromeDriver: chrome on windows (8a4e6f0355e8b4619cd9f3145806110a)] -> css selector: [data-automation-id='framework-27']]
Session ID: 8a4e6f0355e8b4619cd9f3145806110a
[INFO ] 2025-07-03 17:18:01.820 [main] TPTrac - Add button clicked using JavaScript.
[INFO ] 2025-07-03 17:22:31.992 [main] TPTrac - URL opened
[INFO ] 2025-07-03 17:25:03.688 [main] TPTrac - URL opened
[INFO ] 2025-07-03 17:25:13.894 [main] TPTrac - Framework Menu Clicked
[INFO ] 2025-07-03 17:25:14.371 [main] TPTrac - Clicked Add Framework button
[INFO ] 2025-07-03 17:25:15.638 [main] TPTrac - Entered Framework Name
[INFO ] 2025-07-03 17:25:15.815 [main] TPTrac - Entered Descriptions
[INFO ] 2025-07-03 17:25:16.020 [main] TPTrac - Entered Hiearchy Level
[INFO ] 2025-07-03 17:25:16.292 [main] TPTrac - Add button clicked successfully.
[ERROR] 2025-07-03 17:25:17.456 [main] TPTrac - Standard click failed: element click intercepted: Element <button _ngcontent-xim-c151="" type="submit" data-automation-id="framework-27" class="modalbutton btn-default deepwhite submit">...</button> is not clickable at point (1106, 495). Other element would receive the click: <ngb-modal-window role="dialog" tabindex="-1" aria-modal="true" class="d-block modal myCustomModalClass fade show">...</ngb-modal-window>
  (Session info: chrome=138.0.7204.51)
Build info: version: '4.17.0', revision: 'e52b1be057*'
System info: os.name: 'Windows 11', os.arch: 'amd64', os.version: '10.0', java.version: '17.0.6'
Driver info: org.openqa.selenium.chrome.ChromeDriver
Command: [03be88c0d97d2bc3a22c6bc469981887, clickElement {id=f.FC5F79859DB06DC47E360A60EB34D150.d.B8E5E3F887D98462EE9307AF4C80CA45.e.121}]
Capabilities {acceptInsecureCerts: false, browserName: chrome, browserVersion: 138.0.7204.51, chrome: {chromedriverVersion: 138.0.7204.49 (d2b48fd5f781..., userDataDir: C:\Users\NIRANJ~1\AppData\L...}, fedcm:accounts: true, goog:chromeOptions: {debuggerAddress: localhost:51276}, networkConnectionEnabled: false, pageLoadStrategy: normal, platformName: windows, proxy: Proxy(), se:cdp: ws://localhost:51276/devtoo..., se:cdpVersion: 138.0.7204.51, setWindowRect: true, strictFileInteractability: false, timeouts: {implicit: 0, pageLoad: 300000, script: 30000}, unhandledPromptBehavior: dismiss and notify, webauthn:extension:credBlob: true, webauthn:extension:largeBlob: true, webauthn:extension:minPinLength: true, webauthn:extension:prf: true, webauthn:virtualAuthenticators: true}
Element: [[ChromeDriver: chrome on windows (03be88c0d97d2bc3a22c6bc469981887)] -> css selector: [data-automation-id='framework-27']]
Session ID: 03be88c0d97d2bc3a22c6bc469981887
[INFO ] 2025-07-03 17:25:17.490 [main] TPTrac - Add button clicked using JavaScript.
[INFO ] 2025-07-03 17:32:31.892 [main] TPTrac - URL opened
[INFO ] 2025-07-03 17:32:42.120 [main] TPTrac - Framework Menu Clicked
[INFO ] 2025-07-03 17:32:42.574 [main] TPTrac - Clicked Add Framework button
[INFO ] 2025-07-03 17:32:43.832 [main] TPTrac - Entered Framework Name
[INFO ] 2025-07-03 17:32:44.007 [main] TPTrac - Entered Descriptions
[INFO ] 2025-07-03 17:32:44.245 [main] TPTrac - Entered Hiearchy Level
[INFO ] 2025-07-03 17:32:44.518 [main] TPTrac - Add button clicked successfully.
[ERROR] 2025-07-03 17:32:45.740 [main] TPTrac - Standard click failed: element click intercepted: Element <button _ngcontent-fxj-c151="" type="submit" data-automation-id="framework-27" class="modalbutton btn-default deepwhite submit">...</button> is not clickable at point (1106, 486). Other element would receive the click: <ngb-modal-window role="dialog" tabindex="-1" aria-modal="true" class="d-block modal myCustomModalClass fade show">...</ngb-modal-window>
  (Session info: chrome=138.0.7204.51)
Build info: version: '4.17.0', revision: 'e52b1be057*'
System info: os.name: 'Windows 11', os.arch: 'amd64', os.version: '10.0', java.version: '17.0.6'
Driver info: org.openqa.selenium.chrome.ChromeDriver
Command: [3daedc32ad8a9f4794fbd0c76c8934fa, clickElement {id=f.8899035CDE6875A28A67CF863601F8EC.d.F0E4012E523B28EF4AFDC3873D5E3BB1.e.127}]
Capabilities {acceptInsecureCerts: false, browserName: chrome, browserVersion: 138.0.7204.51, chrome: {chromedriverVersion: 138.0.7204.49 (d2b48fd5f781..., userDataDir: C:\Users\NIRANJ~1\AppData\L...}, fedcm:accounts: true, goog:chromeOptions: {debuggerAddress: localhost:51356}, networkConnectionEnabled: false, pageLoadStrategy: normal, platformName: windows, proxy: Proxy(), se:cdp: ws://localhost:51356/devtoo..., se:cdpVersion: 138.0.7204.51, setWindowRect: true, strictFileInteractability: false, timeouts: {implicit: 0, pageLoad: 300000, script: 30000}, unhandledPromptBehavior: dismiss and notify, webauthn:extension:credBlob: true, webauthn:extension:largeBlob: true, webauthn:extension:minPinLength: true, webauthn:extension:prf: true, webauthn:virtualAuthenticators: true}
Element: [[ChromeDriver: chrome on windows (3daedc32ad8a9f4794fbd0c76c8934fa)] -> css selector: [data-automation-id='framework-27']]
Session ID: 3daedc32ad8a9f4794fbd0c76c8934fa
[INFO ] 2025-07-03 17:32:45.775 [main] TPTrac - Add button clicked using JavaScript.
[INFO ] 2025-07-03 17:40:23.740 [main] TPTrac - URL opened
[INFO ] 2025-07-03 17:40:34.134 [main] TPTrac - Framework Menu Clicked
[INFO ] 2025-07-03 17:40:34.602 [main] TPTrac - Clicked Add Framework button
[INFO ] 2025-07-03 17:40:35.967 [main] TPTrac - Entered Framework Name
[INFO ] 2025-07-03 17:40:36.174 [main] TPTrac - Entered Descriptions
[INFO ] 2025-07-03 17:40:36.425 [main] TPTrac - Entered Hiearchy Level
[INFO ] 2025-07-03 17:40:36.696 [main] TPTrac - Add button clicked successfully.
[ERROR] 2025-07-03 17:40:37.835 [main] TPTrac - Standard click failed: element click intercepted: Element <button _ngcontent-fmp-c151="" type="submit" data-automation-id="framework-27" class="modalbutton btn-default deepwhite submit">...</button> is not clickable at point (1106, 495). Other element would receive the click: <ngb-modal-window role="dialog" tabindex="-1" aria-modal="true" class="d-block modal myCustomModalClass fade show">...</ngb-modal-window>
  (Session info: chrome=138.0.7204.51)
Build info: version: '4.17.0', revision: 'e52b1be057*'
System info: os.name: 'Windows 11', os.arch: 'amd64', os.version: '10.0', java.version: '17.0.6'
Driver info: org.openqa.selenium.chrome.ChromeDriver
Command: [afc5b467861689317bfa550f466a4aa2, clickElement {id=f.7FCFA23EF3C9A1560E2894CF01FE4E6B.d.44BBE02497B7F99197F07686CEFC7864.e.116}]
Capabilities {acceptInsecureCerts: false, browserName: chrome, browserVersion: 138.0.7204.51, chrome: {chromedriverVersion: 138.0.7204.49 (d2b48fd5f781..., userDataDir: C:\Users\NIRANJ~1\AppData\L...}, fedcm:accounts: true, goog:chromeOptions: {debuggerAddress: localhost:51408}, networkConnectionEnabled: false, pageLoadStrategy: normal, platformName: windows, proxy: Proxy(), se:cdp: ws://localhost:51408/devtoo..., se:cdpVersion: 138.0.7204.51, setWindowRect: true, strictFileInteractability: false, timeouts: {implicit: 0, pageLoad: 300000, script: 30000}, unhandledPromptBehavior: dismiss and notify, webauthn:extension:credBlob: true, webauthn:extension:largeBlob: true, webauthn:extension:minPinLength: true, webauthn:extension:prf: true, webauthn:virtualAuthenticators: true}
Element: [[ChromeDriver: chrome on windows (afc5b467861689317bfa550f466a4aa2)] -> css selector: [data-automation-id='framework-27']]
Session ID: afc5b467861689317bfa550f466a4aa2
[INFO ] 2025-07-03 17:40:37.947 [main] TPTrac - Add button clicked using JavaScript.
[INFO ] 2025-07-03 17:49:15.546 [main] TPTrac - URL opened
[INFO ] 2025-07-03 17:49:25.657 [main] TPTrac - Framework Menu Clicked
[INFO ] 2025-07-03 17:49:26.217 [main] TPTrac - Clicked Add Framework button
[INFO ] 2025-07-03 17:49:27.506 [main] TPTrac - Entered Framework Name
[INFO ] 2025-07-03 17:49:27.689 [main] TPTrac - Entered Descriptions
[INFO ] 2025-07-03 17:49:27.952 [main] TPTrac - Entered Hiearchy Level
[INFO ] 2025-07-03 17:49:28.239 [main] TPTrac - Add button clicked successfully.
[ERROR] 2025-07-03 17:49:29.377 [main] TPTrac - Standard click failed: element click intercepted: Element <button _ngcontent-uwb-c151="" type="submit" data-automation-id="framework-27" class="modalbutton btn-default deepwhite submit">...</button> is not clickable at point (1106, 495). Other element would receive the click: <ngb-modal-window role="dialog" tabindex="-1" aria-modal="true" class="d-block modal myCustomModalClass fade show">...</ngb-modal-window>
  (Session info: chrome=138.0.7204.51)
Build info: version: '4.17.0', revision: 'e52b1be057*'
System info: os.name: 'Windows 11', os.arch: 'amd64', os.version: '10.0', java.version: '17.0.6'
Driver info: org.openqa.selenium.chrome.ChromeDriver
Command: [61de7a3c378241c07dd043599862744e, clickElement {id=f.DCA64266EEEF2A08E14E51FC5546DF31.d.125FCB5EB84F3FCB5FF700B229746245.e.113}]
Capabilities {acceptInsecureCerts: false, browserName: chrome, browserVersion: 138.0.7204.51, chrome: {chromedriverVersion: 138.0.7204.49 (d2b48fd5f781..., userDataDir: C:\Users\NIRANJ~1\AppData\L...}, fedcm:accounts: true, goog:chromeOptions: {debuggerAddress: localhost:51483}, networkConnectionEnabled: false, pageLoadStrategy: normal, platformName: windows, proxy: Proxy(), se:cdp: ws://localhost:51483/devtoo..., se:cdpVersion: 138.0.7204.51, setWindowRect: true, strictFileInteractability: false, timeouts: {implicit: 0, pageLoad: 300000, script: 30000}, unhandledPromptBehavior: dismiss and notify, webauthn:extension:credBlob: true, webauthn:extension:largeBlob: true, webauthn:extension:minPinLength: true, webauthn:extension:prf: true, webauthn:virtualAuthenticators: true}
Element: [[ChromeDriver: chrome on windows (61de7a3c378241c07dd043599862744e)] -> css selector: [data-automation-id='framework-27']]
Session ID: 61de7a3c378241c07dd043599862744e
[INFO ] 2025-07-03 17:49:29.422 [main] TPTrac - Add button clicked using JavaScript.
[INFO ] 2025-07-03 17:50:22.633 [main] TPTrac - File selected
[INFO ] 2025-07-03 17:50:24.997 [main] TPTrac - Framework selected
[INFO ] 2025-07-03 18:04:15.015 [main] TPTrac - URL opened
[INFO ] 2025-07-03 18:04:25.060 [main] TPTrac - Framework Menu Clicked
[INFO ] 2025-07-03 18:04:25.465 [main] TPTrac - Clicked Add Framework button
[INFO ] 2025-07-03 18:04:26.719 [main] TPTrac - Entered Framework Name
[INFO ] 2025-07-03 18:04:26.854 [main] TPTrac - Entered Descriptions
[INFO ] 2025-07-03 18:04:27.049 [main] TPTrac - Entered Hiearchy Level
[INFO ] 2025-07-03 18:04:27.286 [main] TPTrac - Add button clicked successfully.
[ERROR] 2025-07-03 18:04:28.427 [main] TPTrac - Standard click failed: element click intercepted: Element <button _ngcontent-kgk-c151="" type="submit" data-automation-id="framework-27" class="modalbutton btn-default deepwhite submit">...</button> is not clickable at point (1106, 495). Other element would receive the click: <ngb-modal-window role="dialog" tabindex="-1" aria-modal="true" class="d-block modal myCustomModalClass fade show">...</ngb-modal-window>
  (Session info: chrome=138.0.7204.51)
Build info: version: '4.17.0', revision: 'e52b1be057*'
System info: os.name: 'Windows 11', os.arch: 'amd64', os.version: '10.0', java.version: '17.0.6'
Driver info: org.openqa.selenium.chrome.ChromeDriver
Command: [6dfbde406a20f4832845619161f18e3f, clickElement {id=f.8BF2AD854E13BCD402CEFB8214DA6822.d.2169540A8A935A9451689F1369AE5D6A.e.123}]
Capabilities {acceptInsecureCerts: false, browserName: chrome, browserVersion: 138.0.7204.51, chrome: {chromedriverVersion: 138.0.7204.49 (d2b48fd5f781..., userDataDir: C:\Users\NIRANJ~1\AppData\L...}, fedcm:accounts: true, goog:chromeOptions: {debuggerAddress: localhost:51626}, networkConnectionEnabled: false, pageLoadStrategy: normal, platformName: windows, proxy: Proxy(), se:cdp: ws://localhost:51626/devtoo..., se:cdpVersion: 138.0.7204.51, setWindowRect: true, strictFileInteractability: false, timeouts: {implicit: 0, pageLoad: 300000, script: 30000}, unhandledPromptBehavior: dismiss and notify, webauthn:extension:credBlob: true, webauthn:extension:largeBlob: true, webauthn:extension:minPinLength: true, webauthn:extension:prf: true, webauthn:virtualAuthenticators: true}
Element: [[ChromeDriver: chrome on windows (6dfbde406a20f4832845619161f18e3f)] -> css selector: [data-automation-id='framework-27']]
Session ID: 6dfbde406a20f4832845619161f18e3f
[INFO ] 2025-07-03 18:04:28.458 [main] TPTrac - Add button clicked using JavaScript.
[INFO ] 2025-07-03 18:07:41.310 [main] TPTrac - URL opened
[INFO ] 2025-07-03 18:07:51.422 [main] TPTrac - Framework Menu Clicked
[INFO ] 2025-07-03 18:07:51.905 [main] TPTrac - Clicked Add Framework button
[INFO ] 2025-07-03 18:07:53.161 [main] TPTrac - Entered Framework Name
[INFO ] 2025-07-03 18:07:53.337 [main] TPTrac - Entered Descriptions
[INFO ] 2025-07-03 18:07:53.575 [main] TPTrac - Entered Hiearchy Level
[INFO ] 2025-07-03 18:07:53.993 [main] TPTrac - Add button clicked successfully.
[ERROR] 2025-07-03 18:07:55.135 [main] TPTrac - Standard click failed: element click intercepted: Element <button _ngcontent-flb-c151="" type="submit" data-automation-id="framework-27" class="modalbutton btn-default deepwhite submit">...</button> is not clickable at point (1106, 495). Other element would receive the click: <ngb-modal-window role="dialog" tabindex="-1" aria-modal="true" class="d-block modal myCustomModalClass fade show">...</ngb-modal-window>
  (Session info: chrome=138.0.7204.51)
Build info: version: '4.17.0', revision: 'e52b1be057*'
System info: os.name: 'Windows 11', os.arch: 'amd64', os.version: '10.0', java.version: '17.0.6'
Driver info: org.openqa.selenium.chrome.ChromeDriver
Command: [2db04e598628b83c8e82197783d7beda, clickElement {id=f.8600E530B951F71EAADFF730E86CE237.d.6CD2D936A726CCC50512CBB09787B6E5.e.123}]
Capabilities {acceptInsecureCerts: false, browserName: chrome, browserVersion: 138.0.7204.51, chrome: {chromedriverVersion: 138.0.7204.49 (d2b48fd5f781..., userDataDir: C:\Users\NIRANJ~1\AppData\L...}, fedcm:accounts: true, goog:chromeOptions: {debuggerAddress: localhost:51711}, networkConnectionEnabled: false, pageLoadStrategy: normal, platformName: windows, proxy: Proxy(), se:cdp: ws://localhost:51711/devtoo..., se:cdpVersion: 138.0.7204.51, setWindowRect: true, strictFileInteractability: false, timeouts: {implicit: 0, pageLoad: 300000, script: 30000}, unhandledPromptBehavior: dismiss and notify, webauthn:extension:credBlob: true, webauthn:extension:largeBlob: true, webauthn:extension:minPinLength: true, webauthn:extension:prf: true, webauthn:virtualAuthenticators: true}
Element: [[ChromeDriver: chrome on windows (2db04e598628b83c8e82197783d7beda)] -> css selector: [data-automation-id='framework-27']]
Session ID: 2db04e598628b83c8e82197783d7beda
[INFO ] 2025-07-03 18:07:55.173 [main] TPTrac - Add button clicked using JavaScript.
[INFO ] 2025-07-03 18:10:52.181 [main] TPTrac - URL opened
[INFO ] 2025-07-03 18:11:02.579 [main] TPTrac - Framework Menu Clicked
[INFO ] 2025-07-03 18:11:03.006 [main] TPTrac - Clicked Add Framework button
[INFO ] 2025-07-03 18:11:04.240 [main] TPTrac - Entered Framework Name
[INFO ] 2025-07-03 18:11:04.448 [main] TPTrac - Entered Descriptions
[INFO ] 2025-07-03 18:11:04.679 [main] TPTrac - Entered Hiearchy Level
[INFO ] 2025-07-03 18:11:04.978 [main] TPTrac - Add button clicked successfully.
[ERROR] 2025-07-03 18:11:06.151 [main] TPTrac - Standard click failed: element click intercepted: Element <button _ngcontent-rjn-c151="" type="submit" data-automation-id="framework-27" class="modalbutton btn-default deepwhite submit">...</button> is not clickable at point (1106, 495). Other element would receive the click: <ngb-modal-window role="dialog" tabindex="-1" aria-modal="true" class="d-block modal myCustomModalClass fade show">...</ngb-modal-window>
  (Session info: chrome=138.0.7204.51)
Build info: version: '4.17.0', revision: 'e52b1be057*'
System info: os.name: 'Windows 11', os.arch: 'amd64', os.version: '10.0', java.version: '17.0.6'
Driver info: org.openqa.selenium.chrome.ChromeDriver
Command: [06deda77faf29c68c0d8bce0422e5be7, clickElement {id=f.8FAAAF09B0BDE97E63A4881E5A57994C.d.8A9397900E7CEC69E0703E4E2C541657.e.120}]
Capabilities {acceptInsecureCerts: false, browserName: chrome, browserVersion: 138.0.7204.51, chrome: {chromedriverVersion: 138.0.7204.49 (d2b48fd5f781..., userDataDir: C:\Users\NIRANJ~1\AppData\L...}, fedcm:accounts: true, goog:chromeOptions: {debuggerAddress: localhost:51766}, networkConnectionEnabled: false, pageLoadStrategy: normal, platformName: windows, proxy: Proxy(), se:cdp: ws://localhost:51766/devtoo..., se:cdpVersion: 138.0.7204.51, setWindowRect: true, strictFileInteractability: false, timeouts: {implicit: 0, pageLoad: 300000, script: 30000}, unhandledPromptBehavior: dismiss and notify, webauthn:extension:credBlob: true, webauthn:extension:largeBlob: true, webauthn:extension:minPinLength: true, webauthn:extension:prf: true, webauthn:virtualAuthenticators: true}
Element: [[ChromeDriver: chrome on windows (06deda77faf29c68c0d8bce0422e5be7)] -> css selector: [data-automation-id='framework-27']]
Session ID: 06deda77faf29c68c0d8bce0422e5be7
[INFO ] 2025-07-03 18:11:06.185 [main] TPTrac - Add button clicked using JavaScript.
[INFO ] 2025-07-03 18:11:50.978 [main] TPTrac - File selected
[INFO ] 2025-07-03 18:11:53.268 [main] TPTrac - Framework selected
[INFO ] 2025-07-03 18:11:55.666 [main] TPTrac - Cancel button clicked
[INFO ] 2025-07-03 18:16:31.379 [main] TPTrac - URL opened
[INFO ] 2025-07-03 18:16:41.564 [main] TPTrac - Framework Menu Clicked
[INFO ] 2025-07-03 18:16:42.087 [main] TPTrac - Clicked Add Framework button
[INFO ] 2025-07-03 18:16:43.312 [main] TPTrac - Entered Framework Name
[INFO ] 2025-07-03 18:16:43.443 [main] TPTrac - Entered Descriptions
[INFO ] 2025-07-03 18:16:43.641 [main] TPTrac - Entered Hiearchy Level
[INFO ] 2025-07-03 18:16:43.852 [main] TPTrac - Add button clicked successfully.
[ERROR] 2025-07-03 18:16:45.005 [main] TPTrac - Standard click failed: element click intercepted: Element <button _ngcontent-vkm-c151="" type="submit" data-automation-id="framework-27" class="modalbutton btn-default deepwhite submit">...</button> is not clickable at point (1106, 486). Other element would receive the click: <ngb-modal-window role="dialog" tabindex="-1" aria-modal="true" class="d-block modal myCustomModalClass fade show">...</ngb-modal-window>
  (Session info: chrome=138.0.7204.51)
Build info: version: '4.17.0', revision: 'e52b1be057*'
System info: os.name: 'Windows 11', os.arch: 'amd64', os.version: '10.0', java.version: '17.0.6'
Driver info: org.openqa.selenium.chrome.ChromeDriver
Command: [476138d383b78fb40037eff9cbafa4a8, clickElement {id=f.EF9EBA2E7BAD609D8C64ABD978AD8654.d.F1C60852F65973E93B68C466711CAC99.e.124}]
Capabilities {acceptInsecureCerts: false, browserName: chrome, browserVersion: 138.0.7204.51, chrome: {chromedriverVersion: 138.0.7204.49 (d2b48fd5f781..., userDataDir: C:\Users\NIRANJ~1\AppData\L...}, fedcm:accounts: true, goog:chromeOptions: {debuggerAddress: localhost:51832}, networkConnectionEnabled: false, pageLoadStrategy: normal, platformName: windows, proxy: Proxy(), se:cdp: ws://localhost:51832/devtoo..., se:cdpVersion: 138.0.7204.51, setWindowRect: true, strictFileInteractability: false, timeouts: {implicit: 0, pageLoad: 300000, script: 30000}, unhandledPromptBehavior: dismiss and notify, webauthn:extension:credBlob: true, webauthn:extension:largeBlob: true, webauthn:extension:minPinLength: true, webauthn:extension:prf: true, webauthn:virtualAuthenticators: true}
Element: [[ChromeDriver: chrome on windows (476138d383b78fb40037eff9cbafa4a8)] -> css selector: [data-automation-id='framework-27']]
Session ID: 476138d383b78fb40037eff9cbafa4a8
[INFO ] 2025-07-03 18:16:45.041 [main] TPTrac - Add button clicked using JavaScript.
[INFO ] 2025-07-03 18:18:06.916 [main] TPTrac - File selected
[INFO ] 2025-07-03 18:18:09.216 [main] TPTrac - Framework selected
[INFO ] 2025-07-03 18:18:11.565 [main] TPTrac - Cancel button clicked
[INFO ] 2025-07-03 18:19:51.032 [main] TPTrac - URL opened
[INFO ] 2025-07-03 18:20:00.943 [main] TPTrac - Framework Menu Clicked
[INFO ] 2025-07-03 18:20:01.366 [main] TPTrac - Clicked Add Framework button
[INFO ] 2025-07-03 18:20:02.591 [main] TPTrac - Entered Framework Name
[INFO ] 2025-07-03 18:20:02.824 [main] TPTrac - Entered Descriptions
[INFO ] 2025-07-03 18:20:03.038 [main] TPTrac - Entered Hiearchy Level
[INFO ] 2025-07-03 18:20:03.358 [main] TPTrac - Add button clicked successfully.
[ERROR] 2025-07-03 18:20:04.551 [main] TPTrac - Standard click failed: element click intercepted: Element <button _ngcontent-uxf-c151="" type="submit" data-automation-id="framework-27" class="modalbutton btn-default deepwhite submit">...</button> is not clickable at point (1106, 490). Other element would receive the click: <ngb-modal-window role="dialog" tabindex="-1" aria-modal="true" class="d-block modal myCustomModalClass fade show">...</ngb-modal-window>
  (Session info: chrome=138.0.7204.51)
Build info: version: '4.17.0', revision: 'e52b1be057*'
System info: os.name: 'Windows 11', os.arch: 'amd64', os.version: '10.0', java.version: '17.0.6'
Driver info: org.openqa.selenium.chrome.ChromeDriver
Command: [080f57f0def93884b80ed04e5efd7e29, clickElement {id=f.FC4A02C4681F9F36E494027AF8EB6846.d.BA14D17A6F53EC3C14CC8CB3FBAA3577.e.121}]
Capabilities {acceptInsecureCerts: false, browserName: chrome, browserVersion: 138.0.7204.51, chrome: {chromedriverVersion: 138.0.7204.49 (d2b48fd5f781..., userDataDir: C:\Users\NIRANJ~1\AppData\L...}, fedcm:accounts: true, goog:chromeOptions: {debuggerAddress: localhost:51879}, networkConnectionEnabled: false, pageLoadStrategy: normal, platformName: windows, proxy: Proxy(), se:cdp: ws://localhost:51879/devtoo..., se:cdpVersion: 138.0.7204.51, setWindowRect: true, strictFileInteractability: false, timeouts: {implicit: 0, pageLoad: 300000, script: 30000}, unhandledPromptBehavior: dismiss and notify, webauthn:extension:credBlob: true, webauthn:extension:largeBlob: true, webauthn:extension:minPinLength: true, webauthn:extension:prf: true, webauthn:virtualAuthenticators: true}
Element: [[ChromeDriver: chrome on windows (080f57f0def93884b80ed04e5efd7e29)] -> css selector: [data-automation-id='framework-27']]
Session ID: 080f57f0def93884b80ed04e5efd7e29
[INFO ] 2025-07-03 18:20:04.585 [main] TPTrac - Add button clicked using JavaScript.
[INFO ] 2025-07-03 18:21:37.464 [main] TPTrac - File selected
[INFO ] 2025-07-03 18:21:39.814 [main] TPTrac - Framework selected
[INFO ] 2025-07-03 18:21:42.246 [main] TPTrac - Cancel button clicked
[INFO ] 2025-07-03 18:23:31.497 [main] TPTrac - URL opened
[INFO ] 2025-07-03 18:23:41.707 [main] TPTrac - Framework Menu Clicked
[INFO ] 2025-07-03 18:23:42.177 [main] TPTrac - Clicked Add Framework button
[INFO ] 2025-07-03 18:23:43.399 [main] TPTrac - Entered Framework Name
[INFO ] 2025-07-03 18:23:43.542 [main] TPTrac - Entered Descriptions
[INFO ] 2025-07-03 18:23:43.724 [main] TPTrac - Entered Hiearchy Level
[INFO ] 2025-07-03 18:23:43.994 [main] TPTrac - Add button clicked successfully.
[ERROR] 2025-07-03 18:23:45.139 [main] TPTrac - Standard click failed: element click intercepted: Element <button _ngcontent-ywb-c151="" type="submit" data-automation-id="framework-27" class="modalbutton btn-default deepwhite submit">...</button> is not clickable at point (1106, 495). Other element would receive the click: <ngb-modal-window role="dialog" tabindex="-1" aria-modal="true" class="d-block modal myCustomModalClass fade show">...</ngb-modal-window>
  (Session info: chrome=138.0.7204.51)
Build info: version: '4.17.0', revision: 'e52b1be057*'
System info: os.name: 'Windows 11', os.arch: 'amd64', os.version: '10.0', java.version: '17.0.6'
Driver info: org.openqa.selenium.chrome.ChromeDriver
Command: [8fb3e4fa78744dca45ed1774ee1c7a75, clickElement {id=f.1B1AE72E37D6A0C2BFD21B4C79B7F4F5.d.82C097FE2256B41892BDA6859A2C9758.e.122}]
Capabilities {acceptInsecureCerts: false, browserName: chrome, browserVersion: 138.0.7204.51, chrome: {chromedriverVersion: 138.0.7204.49 (d2b48fd5f781..., userDataDir: C:\Users\NIRANJ~1\AppData\L...}, fedcm:accounts: true, goog:chromeOptions: {debuggerAddress: localhost:51944}, networkConnectionEnabled: false, pageLoadStrategy: normal, platformName: windows, proxy: Proxy(), se:cdp: ws://localhost:51944/devtoo..., se:cdpVersion: 138.0.7204.51, setWindowRect: true, strictFileInteractability: false, timeouts: {implicit: 0, pageLoad: 300000, script: 30000}, unhandledPromptBehavior: dismiss and notify, webauthn:extension:credBlob: true, webauthn:extension:largeBlob: true, webauthn:extension:minPinLength: true, webauthn:extension:prf: true, webauthn:virtualAuthenticators: true}
Element: [[ChromeDriver: chrome on windows (8fb3e4fa78744dca45ed1774ee1c7a75)] -> css selector: [data-automation-id='framework-27']]
Session ID: 8fb3e4fa78744dca45ed1774ee1c7a75
[INFO ] 2025-07-03 18:23:45.201 [main] TPTrac - Add button clicked using JavaScript.
[INFO ] 2025-07-03 18:24:38.292 [main] TPTrac - File selected
[INFO ] 2025-07-03 18:24:40.659 [main] TPTrac - Framework selected
[INFO ] 2025-07-03 18:24:43.059 [main] TPTrac - Cancel button clicked
[INFO ] 2025-07-03 18:27:04.889 [main] TPTrac - URL opened
[INFO ] 2025-07-03 18:27:15.017 [main] TPTrac - Framework Menu Clicked
[INFO ] 2025-07-03 18:27:15.498 [main] TPTrac - Clicked Add Framework button
[INFO ] 2025-07-03 18:27:16.780 [main] TPTrac - Entered Framework Name
[INFO ] 2025-07-03 18:27:16.969 [main] TPTrac - Entered Descriptions
[INFO ] 2025-07-03 18:27:17.230 [main] TPTrac - Entered Hiearchy Level
[INFO ] 2025-07-03 18:27:17.490 [main] TPTrac - Add button clicked successfully.
[ERROR] 2025-07-03 18:27:18.710 [main] TPTrac - Standard click failed: element click intercepted: Element <button _ngcontent-ypf-c151="" type="submit" data-automation-id="framework-27" class="modalbutton btn-default deepwhite submit">...</button> is not clickable at point (1106, 478). Other element would receive the click: <ngb-modal-window role="dialog" tabindex="-1" aria-modal="true" class="d-block modal myCustomModalClass fade show">...</ngb-modal-window>
  (Session info: chrome=138.0.7204.51)
Build info: version: '4.17.0', revision: 'e52b1be057*'
System info: os.name: 'Windows 11', os.arch: 'amd64', os.version: '10.0', java.version: '17.0.6'
Driver info: org.openqa.selenium.chrome.ChromeDriver
Command: [6c0e6474228514402dcc2476fd440b23, clickElement {id=f.B514D7AE08445CE277179E44DA1BDC62.d.458B49F2D20277A74DF5320C42ECC772.e.122}]
Capabilities {acceptInsecureCerts: false, browserName: chrome, browserVersion: 138.0.7204.51, chrome: {chromedriverVersion: 138.0.7204.49 (d2b48fd5f781..., userDataDir: C:\Users\NIRANJ~1\AppData\L...}, fedcm:accounts: true, goog:chromeOptions: {debuggerAddress: localhost:52006}, networkConnectionEnabled: false, pageLoadStrategy: normal, platformName: windows, proxy: Proxy(), se:cdp: ws://localhost:52006/devtoo..., se:cdpVersion: 138.0.7204.51, setWindowRect: true, strictFileInteractability: false, timeouts: {implicit: 0, pageLoad: 300000, script: 30000}, unhandledPromptBehavior: dismiss and notify, webauthn:extension:credBlob: true, webauthn:extension:largeBlob: true, webauthn:extension:minPinLength: true, webauthn:extension:prf: true, webauthn:virtualAuthenticators: true}
Element: [[ChromeDriver: chrome on windows (6c0e6474228514402dcc2476fd440b23)] -> css selector: [data-automation-id='framework-27']]
Session ID: 6c0e6474228514402dcc2476fd440b23
[INFO ] 2025-07-03 18:27:18.768 [main] TPTrac - Add button clicked using JavaScript.
[INFO ] 2025-07-03 18:28:15.873 [main] TPTrac - File selected
[INFO ] 2025-07-03 18:28:18.234 [main] TPTrac - Framework selected
[INFO ] 2025-07-03 18:32:38.276 [main] TPTrac - URL opened
[INFO ] 2025-07-03 18:32:48.500 [main] TPTrac - Framework Menu Clicked
[INFO ] 2025-07-03 18:32:48.921 [main] TPTrac - Clicked Add Framework button
[INFO ] 2025-07-03 18:32:50.156 [main] TPTrac - Entered Framework Name
[INFO ] 2025-07-03 18:32:50.333 [main] TPTrac - Entered Descriptions
[INFO ] 2025-07-03 18:32:50.622 [main] TPTrac - Entered Hiearchy Level
[INFO ] 2025-07-03 18:32:51.008 [main] TPTrac - Add button clicked successfully.
[ERROR] 2025-07-03 18:32:52.226 [main] TPTrac - Standard click failed: element click intercepted: Element <button _ngcontent-pqn-c151="" type="submit" data-automation-id="framework-27" class="modalbutton btn-default deepwhite submit">...</button> is not clickable at point (1106, 477). Other element would receive the click: <ngb-modal-window role="dialog" tabindex="-1" aria-modal="true" class="d-block modal myCustomModalClass fade show">...</ngb-modal-window>
  (Session info: chrome=138.0.7204.51)
Build info: version: '4.17.0', revision: 'e52b1be057*'
System info: os.name: 'Windows 11', os.arch: 'amd64', os.version: '10.0', java.version: '17.0.6'
Driver info: org.openqa.selenium.chrome.ChromeDriver
Command: [1195eded0bda0ff3c030b9ae3049c3d6, clickElement {id=f.482D3D46D6414CBAC31E09EC48BA3DA6.d.37B2B2F22451F59843A15CE04778C3BC.e.122}]
Capabilities {acceptInsecureCerts: false, browserName: chrome, browserVersion: 138.0.7204.51, chrome: {chromedriverVersion: 138.0.7204.49 (d2b48fd5f781..., userDataDir: C:\Users\NIRANJ~1\AppData\L...}, fedcm:accounts: true, goog:chromeOptions: {debuggerAddress: localhost:52053}, networkConnectionEnabled: false, pageLoadStrategy: normal, platformName: windows, proxy: Proxy(), se:cdp: ws://localhost:52053/devtoo..., se:cdpVersion: 138.0.7204.51, setWindowRect: true, strictFileInteractability: false, timeouts: {implicit: 0, pageLoad: 300000, script: 30000}, unhandledPromptBehavior: dismiss and notify, webauthn:extension:credBlob: true, webauthn:extension:largeBlob: true, webauthn:extension:minPinLength: true, webauthn:extension:prf: true, webauthn:virtualAuthenticators: true}
Element: [[ChromeDriver: chrome on windows (1195eded0bda0ff3c030b9ae3049c3d6)] -> css selector: [data-automation-id='framework-27']]
Session ID: 1195eded0bda0ff3c030b9ae3049c3d6
[INFO ] 2025-07-03 18:32:52.272 [main] TPTrac - Add button clicked using JavaScript.
[INFO ] 2025-07-03 18:33:44.893 [main] TPTrac - File selected
[INFO ] 2025-07-03 18:33:47.207 [main] TPTrac - Framework selected
[INFO ] 2025-07-03 18:44:00.686 [main] TPTrac - URL opened
[INFO ] 2025-07-03 18:44:10.735 [main] TPTrac - Framework Menu Clicked
[INFO ] 2025-07-03 18:44:11.186 [main] TPTrac - Clicked Add Framework button
[INFO ] 2025-07-03 18:44:12.426 [main] TPTrac - Entered Framework Name
[INFO ] 2025-07-03 18:44:12.613 [main] TPTrac - Entered Descriptions
[INFO ] 2025-07-03 18:44:12.869 [main] TPTrac - Entered Hiearchy Level
[INFO ] 2025-07-03 18:44:13.213 [main] TPTrac - Add button clicked successfully.
[ERROR] 2025-07-03 18:44:14.364 [main] TPTrac - Standard click failed: element click intercepted: Element <button _ngcontent-efy-c151="" type="submit" data-automation-id="framework-27" class="modalbutton btn-default deepwhite submit">...</button> is not clickable at point (1106, 495). Other element would receive the click: <ngb-modal-window role="dialog" tabindex="-1" aria-modal="true" class="d-block modal myCustomModalClass fade show">...</ngb-modal-window>
  (Session info: chrome=138.0.7204.51)
Build info: version: '4.17.0', revision: 'e52b1be057*'
System info: os.name: 'Windows 11', os.arch: 'amd64', os.version: '10.0', java.version: '17.0.6'
Driver info: org.openqa.selenium.chrome.ChromeDriver
Command: [295751a9620e6eca5c6564f15d26f454, clickElement {id=f.33AC0C389E224B00418D21FDB84D1540.d.53A94533EA148F16601E47BC6D0D61CB.e.124}]
Capabilities {acceptInsecureCerts: false, browserName: chrome, browserVersion: 138.0.7204.51, chrome: {chromedriverVersion: 138.0.7204.49 (d2b48fd5f781..., userDataDir: C:\Users\NIRANJ~1\AppData\L...}, fedcm:accounts: true, goog:chromeOptions: {debuggerAddress: localhost:52175}, networkConnectionEnabled: false, pageLoadStrategy: normal, platformName: windows, proxy: Proxy(), se:cdp: ws://localhost:52175/devtoo..., se:cdpVersion: 138.0.7204.51, setWindowRect: true, strictFileInteractability: false, timeouts: {implicit: 0, pageLoad: 300000, script: 30000}, unhandledPromptBehavior: dismiss and notify, webauthn:extension:credBlob: true, webauthn:extension:largeBlob: true, webauthn:extension:minPinLength: true, webauthn:extension:prf: true, webauthn:virtualAuthenticators: true}
Element: [[ChromeDriver: chrome on windows (295751a9620e6eca5c6564f15d26f454)] -> css selector: [data-automation-id='framework-27']]
Session ID: 295751a9620e6eca5c6564f15d26f454
[INFO ] 2025-07-03 18:44:14.396 [main] TPTrac - Add button clicked using JavaScript.
[INFO ] 2025-07-03 18:47:29.070 [main] TPTrac - URL opened
[INFO ] 2025-07-03 18:47:39.490 [main] TPTrac - Framework Menu Clicked
[INFO ] 2025-07-03 18:47:39.897 [main] TPTrac - Clicked Add Framework button
[INFO ] 2025-07-03 18:47:41.164 [main] TPTrac - Entered Framework Name
[INFO ] 2025-07-03 18:47:41.346 [main] TPTrac - Entered Descriptions
[INFO ] 2025-07-03 18:47:41.597 [main] TPTrac - Entered Hiearchy Level
[INFO ] 2025-07-03 18:47:41.958 [main] TPTrac - Add button clicked successfully.
[ERROR] 2025-07-03 18:47:43.130 [main] TPTrac - Standard click failed: element click intercepted: Element <button _ngcontent-nwb-c151="" type="submit" data-automation-id="framework-27" class="modalbutton btn-default deepwhite submit">...</button> is not clickable at point (1106, 482). Other element would receive the click: <ngb-modal-window role="dialog" tabindex="-1" aria-modal="true" class="d-block modal myCustomModalClass fade show">...</ngb-modal-window>
  (Session info: chrome=138.0.7204.51)
Build info: version: '4.17.0', revision: 'e52b1be057*'
System info: os.name: 'Windows 11', os.arch: 'amd64', os.version: '10.0', java.version: '17.0.6'
Driver info: org.openqa.selenium.chrome.ChromeDriver
Command: [a1265517937d7136e04cd3d10cedb846, clickElement {id=f.A9CFAC849D113227A4860974C4FDA540.d.B495DB1CFFEF4511973044DE575C8E72.e.125}]
Capabilities {acceptInsecureCerts: false, browserName: chrome, browserVersion: 138.0.7204.51, chrome: {chromedriverVersion: 138.0.7204.49 (d2b48fd5f781..., userDataDir: C:\Users\NIRANJ~1\AppData\L...}, fedcm:accounts: true, goog:chromeOptions: {debuggerAddress: localhost:52220}, networkConnectionEnabled: false, pageLoadStrategy: normal, platformName: windows, proxy: Proxy(), se:cdp: ws://localhost:52220/devtoo..., se:cdpVersion: 138.0.7204.51, setWindowRect: true, strictFileInteractability: false, timeouts: {implicit: 0, pageLoad: 300000, script: 30000}, unhandledPromptBehavior: dismiss and notify, webauthn:extension:credBlob: true, webauthn:extension:largeBlob: true, webauthn:extension:minPinLength: true, webauthn:extension:prf: true, webauthn:virtualAuthenticators: true}
Element: [[ChromeDriver: chrome on windows (a1265517937d7136e04cd3d10cedb846)] -> css selector: [data-automation-id='framework-27']]
Session ID: a1265517937d7136e04cd3d10cedb846
[INFO ] 2025-07-03 18:47:43.161 [main] TPTrac - Add button clicked using JavaScript.
[INFO ] 2025-07-03 18:50:41.835 [main] TPTrac - URL opened
[INFO ] 2025-07-03 18:50:50.064 [main] TPTrac - Framework Menu Clicked
[INFO ] 2025-07-03 18:50:50.490 [main] TPTrac - Clicked Add Framework button
[INFO ] 2025-07-03 18:50:51.706 [main] TPTrac - Entered Framework Name
[INFO ] 2025-07-03 18:50:51.857 [main] TPTrac - Entered Descriptions
[INFO ] 2025-07-03 18:50:52.075 [main] TPTrac - Entered Hiearchy Level
[INFO ] 2025-07-03 18:50:52.341 [main] TPTrac - Add button clicked successfully.
[ERROR] 2025-07-03 18:50:53.554 [main] TPTrac - Standard click failed: element click intercepted: Element <button _ngcontent-toi-c151="" type="submit" data-automation-id="framework-27" class="modalbutton btn-default deepwhite submit">...</button> is not clickable at point (1106, 486). Other element would receive the click: <ngb-modal-window role="dialog" tabindex="-1" aria-modal="true" class="d-block modal myCustomModalClass fade show">...</ngb-modal-window>
  (Session info: chrome=138.0.7204.51)
Build info: version: '4.17.0', revision: 'e52b1be057*'
System info: os.name: 'Windows 11', os.arch: 'amd64', os.version: '10.0', java.version: '17.0.6'
Driver info: org.openqa.selenium.chrome.ChromeDriver
Command: [d90f7de5408715cfc3ec84bf84f24585, clickElement {id=f.903598AB9756E25E2893B49ADFBE31F5.d.788C3355712B62E2AB259C380163A8FA.e.124}]
Capabilities {acceptInsecureCerts: false, browserName: chrome, browserVersion: 138.0.7204.51, chrome: {chromedriverVersion: 138.0.7204.49 (d2b48fd5f781..., userDataDir: C:\Users\NIRANJ~1\AppData\L...}, fedcm:accounts: true, goog:chromeOptions: {debuggerAddress: localhost:52323}, networkConnectionEnabled: false, pageLoadStrategy: normal, platformName: windows, proxy: Proxy(), se:cdp: ws://localhost:52323/devtoo..., se:cdpVersion: 138.0.7204.51, setWindowRect: true, strictFileInteractability: false, timeouts: {implicit: 0, pageLoad: 300000, script: 30000}, unhandledPromptBehavior: dismiss and notify, webauthn:extension:credBlob: true, webauthn:extension:largeBlob: true, webauthn:extension:minPinLength: true, webauthn:extension:prf: true, webauthn:virtualAuthenticators: true}
Element: [[ChromeDriver: chrome on windows (d90f7de5408715cfc3ec84bf84f24585)] -> css selector: [data-automation-id='framework-27']]
Session ID: d90f7de5408715cfc3ec84bf84f24585
[INFO ] 2025-07-03 18:50:53.604 [main] TPTrac - Add button clicked using JavaScript.
[INFO ] 2025-07-03 18:52:37.851 [main] TPTrac - File selected
[INFO ] 2025-07-03 18:52:40.164 [main] TPTrac - Framework selected
[INFO ] 2025-07-04 11:14:51.965 [main] TPTrac - URL opened
[INFO ] 2025-07-04 11:15:00.716 [main] TPTrac - Framework Menu Clicked
[INFO ] 2025-07-04 11:15:01.131 [main] TPTrac - Clicked Add Framework button
[INFO ] 2025-07-04 11:15:02.307 [main] TPTrac - Entered Framework Name
[INFO ] 2025-07-04 11:15:02.412 [main] TPTrac - Entered Descriptions
[INFO ] 2025-07-04 11:15:02.587 [main] TPTrac - Entered Hiearchy Level
[INFO ] 2025-07-04 11:15:02.740 [main] TPTrac - Add button clicked successfully.
[INFO ] 2025-07-04 11:20:30.834 [main] TPTrac - URL opened
[INFO ] 2025-07-04 11:20:39.128 [main] TPTrac - Framework Menu Clicked
[INFO ] 2025-07-04 11:20:39.531 [main] TPTrac - Clicked Add Framework button
[INFO ] 2025-07-04 11:20:40.740 [main] TPTrac - Entered Framework Name
[INFO ] 2025-07-04 11:20:40.825 [main] TPTrac - Entered Descriptions
[INFO ] 2025-07-04 11:20:40.955 [main] TPTrac - Entered Hiearchy Level
[INFO ] 2025-07-04 11:20:41.104 [main] TPTrac - Add button clicked successfully.
[INFO ] 2025-07-04 11:51:14.151 [main] TPTrac - URL opened
[INFO ] 2025-07-04 11:51:24.472 [main] TPTrac - Framework Menu Clicked
[INFO ] 2025-07-04 11:51:24.880 [main] TPTrac - Clicked Add Framework button
[INFO ] 2025-07-04 11:51:26.130 [main] TPTrac - Entered Framework Name
[INFO ] 2025-07-04 11:51:26.261 [main] TPTrac - Entered Descriptions
[INFO ] 2025-07-04 11:51:26.474 [main] TPTrac - Entered Hiearchy Level
[INFO ] 2025-07-04 11:51:26.748 [main] TPTrac - Add button clicked successfully.
[ERROR] 2025-07-04 11:51:27.903 [main] TPTrac - Standard click failed: element click intercepted: Element <button _ngcontent-trr-c151="" type="submit" data-automation-id="framework-27" class="modalbutton btn-default deepwhite submit">...</button> is not clickable at point (1106, 490). Other element would receive the click: <ngb-modal-window role="dialog" tabindex="-1" aria-modal="true" class="d-block modal myCustomModalClass fade show">...</ngb-modal-window>
  (Session info: chrome=138.0.7204.51)
Build info: version: '4.17.0', revision: 'e52b1be057*'
System info: os.name: 'Windows 11', os.arch: 'amd64', os.version: '10.0', java.version: '17.0.6'
Driver info: org.openqa.selenium.chrome.ChromeDriver
Command: [993415f172befaf8b29b2b49480f55e0, clickElement {id=f.FF88ADB1D77159B7D6E8D481D8A404F6.d.DA64FFC076E9978F29D7B2308481EF93.e.123}]
Capabilities {acceptInsecureCerts: false, browserName: chrome, browserVersion: 138.0.7204.51, chrome: {chromedriverVersion: 138.0.7204.49 (d2b48fd5f781..., userDataDir: C:\Users\NIRANJ~1\AppData\L...}, fedcm:accounts: true, goog:chromeOptions: {debuggerAddress: localhost:50739}, networkConnectionEnabled: false, pageLoadStrategy: normal, platformName: windows, proxy: Proxy(), se:cdp: ws://localhost:50739/devtoo..., se:cdpVersion: 138.0.7204.51, setWindowRect: true, strictFileInteractability: false, timeouts: {implicit: 0, pageLoad: 300000, script: 30000}, unhandledPromptBehavior: dismiss and notify, webauthn:extension:credBlob: true, webauthn:extension:largeBlob: true, webauthn:extension:minPinLength: true, webauthn:extension:prf: true, webauthn:virtualAuthenticators: true}
Element: [[ChromeDriver: chrome on windows (993415f172befaf8b29b2b49480f55e0)] -> css selector: [data-automation-id='framework-27']]
Session ID: 993415f172befaf8b29b2b49480f55e0
[INFO ] 2025-07-04 11:51:27.936 [main] TPTrac - Add button clicked using JavaScript.
[INFO ] 2025-07-04 12:41:18.550 [main] TPTrac - URL opened
[INFO ] 2025-07-04 12:41:28.554 [main] TPTrac - Click on vendor menu
[INFO ] 2025-07-04 12:41:29.094 [main] TPTrac - Click on vendor category management 
[INFO ] 2025-07-04 12:41:29.512 [main] TPTrac - Click on add new vendor category management 
[INFO ] 2025-07-04 12:41:30.732 [main] TPTrac - entered vendor category name 
[INFO ] 2025-07-04 12:41:30.933 [main] TPTrac - entered vendor category code 
[INFO ] 2025-07-04 12:41:31.082 [main] TPTrac - Added a new vendor category management successfully 
[INFO ] 2025-07-04 12:56:06.651 [main] TPTrac - URL opened
[INFO ] 2025-07-04 13:16:57.187 [main] TPTrac - URL opened
[INFO ] 2025-07-04 13:20:41.757 [main] TPTrac - URL opened
[INFO ] 2025-07-04 14:51:31.254 [main] TPTrac - URL opened
[INFO ] 2025-07-04 14:52:32.097 [main] TPTrac - Upload a file successfully
[INFO ] 2025-07-04 14:52:35.169 [main] TPTrac - Clicked ok on alert popup
[INFO ] 2025-07-04 14:57:57.051 [main] TPTrac - URL opened
[INFO ] 2025-07-04 14:58:07.060 [main] TPTrac - Framework Menu Clicked
[INFO ] 2025-07-04 14:58:07.514 [main] TPTrac - Clicked Add Framework button
[INFO ] 2025-07-04 14:58:08.797 [main] TPTrac - Entered Framework Name
[INFO ] 2025-07-04 14:58:08.935 [main] TPTrac - Entered Descriptions
[INFO ] 2025-07-04 14:58:09.161 [main] TPTrac - Entered Hiearchy Level
[INFO ] 2025-07-04 14:58:09.404 [main] TPTrac - Add button clicked successfully.
[ERROR] 2025-07-04 14:58:10.560 [main] TPTrac - Standard click failed: element click intercepted: Element <button _ngcontent-hoh-c151="" type="submit" data-automation-id="framework-27" class="modalbutton btn-default deepwhite submit">...</button> is not clickable at point (1106, 490). Other element would receive the click: <ngb-modal-window role="dialog" tabindex="-1" aria-modal="true" class="d-block modal myCustomModalClass fade show">...</ngb-modal-window>
  (Session info: chrome=138.0.7204.51)
Build info: version: '4.17.0', revision: 'e52b1be057*'
System info: os.name: 'Windows 11', os.arch: 'amd64', os.version: '10.0', java.version: '17.0.6'
Driver info: org.openqa.selenium.chrome.ChromeDriver
Command: [29b2b862ebd60a6e58b1aa2d1b55cd1b, clickElement {id=f.8DFEEAF6FD1521D927C8F7FCC5638407.d.46C346591C8D17706CEEF651D106D4ED.e.119}]
Capabilities {acceptInsecureCerts: false, browserName: chrome, browserVersion: 138.0.7204.51, chrome: {chromedriverVersion: 138.0.7204.49 (d2b48fd5f781..., userDataDir: C:\Users\NIRANJ~1\AppData\L...}, fedcm:accounts: true, goog:chromeOptions: {debuggerAddress: localhost:52909}, networkConnectionEnabled: false, pageLoadStrategy: normal, platformName: windows, proxy: Proxy(), se:cdp: ws://localhost:52909/devtoo..., se:cdpVersion: 138.0.7204.51, setWindowRect: true, strictFileInteractability: false, timeouts: {implicit: 0, pageLoad: 300000, script: 30000}, unhandledPromptBehavior: dismiss and notify, webauthn:extension:credBlob: true, webauthn:extension:largeBlob: true, webauthn:extension:minPinLength: true, webauthn:extension:prf: true, webauthn:virtualAuthenticators: true}
Element: [[ChromeDriver: chrome on windows (29b2b862ebd60a6e58b1aa2d1b55cd1b)] -> css selector: [data-automation-id='framework-27']]
Session ID: 29b2b862ebd60a6e58b1aa2d1b55cd1b
[INFO ] 2025-07-04 14:58:10.592 [main] TPTrac - Add button clicked using JavaScript.
[INFO ] 2025-07-04 15:01:03.413 [main] TPTrac - URL opened
[INFO ] 2025-07-04 15:01:10.830 [main] TPTrac - Click on vendor menu
[INFO ] 2025-07-04 15:01:11.377 [main] TPTrac - Click on vendor category management 
[INFO ] 2025-07-04 15:01:11.726 [main] TPTrac - Click on add new vendor category management 
[INFO ] 2025-07-04 15:01:12.815 [main] TPTrac - entered vendor category name 
[INFO ] 2025-07-04 15:01:12.874 [main] TPTrac - entered vendor category code 
[INFO ] 2025-07-04 15:01:12.914 [main] TPTrac - Added a new vendor category management successfully 
[INFO ] 2025-07-04 15:10:56.973 [main] TPTrac - URL opened
[INFO ] 2025-07-04 15:11:07.157 [main] TPTrac - Framework Menu Clicked
[INFO ] 2025-07-04 15:11:07.577 [main] TPTrac - Clicked Add Framework button
[INFO ] 2025-07-04 15:11:08.823 [main] TPTrac - Entered Framework Name
[INFO ] 2025-07-04 15:11:08.992 [main] TPTrac - Entered Descriptions
[INFO ] 2025-07-04 15:11:09.238 [main] TPTrac - Entered Hiearchy Level
[INFO ] 2025-07-04 15:11:09.485 [main] TPTrac - Add button clicked successfully.
[ERROR] 2025-07-04 15:11:10.628 [main] TPTrac - Standard click failed: element click intercepted: Element <button _ngcontent-xcd-c151="" type="submit" data-automation-id="framework-27" class="modalbutton btn-default deepwhite submit">...</button> is not clickable at point (1106, 495). Other element would receive the click: <ngb-modal-window role="dialog" tabindex="-1" aria-modal="true" class="d-block modal myCustomModalClass fade show">...</ngb-modal-window>
  (Session info: chrome=138.0.7204.51)
Build info: version: '4.17.0', revision: 'e52b1be057*'
System info: os.name: 'Windows 11', os.arch: 'amd64', os.version: '10.0', java.version: '17.0.6'
Driver info: org.openqa.selenium.chrome.ChromeDriver
Command: [9571205f2bcedb8ad6fcb9babbaac486, clickElement {id=f.45D3850A3250D46DA2EC03DCC32FD87F.d.F0F9F3FEB7AF1442EA9FB4696B8930BF.e.122}]
Capabilities {acceptInsecureCerts: false, browserName: chrome, browserVersion: 138.0.7204.51, chrome: {chromedriverVersion: 138.0.7204.49 (d2b48fd5f781..., userDataDir: C:\Users\NIRANJ~1\AppData\L...}, fedcm:accounts: true, goog:chromeOptions: {debuggerAddress: localhost:53103}, networkConnectionEnabled: false, pageLoadStrategy: normal, platformName: windows, proxy: Proxy(), se:cdp: ws://localhost:53103/devtoo..., se:cdpVersion: 138.0.7204.51, setWindowRect: true, strictFileInteractability: false, timeouts: {implicit: 0, pageLoad: 300000, script: 30000}, unhandledPromptBehavior: dismiss and notify, webauthn:extension:credBlob: true, webauthn:extension:largeBlob: true, webauthn:extension:minPinLength: true, webauthn:extension:prf: true, webauthn:virtualAuthenticators: true}
Element: [[ChromeDriver: chrome on windows (9571205f2bcedb8ad6fcb9babbaac486)] -> css selector: [data-automation-id='framework-27']]
Session ID: 9571205f2bcedb8ad6fcb9babbaac486
[INFO ] 2025-07-04 15:11:10.671 [main] TPTrac - Add button clicked using JavaScript.
[INFO ] 2025-07-04 15:14:09.560 [main] TPTrac - URL opened
[INFO ] 2025-07-04 15:14:17.136 [main] TPTrac - Click on vendor menu
[INFO ] 2025-07-04 15:14:17.693 [main] TPTrac - Click on vendor category management 
[INFO ] 2025-07-04 15:14:18.073 [main] TPTrac - Click on add new vendor category management 
[INFO ] 2025-07-04 15:14:19.208 [main] TPTrac - entered vendor category name 
[INFO ] 2025-07-04 15:14:19.293 [main] TPTrac - entered vendor category code 
[INFO ] 2025-07-04 15:14:19.366 [main] TPTrac - Added a new vendor category management successfully 
[INFO ] 2025-07-04 15:14:59.406 [main] TPTrac - Upload a file successfully
[INFO ] 2025-07-04 15:19:06.629 [main] TPTrac - URL opened
[INFO ] 2025-07-04 15:19:16.420 [main] TPTrac - Click on vendor menu
[INFO ] 2025-07-04 15:19:17.037 [main] TPTrac - Click on vendor category management 
[INFO ] 2025-07-04 15:19:17.439 [main] TPTrac - Click on add new vendor category management 
[INFO ] 2025-07-04 15:19:18.685 [main] TPTrac - entered vendor category name 
[INFO ] 2025-07-04 15:19:18.877 [main] TPTrac - entered vendor category code 
[INFO ] 2025-07-04 15:19:19.031 [main] TPTrac - Added a new vendor category management successfully 
[INFO ] 2025-07-04 15:20:01.579 [main] TPTrac - Upload a file successfully
[INFO ] 2025-07-04 15:20:04.722 [main] TPTrac - Clicked ok on alert popup
[INFO ] 2025-07-04 15:21:17.418 [main] TPTrac - URL opened
[INFO ] 2025-07-04 15:21:27.619 [main] TPTrac - Framework Menu Clicked
[INFO ] 2025-07-04 15:21:28.097 [main] TPTrac - Clicked Add Framework button
[INFO ] 2025-07-04 15:21:29.369 [main] TPTrac - Entered Framework Name
[INFO ] 2025-07-04 15:21:29.565 [main] TPTrac - Entered Descriptions
[INFO ] 2025-07-04 15:21:29.793 [main] TPTrac - Entered Hiearchy Level
[INFO ] 2025-07-04 15:21:30.048 [main] TPTrac - Add button clicked successfully.
[ERROR] 2025-07-04 15:21:31.236 [main] TPTrac - Standard click failed: element click intercepted: Element <button _ngcontent-bus-c151="" type="submit" data-automation-id="framework-27" class="modalbutton btn-default deepwhite submit">...</button> is not clickable at point (1106, 495). Other element would receive the click: <ngb-modal-window role="dialog" tabindex="-1" aria-modal="true" class="d-block modal myCustomModalClass fade show">...</ngb-modal-window>
  (Session info: chrome=138.0.7204.51)
Build info: version: '4.17.0', revision: 'e52b1be057*'
System info: os.name: 'Windows 11', os.arch: 'amd64', os.version: '10.0', java.version: '17.0.6'
Driver info: org.openqa.selenium.chrome.ChromeDriver
Command: [4d3dce6a50da111fc1be6c21421a7790, clickElement {id=f.3DABC0E2C13CBA2D1ED2BD0445439948.d.77B22B70C00F602AB8F91C10B02AB7AA.e.123}]
Capabilities {acceptInsecureCerts: false, browserName: chrome, browserVersion: 138.0.7204.51, chrome: {chromedriverVersion: 138.0.7204.49 (d2b48fd5f781..., userDataDir: C:\Users\NIRANJ~1\AppData\L...}, fedcm:accounts: true, goog:chromeOptions: {debuggerAddress: localhost:53241}, networkConnectionEnabled: false, pageLoadStrategy: normal, platformName: windows, proxy: Proxy(), se:cdp: ws://localhost:53241/devtoo..., se:cdpVersion: 138.0.7204.51, setWindowRect: true, strictFileInteractability: false, timeouts: {implicit: 0, pageLoad: 300000, script: 30000}, unhandledPromptBehavior: dismiss and notify, webauthn:extension:credBlob: true, webauthn:extension:largeBlob: true, webauthn:extension:minPinLength: true, webauthn:extension:prf: true, webauthn:virtualAuthenticators: true}
Element: [[ChromeDriver: chrome on windows (4d3dce6a50da111fc1be6c21421a7790)] -> css selector: [data-automation-id='framework-27']]
Session ID: 4d3dce6a50da111fc1be6c21421a7790
[INFO ] 2025-07-04 15:21:31.278 [main] TPTrac - Add button clicked using JavaScript.
[INFO ] 2025-07-04 15:24:29.237 [main] TPTrac - URL opened
[INFO ] 2025-07-04 15:24:36.825 [main] TPTrac - Click on vendor menu
[INFO ] 2025-07-04 15:24:37.417 [main] TPTrac - Click on vendor category management 
[INFO ] 2025-07-04 15:24:37.775 [main] TPTrac - Click on add new vendor category management 
[INFO ] 2025-07-04 15:24:38.884 [main] TPTrac - entered vendor category name 
[INFO ] 2025-07-04 15:24:38.953 [main] TPTrac - entered vendor category code 
[INFO ] 2025-07-04 15:24:39.011 [main] TPTrac - Added a new vendor category management successfully 
[INFO ] 2025-07-04 15:25:19.279 [main] TPTrac - Upload a file successfully
[INFO ] 2025-07-04 15:26:56.840 [main] TPTrac - URL opened
[INFO ] 2025-07-04 15:27:06.768 [main] TPTrac - Framework Menu Clicked
[INFO ] 2025-07-04 15:27:07.194 [main] TPTrac - Clicked Add Framework button
[INFO ] 2025-07-04 15:27:08.434 [main] TPTrac - Entered Framework Name
[INFO ] 2025-07-04 15:27:08.580 [main] TPTrac - Entered Descriptions
[INFO ] 2025-07-04 15:27:08.816 [main] TPTrac - Entered Hiearchy Level
[INFO ] 2025-07-04 15:27:09.085 [main] TPTrac - Add button clicked successfully.
[ERROR] 2025-07-04 15:27:10.277 [main] TPTrac - Standard click failed: element click intercepted: Element <button _ngcontent-xht-c151="" type="submit" data-automation-id="framework-27" class="modalbutton btn-default deepwhite submit">...</button> is not clickable at point (1106, 495). Other element would receive the click: <ngb-modal-window role="dialog" tabindex="-1" aria-modal="true" class="d-block modal myCustomModalClass fade show">...</ngb-modal-window>
  (Session info: chrome=138.0.7204.51)
Build info: version: '4.17.0', revision: 'e52b1be057*'
System info: os.name: 'Windows 11', os.arch: 'amd64', os.version: '10.0', java.version: '17.0.6'
Driver info: org.openqa.selenium.chrome.ChromeDriver
Command: [db03f21641bb1a7378b752daa73d6990, clickElement {id=f.8381BB2A349CBE8DD105758DF1E147B0.d.6526FEB38CCFFE46F4FD0657972A3CBB.e.122}]
Capabilities {acceptInsecureCerts: false, browserName: chrome, browserVersion: 138.0.7204.51, chrome: {chromedriverVersion: 138.0.7204.49 (d2b48fd5f781..., userDataDir: C:\Users\NIRANJ~1\AppData\L...}, fedcm:accounts: true, goog:chromeOptions: {debuggerAddress: localhost:53318}, networkConnectionEnabled: false, pageLoadStrategy: normal, platformName: windows, proxy: Proxy(), se:cdp: ws://localhost:53318/devtoo..., se:cdpVersion: 138.0.7204.51, setWindowRect: true, strictFileInteractability: false, timeouts: {implicit: 0, pageLoad: 300000, script: 30000}, unhandledPromptBehavior: dismiss and notify, webauthn:extension:credBlob: true, webauthn:extension:largeBlob: true, webauthn:extension:minPinLength: true, webauthn:extension:prf: true, webauthn:virtualAuthenticators: true}
Element: [[ChromeDriver: chrome on windows (db03f21641bb1a7378b752daa73d6990)] -> css selector: [data-automation-id='framework-27']]
Session ID: db03f21641bb1a7378b752daa73d6990
[INFO ] 2025-07-04 15:27:10.316 [main] TPTrac - Add button clicked using JavaScript.
[INFO ] 2025-07-04 15:30:08.926 [main] TPTrac - URL opened
[INFO ] 2025-07-04 15:30:16.807 [main] TPTrac - Click on vendor menu
[INFO ] 2025-07-04 15:30:17.472 [main] TPTrac - Click on vendor category management 
[INFO ] 2025-07-04 15:30:17.889 [main] TPTrac - Click on add new vendor category management 
[INFO ] 2025-07-04 15:30:19.061 [main] TPTrac - entered vendor category name 
[INFO ] 2025-07-04 15:30:19.209 [main] TPTrac - entered vendor category code 
[INFO ] 2025-07-04 15:30:19.333 [main] TPTrac - Added a new vendor category management successfully 
[INFO ] 2025-07-04 15:31:02.124 [main] TPTrac - Upload a file successfully
[INFO ] 2025-07-04 15:31:05.215 [main] TPTrac - Clicked ok on alert popup
[INFO ] 2025-07-04 15:41:34.530 [main] TPTrac - URL opened
[INFO ] 2025-07-04 15:41:42.090 [main] TPTrac - select user tab
[INFO ] 2025-07-04 15:41:42.684 [main] TPTrac - open vendor user management tab
[INFO ] 2025-07-04 15:41:43.140 [main] TPTrac - open vendor user page
[INFO ] 2025-07-04 15:41:45.240 [main] TPTrac - Read vendor category from the excel successfully
[INFO ] 2025-07-04 15:41:45.541 [main] TPTrac - Read vendor name from the excel successfully
[INFO ] 2025-07-04 15:41:45.823 [main] TPTrac - Read vendor user id from the excel successfully
[INFO ] 2025-07-04 15:41:46.141 [main] TPTrac - Read vendor contact from the excel successfully
[INFO ] 2025-07-04 15:41:46.342 [main] TPTrac - Read first name from the excel successfully
[INFO ] 2025-07-04 15:41:46.558 [main] TPTrac - Read last name from the excel successfully
[INFO ] 2025-07-04 15:41:46.798 [main] TPTrac - Read email from the excel successfully
[INFO ] 2025-07-04 15:41:49.437 [main] TPTrac - Select Vendor category 
[INFO ] 2025-07-04 15:41:51.747 [main] TPTrac - Select Vendor Name 
[INFO ] 2025-07-04 15:41:52.100 [main] TPTrac - Read contact number from the excel 
[INFO ] 2025-07-04 15:41:52.896 [main] TPTrac - Entered Vendor Contact Number 
[INFO ] 2025-07-04 15:41:53.244 [main] TPTrac - Search user field is clickable
[INFO ] 2025-07-04 15:41:53.339 [main] TPTrac - Sent keys to search user using JavaScript
[INFO ] 2025-07-04 15:41:53.339 [main] TPTrac - Click on Add button successfully 
[INFO ] 2025-07-04 15:41:53.426 [main] TPTrac - Verified added vendor user successfully 
[INFO ] 2025-07-04 15:41:56.684 [main] TPTrac - User menu selected 
[INFO ] 2025-07-04 15:41:57.180 [main] TPTrac - Vendor User Management clicked 
[INFO ] 2025-07-04 15:42:23.412 [main] TPTrac - clearing the data
[INFO ] 2025-07-04 15:42:23.604 [main] TPTrac - updated first name 
[INFO ] 2025-07-04 15:42:23.780 [main] TPTrac - clearing the data
[INFO ] 2025-07-04 15:42:23.998 [main] TPTrac - Updated last name
[INFO ] 2025-07-04 15:42:24.197 [main] TPTrac - clearing the data
[INFO ] 2025-07-04 15:42:24.397 [main] TPTrac - entered new emailid
[INFO ] 2025-07-04 15:42:24.558 [main] TPTrac - Click on Save
[INFO ] 2025-07-04 15:42:24.978 [main] TPTrac - Verified updated vendor user successfully 
[INFO ] 2025-07-04 15:42:45.005 [main] TPTrac - Verfied successfully
[INFO ] 2025-07-04 15:42:48.108 [main] TPTrac - select user tab
[INFO ] 2025-07-04 15:42:48.571 [main] TPTrac - open vendor user management tab
[INFO ] 2025-07-04 15:42:49.051 [main] TPTrac - open vendor user page
[INFO ] 2025-07-04 15:42:49.107 [main] TPTrac - Read vendor category from the excel successfully
[INFO ] 2025-07-04 15:42:49.149 [main] TPTrac - Read vendor name from the excel successfully
[INFO ] 2025-07-04 15:42:49.179 [main] TPTrac - Read vendor user id from the excel successfully
[INFO ] 2025-07-04 15:42:49.215 [main] TPTrac - Read vendor contact from the excel successfully
[INFO ] 2025-07-04 15:42:49.258 [main] TPTrac - Read first name from the excel successfully
[INFO ] 2025-07-04 15:42:49.290 [main] TPTrac - Read last name from the excel successfully
[INFO ] 2025-07-04 15:42:49.312 [main] TPTrac - Read email from the excel successfully
[INFO ] 2025-07-04 15:42:51.539 [main] TPTrac - Select Vendor category 
[INFO ] 2025-07-04 15:53:11.647 [main] TPTrac - URL opened
[INFO ] 2025-07-04 15:53:19.334 [main] TPTrac - select user tab
[INFO ] 2025-07-04 15:53:19.902 [main] TPTrac - open vendor user management tab
[INFO ] 2025-07-04 15:53:20.287 [main] TPTrac - open vendor user page
[INFO ] 2025-07-04 15:53:22.663 [main] TPTrac - Read vendor category from the excel successfully
[INFO ] 2025-07-04 15:53:22.965 [main] TPTrac - Read vendor name from the excel successfully
[INFO ] 2025-07-04 15:53:23.302 [main] TPTrac - Read vendor user id from the excel successfully
[INFO ] 2025-07-04 15:53:23.603 [main] TPTrac - Read vendor contact from the excel successfully
[INFO ] 2025-07-04 15:53:23.806 [main] TPTrac - Read first name from the excel successfully
[INFO ] 2025-07-04 15:53:23.969 [main] TPTrac - Read last name from the excel successfully
[INFO ] 2025-07-04 15:53:24.107 [main] TPTrac - Read email from the excel successfully
[INFO ] 2025-07-04 15:53:26.553 [main] TPTrac - Select Vendor category 
[INFO ] 2025-07-04 15:53:28.824 [main] TPTrac - Select Vendor Name 
[INFO ] 2025-07-04 15:53:29.131 [main] TPTrac - Read contact number from the excel 
[INFO ] 2025-07-04 15:53:29.844 [main] TPTrac - Entered Vendor Contact Number 
[INFO ] 2025-07-04 15:53:30.091 [main] TPTrac - Search user field is clickable
[INFO ] 2025-07-04 15:53:30.166 [main] TPTrac - Sent keys to search user using JavaScript
[INFO ] 2025-07-04 15:53:30.166 [main] TPTrac - Click on Add button successfully 
[INFO ] 2025-07-04 15:53:30.317 [main] TPTrac - Verified added vendor user successfully 
[INFO ] 2025-07-04 15:53:33.557 [main] TPTrac - User menu selected 
[INFO ] 2025-07-04 15:53:34.105 [main] TPTrac - Vendor User Management clicked 
[INFO ] 2025-07-04 15:54:00.273 [main] TPTrac - clearing the data
[INFO ] 2025-07-04 15:54:00.465 [main] TPTrac - updated first name 
[INFO ] 2025-07-04 15:54:00.601 [main] TPTrac - clearing the data
[INFO ] 2025-07-04 15:54:00.781 [main] TPTrac - Updated last name
[INFO ] 2025-07-04 15:54:00.935 [main] TPTrac - clearing the data
[INFO ] 2025-07-04 15:54:01.146 [main] TPTrac - entered new emailid
[INFO ] 2025-07-04 15:54:01.404 [main] TPTrac - Click on Save
[INFO ] 2025-07-04 15:54:01.607 [main] TPTrac - Verified updated vendor user successfully 
[INFO ] 2025-07-04 15:54:21.890 [main] TPTrac - Verfied successfully
[INFO ] 2025-07-04 15:54:25.066 [main] TPTrac - select user tab
[INFO ] 2025-07-04 15:54:25.571 [main] TPTrac - open vendor user management tab
[INFO ] 2025-07-04 15:54:26.099 [main] TPTrac - open vendor user page
[INFO ] 2025-07-04 15:54:26.336 [main] TPTrac - Read vendor category from the excel successfully
[INFO ] 2025-07-04 15:54:26.491 [main] TPTrac - Read vendor name from the excel successfully
[INFO ] 2025-07-04 15:54:26.619 [main] TPTrac - Read vendor user id from the excel successfully
[INFO ] 2025-07-04 15:54:26.734 [main] TPTrac - Read vendor contact from the excel successfully
[INFO ] 2025-07-04 15:54:26.830 [main] TPTrac - Read first name from the excel successfully
[INFO ] 2025-07-04 15:54:26.990 [main] TPTrac - Read last name from the excel successfully
[INFO ] 2025-07-04 15:54:27.117 [main] TPTrac - Read email from the excel successfully
[INFO ] 2025-07-04 15:54:29.573 [main] TPTrac - Select Vendor category 
[INFO ] 2025-07-04 15:56:45.024 [main] TPTrac - URL opened
[INFO ] 2025-07-04 15:56:52.619 [main] TPTrac - select user tab
[INFO ] 2025-07-04 15:56:53.231 [main] TPTrac - open vendor user management tab
[INFO ] 2025-07-04 15:56:53.631 [main] TPTrac - open vendor user page
[INFO ] 2025-07-04 15:56:55.691 [main] TPTrac - Read vendor category from the excel successfully
[INFO ] 2025-07-04 15:56:56.008 [main] TPTrac - Read vendor name from the excel successfully
[INFO ] 2025-07-04 15:56:56.326 [main] TPTrac - Read vendor user id from the excel successfully
[INFO ] 2025-07-04 15:56:56.707 [main] TPTrac - Read vendor contact from the excel successfully
[INFO ] 2025-07-04 15:56:57.078 [main] TPTrac - Read first name from the excel successfully
[INFO ] 2025-07-04 15:56:57.249 [main] TPTrac - Read last name from the excel successfully
[INFO ] 2025-07-04 15:56:57.489 [main] TPTrac - Read email from the excel successfully
[INFO ] 2025-07-04 15:57:00.165 [main] TPTrac - Select Vendor category 
[INFO ] 2025-07-04 15:57:02.443 [main] TPTrac - Select Vendor Name 
[INFO ] 2025-07-04 15:57:02.758 [main] TPTrac - Read contact number from the excel 
[INFO ] 2025-07-04 15:57:03.589 [main] TPTrac - Entered Vendor Contact Number 
[INFO ] 2025-07-04 15:57:03.840 [main] TPTrac - Search user field is clickable
[INFO ] 2025-07-04 15:57:03.927 [main] TPTrac - Sent keys to search user using JavaScript
[INFO ] 2025-07-04 15:57:03.927 [main] TPTrac - Click on Add button successfully 
[INFO ] 2025-07-04 15:57:03.994 [main] TPTrac - Verified added vendor user successfully 
[INFO ] 2025-07-04 15:57:07.155 [main] TPTrac - User menu selected 
[INFO ] 2025-07-04 15:57:07.689 [main] TPTrac - Vendor User Management clicked 
[INFO ] 2025-07-04 15:57:34.212 [main] TPTrac - clearing the data
[INFO ] 2025-07-04 15:57:34.401 [main] TPTrac - updated first name 
[INFO ] 2025-07-04 15:57:34.541 [main] TPTrac - clearing the data
[INFO ] 2025-07-04 15:57:34.754 [main] TPTrac - Updated last name
[INFO ] 2025-07-04 15:57:34.926 [main] TPTrac - clearing the data
[INFO ] 2025-07-04 15:57:35.146 [main] TPTrac - entered new emailid
[INFO ] 2025-07-04 15:57:35.282 [main] TPTrac - Click on Save
[INFO ] 2025-07-04 15:57:35.573 [main] TPTrac - Verified updated vendor user successfully 
[INFO ] 2025-07-04 15:57:55.762 [main] TPTrac - Verfied successfully
[INFO ] 2025-07-04 15:57:58.905 [main] TPTrac - select user tab
[INFO ] 2025-07-04 15:57:59.419 [main] TPTrac - open vendor user management tab
[INFO ] 2025-07-04 15:57:59.898 [main] TPTrac - open vendor user page
[INFO ] 2025-07-04 15:58:00.033 [main] TPTrac - Read vendor category from the excel successfully
[INFO ] 2025-07-04 15:58:00.152 [main] TPTrac - Read vendor name from the excel successfully
[INFO ] 2025-07-04 15:58:00.257 [main] TPTrac - Read vendor user id from the excel successfully
[INFO ] 2025-07-04 15:58:00.372 [main] TPTrac - Read vendor contact from the excel successfully
[INFO ] 2025-07-04 15:58:00.468 [main] TPTrac - Read first name from the excel successfully
[INFO ] 2025-07-04 15:58:00.636 [main] TPTrac - Read last name from the excel successfully
[INFO ] 2025-07-04 15:58:00.738 [main] TPTrac - Read email from the excel successfully
[INFO ] 2025-07-04 15:58:03.036 [main] TPTrac - Select Vendor category 
[INFO ] 2025-07-04 15:58:05.356 [main] TPTrac - Select Vendor Name 
[INFO ] 2025-07-04 15:58:05.532 [main] TPTrac - Read contact number from the excel 
[INFO ] 2025-07-04 15:58:06.150 [main] TPTrac - Entered Vendor Contact Number 
[INFO ] 2025-07-04 15:58:29.747 [main] TPTrac - Verified successfully
[INFO ] 2025-07-04 15:58:36.913 [main] TPTrac - select user tab
[INFO ] 2025-07-04 15:58:40.995 [main] TPTrac - open vendor user management tab
[INFO ] 2025-07-04 15:59:00.633 [main] TPTrac - select user tab
[INFO ] 2025-07-04 15:59:01.183 [main] TPTrac - open vendor user management tab
[INFO ] 2025-07-04 16:09:00.451 [main] TPTrac - URL opened
[INFO ] 2025-07-04 16:09:08.030 [main] TPTrac - select user tab
[INFO ] 2025-07-04 16:09:08.635 [main] TPTrac - open vendor user management tab
[INFO ] 2025-07-04 16:09:09.087 [main] TPTrac - open vendor user page
[INFO ] 2025-07-04 16:09:10.878 [main] TPTrac - Read vendor category from the excel successfully
[INFO ] 2025-07-04 16:09:11.216 [main] TPTrac - Read vendor name from the excel successfully
[INFO ] 2025-07-04 16:09:11.449 [main] TPTrac - Read vendor user id from the excel successfully
[INFO ] 2025-07-04 16:09:11.662 [main] TPTrac - Read vendor contact from the excel successfully
[INFO ] 2025-07-04 16:09:12.116 [main] TPTrac - Read first name from the excel successfully
[INFO ] 2025-07-04 16:09:12.514 [main] TPTrac - Read last name from the excel successfully
[INFO ] 2025-07-04 16:09:12.753 [main] TPTrac - Read email from the excel successfully
[INFO ] 2025-07-04 16:09:15.321 [main] TPTrac - Select Vendor category 
[INFO ] 2025-07-04 16:09:17.575 [main] TPTrac - Select Vendor Name 
[INFO ] 2025-07-04 16:09:17.925 [main] TPTrac - Read contact number from the excel 
[INFO ] 2025-07-04 16:09:18.722 [main] TPTrac - Entered Vendor Contact Number 
[INFO ] 2025-07-04 16:09:18.970 [main] TPTrac - Search user field is clickable
[INFO ] 2025-07-04 16:09:19.051 [main] TPTrac - Sent keys to search user using JavaScript
[INFO ] 2025-07-04 16:09:19.051 [main] TPTrac - Click on Add button successfully 
[INFO ] 2025-07-04 16:09:19.119 [main] TPTrac - Verified added vendor user successfully 
[INFO ] 2025-07-04 16:09:22.279 [main] TPTrac - User menu selected 
[INFO ] 2025-07-04 16:09:22.757 [main] TPTrac - Vendor User Management clicked 
[INFO ] 2025-07-04 16:09:48.764 [main] TPTrac - clearing the data
[INFO ] 2025-07-04 16:09:48.948 [main] TPTrac - updated first name 
[INFO ] 2025-07-04 16:09:49.111 [main] TPTrac - clearing the data
[INFO ] 2025-07-04 16:09:49.300 [main] TPTrac - Updated last name
[INFO ] 2025-07-04 16:09:49.479 [main] TPTrac - clearing the data
[INFO ] 2025-07-04 16:09:49.686 [main] TPTrac - entered new emailid
[INFO ] 2025-07-04 16:09:49.890 [main] TPTrac - Click on Save
[INFO ] 2025-07-04 16:09:50.285 [main] TPTrac - Verified updated vendor user successfully 
[INFO ] 2025-07-04 16:10:10.687 [main] TPTrac - Verfied successfully
[INFO ] 2025-07-04 16:10:13.811 [main] TPTrac - select user tab
[INFO ] 2025-07-04 16:10:14.316 [main] TPTrac - open vendor user management tab
[INFO ] 2025-07-04 16:10:14.869 [main] TPTrac - open vendor user page
[INFO ] 2025-07-04 16:10:15.032 [main] TPTrac - Read vendor category from the excel successfully
[INFO ] 2025-07-04 16:10:15.153 [main] TPTrac - Read vendor name from the excel successfully
[INFO ] 2025-07-04 16:10:15.270 [main] TPTrac - Read vendor user id from the excel successfully
[INFO ] 2025-07-04 16:10:15.428 [main] TPTrac - Read vendor contact from the excel successfully
[INFO ] 2025-07-04 16:10:15.588 [main] TPTrac - Read first name from the excel successfully
[INFO ] 2025-07-04 16:10:15.704 [main] TPTrac - Read last name from the excel successfully
[INFO ] 2025-07-04 16:10:15.811 [main] TPTrac - Read email from the excel successfully
[INFO ] 2025-07-04 16:10:18.151 [main] TPTrac - Select Vendor category 
[INFO ] 2025-07-04 16:10:20.484 [main] TPTrac - Select Vendor Name 
[INFO ] 2025-07-04 16:10:20.653 [main] TPTrac - Read contact number from the excel 
[INFO ] 2025-07-04 16:10:21.243 [main] TPTrac - Entered Vendor Contact Number 
[INFO ] 2025-07-04 16:10:44.738 [main] TPTrac - Verified successfully
[INFO ] 2025-07-04 16:10:51.881 [main] TPTrac - select user tab
[INFO ] 2025-07-04 16:10:56.017 [main] TPTrac - open vendor user management tab
[INFO ] 2025-07-04 16:11:14.832 [main] TPTrac - Get invalid data
[INFO ] 2025-07-04 16:11:27.069 [main] TPTrac - User activate successfully
[INFO ] 2025-07-04 16:11:30.223 [main] TPTrac - select user tab
[INFO ] 2025-07-04 16:11:30.763 [main] TPTrac - open vendor user management tab
[INFO ] 2025-07-04 16:15:56.843 [main] TPTrac - URL opened
[INFO ] 2025-07-04 16:16:04.428 [main] TPTrac - select user tab
[INFO ] 2025-07-04 16:16:05.032 [main] TPTrac - open vendor user management tab
[INFO ] 2025-07-04 16:16:05.438 [main] TPTrac - open vendor user page
[INFO ] 2025-07-04 16:16:07.513 [main] TPTrac - Read vendor category from the excel successfully
[INFO ] 2025-07-04 16:16:07.812 [main] TPTrac - Read vendor name from the excel successfully
[INFO ] 2025-07-04 16:16:08.087 [main] TPTrac - Read vendor user id from the excel successfully
[INFO ] 2025-07-04 16:16:08.338 [main] TPTrac - Read vendor contact from the excel successfully
[INFO ] 2025-07-04 16:16:08.689 [main] TPTrac - Read first name from the excel successfully
[INFO ] 2025-07-04 16:16:09.119 [main] TPTrac - Read last name from the excel successfully
[INFO ] 2025-07-04 16:16:09.646 [main] TPTrac - Read email from the excel successfully
[INFO ] 2025-07-04 16:16:12.270 [main] TPTrac - Select Vendor category 
[INFO ] 2025-07-04 16:16:14.543 [main] TPTrac - Select Vendor Name 
[INFO ] 2025-07-04 16:16:14.885 [main] TPTrac - Read contact number from the excel 
[INFO ] 2025-07-04 16:16:15.703 [main] TPTrac - Entered Vendor Contact Number 
[INFO ] 2025-07-04 16:16:16.051 [main] TPTrac - Search user field is clickable
[INFO ] 2025-07-04 16:16:16.142 [main] TPTrac - Sent keys to search user using JavaScript
[INFO ] 2025-07-04 16:16:16.142 [main] TPTrac - Click on Add button successfully 
[INFO ] 2025-07-04 16:16:16.202 [main] TPTrac - Verified added vendor user successfully 
[INFO ] 2025-07-04 16:16:19.400 [main] TPTrac - User menu selected 
[INFO ] 2025-07-04 16:16:19.932 [main] TPTrac - Vendor User Management clicked 
[INFO ] 2025-07-04 16:16:45.846 [main] TPTrac - clearing the data
[INFO ] 2025-07-04 16:16:46.008 [main] TPTrac - updated first name 
[INFO ] 2025-07-04 16:16:46.217 [main] TPTrac - clearing the data
[INFO ] 2025-07-04 16:16:46.434 [main] TPTrac - Updated last name
[INFO ] 2025-07-04 16:16:46.584 [main] TPTrac - clearing the data
[INFO ] 2025-07-04 16:16:46.757 [main] TPTrac - entered new emailid
[INFO ] 2025-07-04 16:16:46.944 [main] TPTrac - Click on Save
[INFO ] 2025-07-04 16:16:47.177 [main] TPTrac - Verified updated vendor user successfully 
[INFO ] 2025-07-04 16:17:07.418 [main] TPTrac - Verfied successfully
[INFO ] 2025-07-04 16:17:10.587 [main] TPTrac - select user tab
[INFO ] 2025-07-04 16:17:11.034 [main] TPTrac - open vendor user management tab
[INFO ] 2025-07-04 16:17:11.528 [main] TPTrac - open vendor user page
[INFO ] 2025-07-04 16:17:11.674 [main] TPTrac - Read vendor category from the excel successfully
[INFO ] 2025-07-04 16:17:11.799 [main] TPTrac - Read vendor name from the excel successfully
[INFO ] 2025-07-04 16:17:12.016 [main] TPTrac - Read vendor user id from the excel successfully
[INFO ] 2025-07-04 16:17:12.120 [main] TPTrac - Read vendor contact from the excel successfully
[INFO ] 2025-07-04 16:17:12.251 [main] TPTrac - Read first name from the excel successfully
[INFO ] 2025-07-04 16:17:12.375 [main] TPTrac - Read last name from the excel successfully
[INFO ] 2025-07-04 16:17:12.479 [main] TPTrac - Read email from the excel successfully
[INFO ] 2025-07-04 16:17:14.883 [main] TPTrac - Select Vendor category 
[INFO ] 2025-07-04 16:17:17.234 [main] TPTrac - Select Vendor Name 
[INFO ] 2025-07-04 16:17:17.402 [main] TPTrac - Read contact number from the excel 
[INFO ] 2025-07-04 16:17:18.108 [main] TPTrac - Entered Vendor Contact Number 
[INFO ] 2025-07-04 16:17:41.785 [main] TPTrac - Verified successfully
[INFO ] 2025-07-04 16:17:48.896 [main] TPTrac - select user tab
[INFO ] 2025-07-04 16:17:52.994 [main] TPTrac - open vendor user management tab
[INFO ] 2025-07-04 16:18:12.477 [main] TPTrac - select user tab
[INFO ] 2025-07-04 16:18:13.026 [main] TPTrac - open vendor user management tab
[INFO ] 2025-07-04 16:20:09.650 [main] TPTrac - URL opened
[INFO ] 2025-07-04 16:20:17.250 [main] TPTrac - select user tab
[INFO ] 2025-07-04 16:20:17.873 [main] TPTrac - open vendor user management tab
[INFO ] 2025-07-04 16:20:18.314 [main] TPTrac - open vendor user page
[INFO ] 2025-07-04 16:20:20.465 [main] TPTrac - Read vendor category from the excel successfully
[INFO ] 2025-07-04 16:20:20.817 [main] TPTrac - Read vendor name from the excel successfully
[INFO ] 2025-07-04 16:20:21.104 [main] TPTrac - Read vendor user id from the excel successfully
[INFO ] 2025-07-04 16:20:21.422 [main] TPTrac - Read vendor contact from the excel successfully
[INFO ] 2025-07-04 16:20:21.870 [main] TPTrac - Read first name from the excel successfully
[INFO ] 2025-07-04 16:20:22.186 [main] TPTrac - Read last name from the excel successfully
[INFO ] 2025-07-04 16:20:22.537 [main] TPTrac - Read email from the excel successfully
[INFO ] 2025-07-04 16:20:25.166 [main] TPTrac - Select Vendor category 
[INFO ] 2025-07-04 16:20:27.456 [main] TPTrac - Select Vendor Name 
[INFO ] 2025-07-04 16:20:27.774 [main] TPTrac - Read contact number from the excel 
[INFO ] 2025-07-04 16:20:28.671 [main] TPTrac - Entered Vendor Contact Number 
[INFO ] 2025-07-04 16:20:28.950 [main] TPTrac - Search user field is clickable
[INFO ] 2025-07-04 16:20:29.051 [main] TPTrac - Sent keys to search user using JavaScript
[INFO ] 2025-07-04 16:20:29.051 [main] TPTrac - Click on Add button successfully 
[INFO ] 2025-07-04 16:20:29.120 [main] TPTrac - Verified added vendor user successfully 
[INFO ] 2025-07-04 16:20:32.278 [main] TPTrac - User menu selected 
[INFO ] 2025-07-04 16:20:32.803 [main] TPTrac - Vendor User Management clicked 
[INFO ] 2025-07-04 16:20:58.775 [main] TPTrac - clearing the data
[INFO ] 2025-07-04 16:20:58.940 [main] TPTrac - updated first name 
[INFO ] 2025-07-04 16:20:59.086 [main] TPTrac - clearing the data
[INFO ] 2025-07-04 16:20:59.314 [main] TPTrac - Updated last name
[INFO ] 2025-07-04 16:20:59.483 [main] TPTrac - clearing the data
[INFO ] 2025-07-04 16:20:59.671 [main] TPTrac - entered new emailid
[INFO ] 2025-07-04 16:20:59.861 [main] TPTrac - Click on Save
[INFO ] 2025-07-04 16:21:00.173 [main] TPTrac - Verified updated vendor user successfully 
[INFO ] 2025-07-04 16:21:20.221 [main] TPTrac - Verfied successfully
[INFO ] 2025-07-04 16:21:23.387 [main] TPTrac - select user tab
[INFO ] 2025-07-04 16:21:23.841 [main] TPTrac - open vendor user management tab
[INFO ] 2025-07-04 16:21:24.399 [main] TPTrac - open vendor user page
[INFO ] 2025-07-04 16:21:24.536 [main] TPTrac - Read vendor category from the excel successfully
[INFO ] 2025-07-04 16:21:24.660 [main] TPTrac - Read vendor name from the excel successfully
[INFO ] 2025-07-04 16:21:24.828 [main] TPTrac - Read vendor user id from the excel successfully
[INFO ] 2025-07-04 16:21:24.946 [main] TPTrac - Read vendor contact from the excel successfully
[INFO ] 2025-07-04 16:21:25.042 [main] TPTrac - Read first name from the excel successfully
[INFO ] 2025-07-04 16:21:25.217 [main] TPTrac - Read last name from the excel successfully
[INFO ] 2025-07-04 16:21:25.361 [main] TPTrac - Read email from the excel successfully
[INFO ] 2025-07-04 16:21:27.649 [main] TPTrac - Select Vendor category 
[INFO ] 2025-07-04 16:21:29.952 [main] TPTrac - Select Vendor Name 
[INFO ] 2025-07-04 16:21:30.114 [main] TPTrac - Read contact number from the excel 
[INFO ] 2025-07-04 16:21:30.740 [main] TPTrac - Entered Vendor Contact Number 
[INFO ] 2025-07-04 16:21:54.364 [main] TPTrac - Verified successfully
[INFO ] 2025-07-04 16:22:01.516 [main] TPTrac - select user tab
[INFO ] 2025-07-04 16:22:05.646 [main] TPTrac - open vendor user management tab
[INFO ] 2025-07-04 16:22:24.381 [main] TPTrac - Get invalid data
[INFO ] 2025-07-04 16:22:36.622 [main] TPTrac - User activate successfully
[INFO ] 2025-07-04 16:22:39.741 [main] TPTrac - select user tab
[INFO ] 2025-07-04 16:22:40.259 [main] TPTrac - open vendor user management tab
[INFO ] 2025-07-04 16:25:20.218 [main] TPTrac - URL opened
[INFO ] 2025-07-04 16:25:28.040 [main] TPTrac - select user tab
[INFO ] 2025-07-04 16:25:28.638 [main] TPTrac - open vendor user management tab
[INFO ] 2025-07-04 16:25:29.076 [main] TPTrac - open vendor user page
[INFO ] 2025-07-04 16:25:31.255 [main] TPTrac - Read vendor category from the excel successfully
[INFO ] 2025-07-04 16:25:31.858 [main] TPTrac - Read vendor name from the excel successfully
[INFO ] 2025-07-04 16:25:32.319 [main] TPTrac - Read vendor user id from the excel successfully
[INFO ] 2025-07-04 16:25:32.636 [main] TPTrac - Read vendor contact from the excel successfully
[INFO ] 2025-07-04 16:25:32.879 [main] TPTrac - Read first name from the excel successfully
[INFO ] 2025-07-04 16:25:33.016 [main] TPTrac - Read last name from the excel successfully
[INFO ] 2025-07-04 16:25:33.147 [main] TPTrac - Read email from the excel successfully
[INFO ] 2025-07-04 16:25:35.550 [main] TPTrac - Select Vendor category 
[INFO ] 2025-07-04 16:27:57.327 [main] TPTrac - URL opened
[INFO ] 2025-07-04 16:28:07.686 [main] TPTrac - Framework Menu Clicked
[INFO ] 2025-07-04 16:28:08.219 [main] TPTrac - Clicked Add Framework button
[INFO ] 2025-07-04 16:28:09.480 [main] TPTrac - Entered Framework Name
[INFO ] 2025-07-04 16:28:09.631 [main] TPTrac - Entered Descriptions
[INFO ] 2025-07-04 16:28:09.869 [main] TPTrac - Entered Hiearchy Level
[INFO ] 2025-07-04 16:28:10.140 [main] TPTrac - Add button clicked successfully.
[ERROR] 2025-07-04 16:28:11.350 [main] TPTrac - Standard click failed: element click intercepted: Element <button _ngcontent-sjx-c151="" type="submit" data-automation-id="framework-27" class="modalbutton btn-default deepwhite submit">...</button> is not clickable at point (1106, 486). Other element would receive the click: <ngb-modal-window role="dialog" tabindex="-1" aria-modal="true" class="d-block modal myCustomModalClass fade show">...</ngb-modal-window>
  (Session info: chrome=138.0.7204.51)
Build info: version: '4.17.0', revision: 'e52b1be057*'
System info: os.name: 'Windows 11', os.arch: 'amd64', os.version: '10.0', java.version: '17.0.6'
Driver info: org.openqa.selenium.chrome.ChromeDriver
Command: [6e3e140526409c8965b57c97eb864bcc, clickElement {id=f.A58286E539F8228AFA85188A92C86165.d.E8E49958E7F15D32F463B5B2C355EF65.e.124}]
Capabilities {acceptInsecureCerts: false, browserName: chrome, browserVersion: 138.0.7204.51, chrome: {chromedriverVersion: 138.0.7204.49 (d2b48fd5f781..., userDataDir: C:\Users\NIRANJ~1\AppData\L...}, fedcm:accounts: true, goog:chromeOptions: {debuggerAddress: localhost:54404}, networkConnectionEnabled: false, pageLoadStrategy: normal, platformName: windows, proxy: Proxy(), se:cdp: ws://localhost:54404/devtoo..., se:cdpVersion: 138.0.7204.51, setWindowRect: true, strictFileInteractability: false, timeouts: {implicit: 0, pageLoad: 300000, script: 30000}, unhandledPromptBehavior: dismiss and notify, webauthn:extension:credBlob: true, webauthn:extension:largeBlob: true, webauthn:extension:minPinLength: true, webauthn:extension:prf: true, webauthn:virtualAuthenticators: true}
Element: [[ChromeDriver: chrome on windows (6e3e140526409c8965b57c97eb864bcc)] -> css selector: [data-automation-id='framework-27']]
Session ID: 6e3e140526409c8965b57c97eb864bcc
[INFO ] 2025-07-04 16:28:11.441 [main] TPTrac - Add button clicked using JavaScript.
[INFO ] 2025-07-04 16:29:36.832 [main] TPTrac - URL opened
[INFO ] 2025-07-04 16:29:47.049 [main] TPTrac - Framework Menu Clicked
[INFO ] 2025-07-04 16:29:47.479 [main] TPTrac - Clicked Add Framework button
[INFO ] 2025-07-04 16:29:48.720 [main] TPTrac - Entered Framework Name
[INFO ] 2025-07-04 16:29:48.896 [main] TPTrac - Entered Descriptions
[INFO ] 2025-07-04 16:29:49.106 [main] TPTrac - Entered Hiearchy Level
[INFO ] 2025-07-04 16:29:49.475 [main] TPTrac - Add button clicked successfully.
[ERROR] 2025-07-04 16:29:50.640 [main] TPTrac - Standard click failed: element click intercepted: Element <button _ngcontent-mgr-c151="" type="submit" data-automation-id="framework-27" class="modalbutton btn-default deepwhite submit">...</button> is not clickable at point (1106, 495). Other element would receive the click: <ngb-modal-window role="dialog" tabindex="-1" aria-modal="true" class="d-block modal myCustomModalClass fade show">...</ngb-modal-window>
  (Session info: chrome=138.0.7204.51)
Build info: version: '4.17.0', revision: 'e52b1be057*'
System info: os.name: 'Windows 11', os.arch: 'amd64', os.version: '10.0', java.version: '17.0.6'
Driver info: org.openqa.selenium.chrome.ChromeDriver
Command: [ce74369ff1762e82b785a79c13b37fd2, clickElement {id=f.BAB8EF4093272B30DD5322368B890315.d.A901BBB8B66DD271E45207F5B6779348.e.125}]
Capabilities {acceptInsecureCerts: false, browserName: chrome, browserVersion: 138.0.7204.51, chrome: {chromedriverVersion: 138.0.7204.49 (d2b48fd5f781..., userDataDir: C:\Users\NIRANJ~1\AppData\L...}, fedcm:accounts: true, goog:chromeOptions: {debuggerAddress: localhost:54445}, networkConnectionEnabled: false, pageLoadStrategy: normal, platformName: windows, proxy: Proxy(), se:cdp: ws://localhost:54445/devtoo..., se:cdpVersion: 138.0.7204.51, setWindowRect: true, strictFileInteractability: false, timeouts: {implicit: 0, pageLoad: 300000, script: 30000}, unhandledPromptBehavior: dismiss and notify, webauthn:extension:credBlob: true, webauthn:extension:largeBlob: true, webauthn:extension:minPinLength: true, webauthn:extension:prf: true, webauthn:virtualAuthenticators: true}
Element: [[ChromeDriver: chrome on windows (ce74369ff1762e82b785a79c13b37fd2)] -> css selector: [data-automation-id='framework-27']]
Session ID: ce74369ff1762e82b785a79c13b37fd2
[INFO ] 2025-07-04 16:29:50.668 [main] TPTrac - Add button clicked using JavaScript.
[INFO ] 2025-07-04 16:32:49.891 [main] TPTrac - URL opened
[INFO ] 2025-07-04 16:32:57.480 [main] TPTrac - Click on vendor menu
[INFO ] 2025-07-04 16:32:58.047 [main] TPTrac - Click on vendor category management 
[INFO ] 2025-07-04 16:32:58.434 [main] TPTrac - Click on add new vendor category management 
[INFO ] 2025-07-04 16:32:59.528 [main] TPTrac - entered vendor category name 
[INFO ] 2025-07-04 16:32:59.612 [main] TPTrac - entered vendor category code 
[INFO ] 2025-07-04 16:32:59.661 [main] TPTrac - Added a new vendor category management successfully 
[INFO ] 2025-07-04 16:33:41.567 [main] TPTrac - Upload a file successfully
[INFO ] 2025-07-04 16:33:44.635 [main] TPTrac - Clicked ok on alert popup
[INFO ] 2025-07-04 16:34:16.233 [main] TPTrac - URL opened
[INFO ] 2025-07-04 16:34:23.742 [main] TPTrac - select user tab
[INFO ] 2025-07-04 16:34:24.378 [main] TPTrac - open vendor user management tab
[INFO ] 2025-07-04 16:34:24.752 [main] TPTrac - open vendor user page
[INFO ] 2025-07-04 16:34:24.785 [main] TPTrac - Read vendor category from the excel successfully
[INFO ] 2025-07-04 16:34:24.812 [main] TPTrac - Read vendor name from the excel successfully
[INFO ] 2025-07-04 16:34:24.843 [main] TPTrac - Read vendor user id from the excel successfully
[INFO ] 2025-07-04 16:34:24.862 [main] TPTrac - Read vendor contact from the excel successfully
[INFO ] 2025-07-04 16:34:24.888 [main] TPTrac - Read first name from the excel successfully
[INFO ] 2025-07-04 16:34:24.920 [main] TPTrac - Read last name from the excel successfully
[INFO ] 2025-07-04 16:34:24.970 [main] TPTrac - Read email from the excel successfully
[INFO ] 2025-07-04 16:34:27.244 [main] TPTrac - Select Vendor category 
[INFO ] 2025-07-04 16:34:29.432 [main] TPTrac - Select Vendor Name 
[INFO ] 2025-07-04 16:34:29.643 [main] TPTrac - Read contact number from the excel 
[INFO ] 2025-07-04 16:34:30.111 [main] TPTrac - Entered Vendor Contact Number 
[INFO ] 2025-07-04 16:34:30.258 [main] TPTrac - Search user field is clickable
[INFO ] 2025-07-04 16:34:30.314 [main] TPTrac - Sent keys to search user using JavaScript
[INFO ] 2025-07-04 16:34:30.314 [main] TPTrac - Click on Add button successfully 
[INFO ] 2025-07-04 16:34:43.644 [main] TPTrac - User menu selected 
[INFO ] 2025-07-04 16:34:44.137 [main] TPTrac - Vendor User Management clicked 
[INFO ] 2025-07-04 17:15:47.796 [main] TPTrac - URL opened
[INFO ] 2025-07-04 17:15:55.397 [main] TPTrac - select user tab
[INFO ] 2025-07-04 17:15:55.989 [main] TPTrac - open vendor user management tab
[INFO ] 2025-07-04 17:15:56.390 [main] TPTrac - open vendor user page
[INFO ] 2025-07-04 17:15:58.590 [main] TPTrac - Read vendor category from the excel successfully
[INFO ] 2025-07-04 17:15:58.892 [main] TPTrac - Read vendor name from the excel successfully
[INFO ] 2025-07-04 17:15:59.498 [main] TPTrac - Read vendor user id from the excel successfully
[INFO ] 2025-07-04 17:15:59.788 [main] TPTrac - Read vendor contact from the excel successfully
[INFO ] 2025-07-04 17:15:59.975 [main] TPTrac - Read first name from the excel successfully
[INFO ] 2025-07-04 17:16:00.166 [main] TPTrac - Read last name from the excel successfully
[INFO ] 2025-07-04 17:16:00.501 [main] TPTrac - Read email from the excel successfully
[INFO ] 2025-07-04 17:16:02.962 [main] TPTrac - Select Vendor category 
[INFO ] 2025-07-04 17:16:05.244 [main] TPTrac - Select Vendor Name 
[INFO ] 2025-07-04 17:16:05.508 [main] TPTrac - Read contact number from the excel 
[INFO ] 2025-07-04 17:16:06.341 [main] TPTrac - Entered Vendor Contact Number 
[INFO ] 2025-07-04 17:16:06.626 [main] TPTrac - Search user field is clickable
[INFO ] 2025-07-04 17:16:06.733 [main] TPTrac - Sent keys to search user using JavaScript
[INFO ] 2025-07-04 17:16:06.733 [main] TPTrac - Click on Add button successfully 
[INFO ] 2025-07-04 17:16:06.792 [main] TPTrac - Verified added vendor user successfully 
[INFO ] 2025-07-04 17:16:09.957 [main] TPTrac - User menu selected 
[INFO ] 2025-07-04 17:16:10.523 [main] TPTrac - Vendor User Management clicked 
[INFO ] 2025-07-04 17:16:36.398 [main] TPTrac - clearing the data
[INFO ] 2025-07-04 17:16:36.601 [main] TPTrac - updated first name 
[INFO ] 2025-07-04 17:16:36.764 [main] TPTrac - clearing the data
[INFO ] 2025-07-04 17:16:36.963 [main] TPTrac - Updated last name
[INFO ] 2025-07-04 17:16:37.075 [main] TPTrac - clearing the data
[INFO ] 2025-07-04 17:16:37.258 [main] TPTrac - entered new emailid
[INFO ] 2025-07-04 17:16:37.501 [main] TPTrac - Click on Save
[INFO ] 2025-07-04 17:16:37.689 [main] TPTrac - Verified updated vendor user successfully 
[INFO ] 2025-07-04 17:16:58.157 [main] TPTrac - Verfied successfully
[INFO ] 2025-07-04 17:17:01.300 [main] TPTrac - select user tab
[INFO ] 2025-07-04 17:17:01.804 [main] TPTrac - open vendor user management tab
[INFO ] 2025-07-04 17:17:02.334 [main] TPTrac - open vendor user page
[INFO ] 2025-07-04 17:17:02.581 [main] TPTrac - Read vendor category from the excel successfully
[INFO ] 2025-07-04 17:17:02.706 [main] TPTrac - Read vendor name from the excel successfully
[INFO ] 2025-07-04 17:17:02.860 [main] TPTrac - Read vendor user id from the excel successfully
[INFO ] 2025-07-04 17:17:02.996 [main] TPTrac - Read vendor contact from the excel successfully
[INFO ] 2025-07-04 17:17:03.107 [main] TPTrac - Read first name from the excel successfully
[INFO ] 2025-07-04 17:17:03.238 [main] TPTrac - Read last name from the excel successfully
[INFO ] 2025-07-04 17:17:03.362 [main] TPTrac - Read email from the excel successfully
[INFO ] 2025-07-04 17:17:05.724 [main] TPTrac - Select Vendor category 
[INFO ] 2025-07-04 17:17:08.056 [main] TPTrac - Select Vendor Name 
[INFO ] 2025-07-04 17:17:08.256 [main] TPTrac - Read contact number from the excel 
[INFO ] 2025-07-04 17:17:08.898 [main] TPTrac - Entered Vendor Contact Number 
[INFO ] 2025-07-04 17:17:32.580 [main] TPTrac - Verified successfully
[INFO ] 2025-07-04 17:17:39.785 [main] TPTrac - select user tab
[INFO ] 2025-07-04 17:17:43.885 [main] TPTrac - open vendor user management tab
[INFO ] 2025-07-04 17:18:02.710 [main] TPTrac - Get invalid data
[INFO ] 2025-07-04 17:18:14.941 [main] TPTrac - User activate successfully
[INFO ] 2025-07-04 17:18:18.050 [main] TPTrac - select user tab
[INFO ] 2025-07-04 17:18:18.580 [main] TPTrac - open vendor user management tab
[INFO ] 2025-07-04 17:21:34.072 [main] TPTrac - URL opened
[INFO ] 2025-07-04 17:21:41.607 [main] TPTrac - select user tab
[INFO ] 2025-07-04 17:21:42.212 [main] TPTrac - open vendor user management tab
[INFO ] 2025-07-04 17:24:59.361 [main] TPTrac - URL opened
[INFO ] 2025-07-04 17:25:07.029 [main] TPTrac - Selected user tab
[INFO ] 2025-07-04 17:25:07.619 [main] TPTrac - Opened vendor user management tab
[INFO ] 2025-07-04 17:25:08.699 [main] TPTrac - Clicked Export to Excel
[INFO ] 2025-07-04 17:25:47.301 [main] TPTrac - URL opened
[INFO ] 2025-07-04 17:25:54.874 [main] TPTrac - Selected user tab
[INFO ] 2025-07-04 17:25:55.482 [main] TPTrac - Opened vendor user management tab
[INFO ] 2025-07-04 17:27:56.648 [main] TPTrac - URL opened
[INFO ] 2025-07-04 17:28:01.018 [main] TPTrac - Export to Excel test started
[INFO ] 2025-07-04 17:28:04.190 [main] TPTrac - User menu opened
[INFO ] 2025-07-04 17:28:04.799 [main] TPTrac - Vendor User Management tab opened
[INFO ] 2025-07-04 17:28:04.975 [main] TPTrac - Dropdown clicked
[INFO ] 2025-07-04 17:28:05.047 [main] TPTrac - All checkbox selected
[INFO ] 2025-07-04 17:28:05.705 [main] TPTrac - Export to Excel button clicked
[INFO ] 2025-07-04 17:28:07.709 [main] TPTrac - Export to Excel test completed
[INFO ] 2025-07-04 17:30:10.383 [main] TPTrac - URL opened
[INFO ] 2025-07-04 17:30:17.980 [main] TPTrac - select user tab
[INFO ] 2025-07-04 17:30:18.574 [main] TPTrac - open vendor user management tab
[INFO ] 2025-07-04 17:30:18.954 [main] TPTrac - open vendor user page
[INFO ] 2025-07-04 17:30:21.062 [main] TPTrac - Read vendor category from the excel successfully
[INFO ] 2025-07-04 17:30:21.359 [main] TPTrac - Read vendor name from the excel successfully
[INFO ] 2025-07-04 17:30:21.617 [main] TPTrac - Read vendor user id from the excel successfully
[INFO ] 2025-07-04 17:30:21.900 [main] TPTrac - Read vendor contact from the excel successfully
[INFO ] 2025-07-04 17:30:22.284 [main] TPTrac - Read first name from the excel successfully
[INFO ] 2025-07-04 17:30:22.461 [main] TPTrac - Read last name from the excel successfully
[INFO ] 2025-07-04 17:30:22.716 [main] TPTrac - Read email from the excel successfully
[INFO ] 2025-07-04 17:30:25.272 [main] TPTrac - Select Vendor category 
[INFO ] 2025-07-04 17:30:27.555 [main] TPTrac - Select Vendor Name 
[INFO ] 2025-07-04 17:30:27.903 [main] TPTrac - Read contact number from the excel 
[INFO ] 2025-07-04 17:30:28.608 [main] TPTrac - Entered Vendor Contact Number 
[INFO ] 2025-07-04 17:30:28.921 [main] TPTrac - Search user field is clickable
[INFO ] 2025-07-04 17:30:29.002 [main] TPTrac - Sent keys to search user using JavaScript
[INFO ] 2025-07-04 17:30:29.002 [main] TPTrac - Click on Add button successfully 
[INFO ] 2025-07-04 17:30:29.102 [main] TPTrac - Verified added vendor user successfully 
[INFO ] 2025-07-04 17:30:32.296 [main] TPTrac - User menu selected 
[INFO ] 2025-07-04 17:30:32.810 [main] TPTrac - Vendor User Management clicked 
[INFO ] 2025-07-04 17:30:59.694 [main] TPTrac - clearing the data
[INFO ] 2025-07-04 17:30:59.878 [main] TPTrac - updated first name 
[INFO ] 2025-07-04 17:31:00.036 [main] TPTrac - clearing the data
[INFO ] 2025-07-04 17:31:00.295 [main] TPTrac - Updated last name
[INFO ] 2025-07-04 17:31:00.469 [main] TPTrac - clearing the data
[INFO ] 2025-07-04 17:31:00.702 [main] TPTrac - entered new emailid
[INFO ] 2025-07-04 17:31:00.924 [main] TPTrac - Click on Save
[INFO ] 2025-07-04 17:31:01.206 [main] TPTrac - Verified updated vendor user successfully 
[INFO ] 2025-07-04 17:31:21.527 [main] TPTrac - Verfied successfully
[INFO ] 2025-07-04 17:31:24.645 [main] TPTrac - select user tab
[INFO ] 2025-07-04 17:31:25.132 [main] TPTrac - open vendor user management tab
[INFO ] 2025-07-04 17:31:25.675 [main] TPTrac - open vendor user page
[INFO ] 2025-07-04 17:31:25.718 [main] TPTrac - Read vendor category from the excel successfully
[INFO ] 2025-07-04 17:31:25.750 [main] TPTrac - Read vendor name from the excel successfully
[INFO ] 2025-07-04 17:31:25.795 [main] TPTrac - Read vendor user id from the excel successfully
[INFO ] 2025-07-04 17:31:25.835 [main] TPTrac - Read vendor contact from the excel successfully
[INFO ] 2025-07-04 17:31:25.871 [main] TPTrac - Read first name from the excel successfully
[INFO ] 2025-07-04 17:31:25.902 [main] TPTrac - Read last name from the excel successfully
[INFO ] 2025-07-04 17:31:25.958 [main] TPTrac - Read email from the excel successfully
[INFO ] 2025-07-04 17:31:28.227 [main] TPTrac - Select Vendor category 
[INFO ] 2025-07-04 17:31:30.439 [main] TPTrac - Select Vendor Name 
[INFO ] 2025-07-04 17:31:30.575 [main] TPTrac - Read contact number from the excel 
[INFO ] 2025-07-04 17:31:31.036 [main] TPTrac - Entered Vendor Contact Number 
[INFO ] 2025-07-04 17:31:54.429 [main] TPTrac - Verified successfully
[INFO ] 2025-07-04 17:32:01.529 [main] TPTrac - select user tab
[INFO ] 2025-07-04 17:32:05.609 [main] TPTrac - open vendor user management tab
[INFO ] 2025-07-04 17:32:24.232 [main] TPTrac - Get invalid data
[INFO ] 2025-07-04 17:32:36.430 [main] TPTrac - User activate successfully
[INFO ] 2025-07-04 17:32:36.436 [main] TPTrac - Export to Excel test started
[INFO ] 2025-07-04 17:32:39.531 [main] TPTrac - User menu opened
[INFO ] 2025-07-04 17:32:40.031 [main] TPTrac - Vendor User Management tab opened
[INFO ] 2025-07-04 17:32:40.095 [main] TPTrac - Dropdown clicked
[INFO ] 2025-07-04 17:32:40.150 [main] TPTrac - All checkbox selected
[INFO ] 2025-07-04 17:32:40.761 [main] TPTrac - Export to Excel button clicked
[INFO ] 2025-07-04 17:32:42.765 [main] TPTrac - Export to Excel test completed
[INFO ] 2025-07-04 17:38:34.989 [main] TPTrac - URL opened
[INFO ] 2025-07-04 17:38:39.465 [main] TPTrac - Add Framework based Assessment Calender
[INFO ] 2025-07-04 17:40:01.388 [main] TPTrac - Assessment got successfully scheduled
[INFO ] 2025-07-04 17:40:40.430 [main] TPTrac - Add vendor question
[INFO ] 2025-07-04 17:42:21.289 [main] TPTrac - Vendor submitted ssuccessfully
[INFO ] 2025-07-04 17:42:36.853 [main] TPTrac - Add Assessment review
[INFO ] 2025-07-04 17:45:13.221 [main] TPTrac - Auditor Reviewed successfully
[INFO ] 2025-07-04 17:45:43.926 [main] TPTrac - Add Assessment review
[INFO ] 2025-07-04 17:47:13.650 [main] TPTrac - Vendor submitted ssuccessfully
[INFO ] 2025-07-04 17:47:27.348 [main] TPTrac - Add observation planning
[INFO ] 2025-07-04 17:48:06.610 [main] TPTrac - click on vendor observation
[INFO ] 2025-07-04 17:49:46.593 [main] TPTrac - click on auditor observation
[INFO ] 2025-07-04 17:52:04.032 [main] TPTrac - Start Search User validation
[INFO ] 2025-07-04 17:52:06.127 [main] TPTrac - Get valid data
[INFO ] 2025-07-04 17:52:06.212 [main] TPTrac - Get invalid data
[INFO ] 2025-07-04 17:58:42.673 [main] TPTrac - URL opened
[INFO ] 2025-07-04 17:58:47.083 [main] TPTrac - Start Search User validation
[INFO ] 2025-07-04 17:58:51.247 [main] TPTrac - Get valid data
[INFO ] 2025-07-04 17:58:51.571 [main] TPTrac - Get invalid data
[INFO ] 2025-07-04 18:03:53.554 [main] TPTrac - URL opened
[INFO ] 2025-07-04 18:03:57.906 [main] TPTrac - Start Search User validation
[INFO ] 2025-07-04 18:04:02.116 [main] TPTrac - Get valid data
[INFO ] 2025-07-04 18:04:02.435 [main] TPTrac - Get invalid data
[INFO ] 2025-07-04 18:09:14.816 [main] TPTrac - URL opened
[INFO ] 2025-07-04 18:09:19.217 [main] TPTrac - Start Search User validation
[INFO ] 2025-07-04 18:09:23.313 [main] TPTrac - Get valid data
[INFO ] 2025-07-04 18:09:23.632 [main] TPTrac - Get invalid data
[INFO ] 2025-07-04 18:15:41.410 [main] TPTrac - URL opened
[INFO ] 2025-07-04 18:15:45.869 [main] TPTrac - Start Search User validation
[INFO ] 2025-07-04 18:15:50.103 [main] TPTrac - Get valid data
[INFO ] 2025-07-04 18:15:50.423 [main] TPTrac - Get invalid data
[INFO ] 2025-07-04 18:18:08.405 [main] TPTrac - URL opened
[INFO ] 2025-07-04 18:18:12.793 [main] TPTrac - Start Search User validation
[INFO ] 2025-07-04 18:18:17.085 [main] TPTrac - Get valid data
[INFO ] 2025-07-04 18:18:17.430 [main] TPTrac - Get invalid data
[INFO ] 2025-07-07 14:25:05.676 [main] TPTrac - URL opened
[INFO ] 2025-07-07 14:29:29.241 [main] TPTrac - URL opened
[INFO ] 2025-07-07 14:40:19.199 [main] TPTrac - URL opened
[INFO ] 2025-07-07 14:43:47.152 [main] TPTrac - URL opened
[INFO ] 2025-07-07 14:50:57.921 [main] TPTrac - URL opened
[INFO ] 2025-07-07 14:57:39.592 [main] TPTrac - URL opened
[INFO ] 2025-07-07 14:59:57.076 [main] TPTrac - URL opened
[INFO ] 2025-07-07 15:02:42.689 [main] TPTrac - URL opened
[INFO ] 2025-07-07 15:02:47.157 [main] TPTrac - Add Assessment Calender
[INFO ] 2025-07-07 15:04:26.599 [main] TPTrac - Assessment got successfully scheduled
[INFO ] 2025-07-07 15:05:05.168 [main] TPTrac - Add vendor question
[INFO ] 2025-07-07 15:06:46.804 [main] TPTrac - Vendor submitted ssuccessfully
[INFO ] 2025-07-07 15:07:03.740 [main] TPTrac - Add Assessment review
[INFO ] 2025-07-07 15:09:48.862 [main] TPTrac - Auditor Reviewed ssuccessfully
[INFO ] 2025-07-07 15:10:19.269 [main] TPTrac - Add Assessment review
[INFO ] 2025-07-07 15:11:52.330 [main] TPTrac - Vendor submitted ssuccessfully
[INFO ] 2025-07-07 15:12:06.424 [main] TPTrac - Add observation planning
[INFO ] 2025-07-07 15:13:15.885 [main] TPTrac - click on vendor observation
[INFO ] 2025-07-07 15:14:44.555 [main] TPTrac - click on auditor observation
[INFO ] 2025-07-07 15:16:23.324 [main] TPTrac - Add vendor question
[INFO ] 2025-07-07 15:16:56.922 [main] TPTrac - Add Assessment Calender
[INFO ] 2025-07-07 15:17:05.196 [main] TPTrac - Verfied successfully
[INFO ] 2025-07-09 11:22:50.816 [main] TPTrac - URL opened
[INFO ] 2025-07-09 11:23:00.435 [main] TPTrac - User tab selected
[INFO ] 2025-07-09 11:23:00.660 [main] TPTrac - Add user button clicked
[INFO ] 2025-07-09 11:23:02.883 [main] TPTrac - Clicked on Add Button
[INFO ] 2025-07-09 11:23:09.016 [main] TPTrac - User tab selected
[INFO ] 2025-07-09 11:23:09.176 [main] TPTrac - Department Button clicked and verified successfully
[INFO ] 2025-07-09 11:23:12.258 [main] TPTrac - User tab selected
[INFO ] 2025-07-09 11:23:14.432 [main] TPTrac - Department Button clicked and verified successfully
[INFO ] 2025-07-09 11:23:22.086 [main] TPTrac - User tab selected
[INFO ] 2025-07-09 11:23:24.305 [main] TPTrac - Department Button clicked and verified successfully
[INFO ] 2025-07-09 11:23:25.717 [main] TPTrac - Clicked on Add Button
[INFO ] 2025-07-09 11:23:28.885 [main] TPTrac - User tab selected
[INFO ] 2025-07-09 11:23:29.344 [main] TPTrac - Add user button clicked
[INFO ] 2025-07-09 11:23:29.421 [main] TPTrac - Get user name data
[INFO ] 2025-07-09 11:23:29.482 [main] TPTrac - Get user contact data
[INFO ] 2025-07-09 11:23:29.569 [main] TPTrac - enter first name
[INFO ] 2025-07-09 11:23:29.662 [main] TPTrac - enter last name
[INFO ] 2025-07-09 11:23:29.738 [main] TPTrac - enter email id
[INFO ] 2025-07-09 11:23:29.788 [main] TPTrac - Get user role data
[INFO ] 2025-07-09 11:23:29.904 [main] TPTrac - Entered User ID
[INFO ] 2025-07-09 11:23:30.015 [main] TPTrac - Entered First Name
[INFO ] 2025-07-09 11:23:30.244 [main] TPTrac - Entered Last Name
[INFO ] 2025-07-09 11:23:30.506 [main] TPTrac - Entered Email ID
[INFO ] 2025-07-09 11:23:34.952 [main] TPTrac - Entered user contact
[INFO ] 2025-07-09 11:23:41.326 [main] TPTrac - Role selected
[INFO ] 2025-07-09 11:23:43.480 [main] TPTrac - Clicked on Add Button
[INFO ] 2025-07-09 11:23:43.576 [main] TPTrac - Search user field is clickable
[INFO ] 2025-07-09 11:23:43.656 [main] TPTrac - Sent keys to search user using JavaScript
[INFO ] 2025-07-09 11:23:43.709 [main] TPTrac - Verified Actual user successfully
[INFO ] 2025-07-09 11:23:43.719 [main] TPTrac - Start Auditor User Update validation
[INFO ] 2025-07-09 11:23:47.227 [main] TPTrac - User tab selected
[INFO ] 2025-07-09 11:23:49.634 [main] TPTrac - User selected to update the data
[INFO ] 2025-07-09 11:46:38.584 [main] TPTrac - URL opened
[INFO ] 2025-07-09 11:46:47.914 [main] TPTrac - User tab selected
[INFO ] 2025-07-09 11:46:48.105 [main] TPTrac - Add user button clicked
[INFO ] 2025-07-09 11:46:50.346 [main] TPTrac - Clicked on Add Button
[INFO ] 2025-07-09 11:46:56.316 [main] TPTrac - User tab selected
[INFO ] 2025-07-09 11:46:56.429 [main] TPTrac - Department Button clicked and verified successfully
[INFO ] 2025-07-09 11:46:59.509 [main] TPTrac - User tab selected
[INFO ] 2025-07-09 11:47:01.689 [main] TPTrac - Department Button clicked and verified successfully
[INFO ] 2025-07-09 11:47:09.375 [main] TPTrac - User tab selected
[INFO ] 2025-07-09 11:47:11.586 [main] TPTrac - Department Button clicked and verified successfully
[INFO ] 2025-07-09 11:47:12.988 [main] TPTrac - Clicked on Add Button
[INFO ] 2025-07-09 11:47:16.125 [main] TPTrac - User tab selected
[INFO ] 2025-07-09 11:47:16.562 [main] TPTrac - Add user button clicked
[INFO ] 2025-07-09 11:47:16.632 [main] TPTrac - Get user name data
[INFO ] 2025-07-09 11:47:16.695 [main] TPTrac - Get user contact data
[INFO ] 2025-07-09 11:47:16.765 [main] TPTrac - enter first name
[INFO ] 2025-07-09 11:47:16.847 [main] TPTrac - enter last name
[INFO ] 2025-07-09 11:47:16.907 [main] TPTrac - enter email id
[INFO ] 2025-07-09 11:47:16.958 [main] TPTrac - Get user role data
[INFO ] 2025-07-09 11:47:17.062 [main] TPTrac - Entered User ID
[INFO ] 2025-07-09 11:47:17.230 [main] TPTrac - Entered First Name
[INFO ] 2025-07-09 11:47:17.399 [main] TPTrac - Entered Last Name
[INFO ] 2025-07-09 11:47:17.667 [main] TPTrac - Entered Email ID
[INFO ] 2025-07-09 11:47:22.089 [main] TPTrac - Entered user contact
[INFO ] 2025-07-09 11:47:28.541 [main] TPTrac - Role selected
[INFO ] 2025-07-09 11:47:30.649 [main] TPTrac - Clicked on Add Button
[INFO ] 2025-07-09 11:47:30.718 [main] TPTrac - Search user field is clickable
[INFO ] 2025-07-09 11:47:30.795 [main] TPTrac - Sent keys to search user using JavaScript
[INFO ] 2025-07-09 11:47:30.857 [main] TPTrac - Verified Actual user successfully
[INFO ] 2025-07-09 11:47:30.866 [main] TPTrac - Start Auditor User Update validation
[INFO ] 2025-07-09 11:47:34.386 [main] TPTrac - User tab selected
[INFO ] 2025-07-09 11:47:36.703 [main] TPTrac - User selected to update the data
[INFO ] 2025-07-09 11:47:41.134 [main] TPTrac - Phone number cleared
[INFO ] 2025-07-09 11:47:41.301 [main] TPTrac - New phone number entered: 7134567999
[INFO ] 2025-07-09 11:47:41.470 [main] TPTrac - Clicked on Save button
[INFO ] 2025-07-09 11:47:41.517 [main] TPTrac - Verified updated user successfully
[INFO ] 2025-07-09 11:47:41.521 [main] TPTrac - Started user list validation
[INFO ] 2025-07-09 11:47:44.598 [main] TPTrac - Clicked on user tab
[INFO ] 2025-07-09 12:21:40.637 [main] TPTrac - URL opened
[INFO ] 2025-07-09 12:21:50.344 [main] TPTrac - User tab selected
[INFO ] 2025-07-09 12:21:50.548 [main] TPTrac - Add user button clicked
[INFO ] 2025-07-09 12:21:52.811 [main] TPTrac - Clicked on Add Button
[INFO ] 2025-07-09 12:22:01.316 [main] TPTrac - User tab selected
[INFO ] 2025-07-09 12:22:01.495 [main] TPTrac - Department Button clicked and verified successfully
[INFO ] 2025-07-09 12:22:04.601 [main] TPTrac - User tab selected
[INFO ] 2025-07-09 12:22:06.805 [main] TPTrac - Department Button clicked and verified successfully
[INFO ] 2025-07-09 12:22:14.923 [main] TPTrac - User tab selected
[INFO ] 2025-07-09 12:22:17.130 [main] TPTrac - Department Button clicked and verified successfully
[INFO ] 2025-07-09 12:22:19.546 [main] TPTrac - Clicked on Add Button
[INFO ] 2025-07-09 12:22:22.668 [main] TPTrac - User tab selected
[INFO ] 2025-07-09 12:22:23.152 [main] TPTrac - Add user button clicked
[INFO ] 2025-07-09 12:22:23.391 [main] TPTrac - Get user name data
[INFO ] 2025-07-09 12:22:23.629 [main] TPTrac - Get user contact data
[INFO ] 2025-07-09 12:22:23.861 [main] TPTrac - enter first name
[INFO ] 2025-07-09 12:22:24.021 [main] TPTrac - enter last name
[INFO ] 2025-07-09 12:22:24.195 [main] TPTrac - enter email id
[INFO ] 2025-07-09 12:22:24.403 [main] TPTrac - Get user role data
[INFO ] 2025-07-09 12:22:24.641 [main] TPTrac - Entered User ID
[INFO ] 2025-07-09 12:22:24.790 [main] TPTrac - Entered First Name
[INFO ] 2025-07-09 12:22:24.957 [main] TPTrac - Entered Last Name
[INFO ] 2025-07-09 12:22:25.153 [main] TPTrac - Entered Email ID
[INFO ] 2025-07-09 12:22:29.673 [main] TPTrac - Entered user contact
[INFO ] 2025-07-09 12:22:36.052 [main] TPTrac - Role selected
[INFO ] 2025-07-09 12:22:38.191 [main] TPTrac - Clicked on Add Button
[INFO ] 2025-07-09 12:22:38.272 [main] TPTrac - Search user field is clickable
[INFO ] 2025-07-09 12:22:38.341 [main] TPTrac - Sent keys to search user using JavaScript
[WARN ] 2025-07-09 12:22:38.528 [main] TPTrac - StaleElementReferenceException encountered, retrying...
[INFO ] 2025-07-09 12:22:39.591 [main] TPTrac - Verified Actual user successfully
[INFO ] 2025-07-09 12:22:39.601 [main] TPTrac - Start Auditor User Update validation
[INFO ] 2025-07-09 12:22:43.250 [main] TPTrac - User tab selected
[INFO ] 2025-07-09 12:22:45.631 [main] TPTrac - User selected to update the data
[INFO ] 2025-07-09 12:22:49.943 [main] TPTrac - Phone number cleared
[INFO ] 2025-07-09 12:22:50.291 [main] TPTrac - New phone number entered: 7134567999
[INFO ] 2025-07-09 12:22:50.537 [main] TPTrac - Clicked on Save button
[INFO ] 2025-07-09 12:22:50.577 [main] TPTrac - Verified updated user successfully
[INFO ] 2025-07-09 12:22:50.577 [main] TPTrac - Started user list validation
[INFO ] 2025-07-09 12:22:53.686 [main] TPTrac - Clicked on user tab
[INFO ] 2025-07-09 12:23:13.771 [main] TPTrac - Start Search User validation
[INFO ] 2025-07-09 12:23:13.822 [main] TPTrac - Get valid data
[INFO ] 2025-07-09 12:23:13.871 [main] TPTrac - Get invalid data
[INFO ] 2025-07-09 12:23:16.964 [main] TPTrac - User tab selected
[INFO ] 2025-07-09 12:23:27.646 [main] TPTrac - Verified search user functionality successfully
[INFO ] 2025-07-09 12:23:30.739 [main] TPTrac - User tab selected
[INFO ] 2025-07-09 12:23:30.895 [main] TPTrac - Add user button clicked
[INFO ] 2025-07-09 12:23:30.947 [main] TPTrac - Get user name data
[INFO ] 2025-07-09 12:23:30.984 [main] TPTrac - Get user contact data
[INFO ] 2025-07-09 12:23:31.024 [main] TPTrac - enter first name
[INFO ] 2025-07-09 12:23:31.059 [main] TPTrac - enter last name
[INFO ] 2025-07-09 12:23:31.103 [main] TPTrac - enter email id
[INFO ] 2025-07-09 12:23:31.138 [main] TPTrac - Get user role data
[INFO ] 2025-07-09 12:23:31.245 [main] TPTrac - Entered User ID
[INFO ] 2025-07-09 12:23:31.435 [main] TPTrac - Entered First Name
[INFO ] 2025-07-09 12:23:31.622 [main] TPTrac - Entered Last Name
[INFO ] 2025-07-09 12:23:31.877 [main] TPTrac - Entered Email ID
[INFO ] 2025-07-09 12:23:36.317 [main] TPTrac - Entered user contact
[INFO ] 2025-07-09 12:23:44.720 [main] TPTrac - Role selected
[INFO ] 2025-07-09 12:23:46.881 [main] TPTrac - Clicked on Add Button
[INFO ] 2025-07-09 12:23:56.219 [main] TPTrac - Yes button displayed: true
[INFO ] 2025-07-09 12:23:56.241 [main] TPTrac - Yes button enabled: true
[INFO ] 2025-07-09 12:24:06.367 [main] TPTrac - Yes button clicked successfully.
[INFO ] 2025-07-09 12:24:06.403 [main] TPTrac - Get invalid data
[INFO ] 2025-07-09 12:24:16.705 [main] TPTrac - Verified successfully
[INFO ] 2025-07-09 12:24:19.827 [main] TPTrac - User tab selected
[INFO ] 2025-07-09 12:24:19.867 [main] TPTrac - Get user name data
[INFO ] 2025-07-09 12:24:39.558 [main] TPTrac - Get invalid data
[INFO ] 2025-07-09 12:24:49.699 [main] TPTrac - User activate successfully
[INFO ] 2025-07-09 12:24:59.081 [main] TPTrac - User tab selected
[INFO ] 2025-07-09 12:28:01.904 [main] TPTrac - URL opened
[INFO ] 2025-07-09 12:28:11.150 [main] TPTrac - User tab selected
[INFO ] 2025-07-09 12:28:11.353 [main] TPTrac - Add user button clicked
[INFO ] 2025-07-09 12:28:13.608 [main] TPTrac - Clicked on Add Button
[INFO ] 2025-07-09 12:28:21.216 [main] TPTrac - User tab selected
[INFO ] 2025-07-09 12:28:21.322 [main] TPTrac - Department Button clicked and verified successfully
[INFO ] 2025-07-09 12:28:24.383 [main] TPTrac - User tab selected
[INFO ] 2025-07-09 12:28:26.507 [main] TPTrac - Department Button clicked and verified successfully
[INFO ] 2025-07-09 12:28:33.985 [main] TPTrac - User tab selected
[INFO ] 2025-07-09 12:28:36.139 [main] TPTrac - Department Button clicked and verified successfully
[INFO ] 2025-07-09 12:28:37.374 [main] TPTrac - Clicked on Add Button
[INFO ] 2025-07-09 12:28:40.486 [main] TPTrac - User tab selected
[INFO ] 2025-07-09 12:28:40.935 [main] TPTrac - Add user button clicked
[INFO ] 2025-07-09 12:28:41.003 [main] TPTrac - Get user name data
[INFO ] 2025-07-09 12:28:41.057 [main] TPTrac - Get user contact data
[INFO ] 2025-07-09 12:28:41.126 [main] TPTrac - enter first name
[INFO ] 2025-07-09 12:28:41.188 [main] TPTrac - enter last name
[INFO ] 2025-07-09 12:28:41.248 [main] TPTrac - enter email id
[INFO ] 2025-07-09 12:28:41.320 [main] TPTrac - Get user role data
[INFO ] 2025-07-09 12:28:41.415 [main] TPTrac - Entered User ID
[INFO ] 2025-07-09 12:28:41.497 [main] TPTrac - Entered First Name
[INFO ] 2025-07-09 12:28:41.592 [main] TPTrac - Entered Last Name
[INFO ] 2025-07-09 12:28:41.729 [main] TPTrac - Entered Email ID
[INFO ] 2025-07-09 12:28:46.265 [main] TPTrac - Entered user contact
[INFO ] 2025-07-09 12:28:52.694 [main] TPTrac - Role selected
[INFO ] 2025-07-09 12:28:54.841 [main] TPTrac - Clicked on Add Button
[INFO ] 2025-07-09 12:28:54.923 [main] TPTrac - Search user field is clickable
[INFO ] 2025-07-09 12:28:55.006 [main] TPTrac - Sent keys to search user using JavaScript
[INFO ] 2025-07-09 12:28:55.069 [main] TPTrac - Verified Actual user successfully
[INFO ] 2025-07-09 12:28:55.072 [main] TPTrac - Start Auditor User Update validation
[INFO ] 2025-07-09 12:28:59.582 [main] TPTrac - Started user list validation
[INFO ] 2025-07-09 12:29:02.692 [main] TPTrac - Clicked on user tab
[INFO ] 2025-07-09 12:29:22.757 [main] TPTrac - Start Search User validation
[INFO ] 2025-07-09 12:29:22.819 [main] TPTrac - Get valid data
[INFO ] 2025-07-09 12:29:22.864 [main] TPTrac - Get invalid data
[INFO ] 2025-07-09 12:29:25.941 [main] TPTrac - User tab selected
[INFO ] 2025-07-09 12:29:36.440 [main] TPTrac - Verified search user functionality successfully
[INFO ] 2025-07-09 12:29:39.540 [main] TPTrac - User tab selected
[INFO ] 2025-07-09 12:29:39.736 [main] TPTrac - Add user button clicked
[INFO ] 2025-07-09 12:29:39.808 [main] TPTrac - Get user name data
[INFO ] 2025-07-09 12:29:39.845 [main] TPTrac - Get user contact data
[INFO ] 2025-07-09 12:29:39.882 [main] TPTrac - enter first name
[INFO ] 2025-07-09 12:29:39.928 [main] TPTrac - enter last name
[INFO ] 2025-07-09 12:29:39.970 [main] TPTrac - enter email id
[INFO ] 2025-07-09 12:29:40.006 [main] TPTrac - Get user role data
[INFO ] 2025-07-09 12:29:40.134 [main] TPTrac - Entered User ID
[INFO ] 2025-07-09 12:29:40.352 [main] TPTrac - Entered First Name
[INFO ] 2025-07-09 12:29:40.558 [main] TPTrac - Entered Last Name
[INFO ] 2025-07-09 12:29:40.798 [main] TPTrac - Entered Email ID
[INFO ] 2025-07-09 12:29:45.332 [main] TPTrac - Entered user contact
[INFO ] 2025-07-09 12:29:53.700 [main] TPTrac - Role selected
[INFO ] 2025-07-09 12:29:55.821 [main] TPTrac - Clicked on Add Button
[INFO ] 2025-07-09 12:30:05.108 [main] TPTrac - Yes button displayed: true
[INFO ] 2025-07-09 12:30:05.144 [main] TPTrac - Yes button enabled: true
[INFO ] 2025-07-09 12:30:15.394 [main] TPTrac - Yes button clicked successfully.
[INFO ] 2025-07-09 12:30:15.460 [main] TPTrac - Get invalid data
[INFO ] 2025-07-09 12:30:25.673 [main] TPTrac - Verified successfully
[INFO ] 2025-07-09 12:30:28.825 [main] TPTrac - User tab selected
[INFO ] 2025-07-09 12:30:28.874 [main] TPTrac - Get user name data
[INFO ] 2025-07-09 12:30:48.468 [main] TPTrac - Get invalid data
[INFO ] 2025-07-09 12:30:58.611 [main] TPTrac - User activate successfully
[INFO ] 2025-07-09 12:31:07.952 [main] TPTrac - User tab selected
[INFO ] 2025-07-09 12:33:04.457 [main] TPTrac - URL opened
[INFO ] 2025-07-09 12:33:13.836 [main] TPTrac - User tab selected
[INFO ] 2025-07-09 12:33:14.026 [main] TPTrac - Add user button clicked
[INFO ] 2025-07-09 12:33:16.296 [main] TPTrac - Clicked on Add Button
[INFO ] 2025-07-09 12:33:22.327 [main] TPTrac - User tab selected
[INFO ] 2025-07-09 12:33:22.476 [main] TPTrac - Department Button clicked and verified successfully
[INFO ] 2025-07-09 12:33:25.571 [main] TPTrac - User tab selected
[INFO ] 2025-07-09 12:33:27.728 [main] TPTrac - Department Button clicked and verified successfully
[INFO ] 2025-07-09 12:36:49.205 [main] TPTrac - URL opened
[INFO ] 2025-07-09 12:36:59.157 [main] TPTrac - Click on vendor menu
[INFO ] 2025-07-09 12:36:59.695 [main] TPTrac - Click on vendor category management 
[INFO ] 2025-07-09 12:37:00.107 [main] TPTrac - Click on add new vendor category management 
[INFO ] 2025-07-09 12:37:02.335 [main] TPTrac - entered vendor category name 
[INFO ] 2025-07-09 12:37:02.462 [main] TPTrac - entered vendor category code 
[INFO ] 2025-07-09 12:37:02.596 [main] TPTrac - Added a new vendor category management successfully 
[INFO ] 2025-07-09 12:37:06.553 [main] TPTrac - Click on vendor menu
[INFO ] 2025-07-09 12:37:07.023 [main] TPTrac - Click on vendor category management 
[INFO ] 2025-07-09 12:37:07.406 [main] TPTrac - Click on add new vendor category management 
[INFO ] 2025-07-09 12:37:09.593 [main] TPTrac - entered vendor category name 
[INFO ] 2025-07-09 12:37:09.728 [main] TPTrac - entered vendor category code 
[INFO ] 2025-07-09 12:37:58.334 [main] TPTrac - Verfied successfully
[INFO ] 2025-07-09 12:38:01.619 [main] TPTrac - Click on vendor menu
[INFO ] 2025-07-09 12:38:02.122 [main] TPTrac - Click on vendor category management 
[INFO ] 2025-07-09 12:38:02.485 [main] TPTrac - Click on add new vendor category management 
[INFO ] 2025-07-09 12:38:04.683 [main] TPTrac - entered vendor category name 
[INFO ] 2025-07-09 12:38:04.844 [main] TPTrac - entered vendor category code 
[INFO ] 2025-07-09 12:38:04.962 [main] TPTrac - Added a new vendor category management successfully 
[INFO ] 2025-07-09 12:42:28.590 [main] TPTrac - URL opened
[INFO ] 2025-07-09 12:42:38.121 [main] TPTrac - User tab selected
[INFO ] 2025-07-09 12:42:38.300 [main] TPTrac - Add user button clicked
[INFO ] 2025-07-09 12:42:40.496 [main] TPTrac - Clicked on Add Button
[INFO ] 2025-07-09 12:42:46.530 [main] TPTrac - User tab selected
[INFO ] 2025-07-09 12:42:46.668 [main] TPTrac - Department Button clicked and verified successfully
[INFO ] 2025-07-09 12:42:49.756 [main] TPTrac - User tab selected
[INFO ] 2025-07-09 12:42:51.899 [main] TPTrac - Department Button clicked and verified successfully
[INFO ] 2025-07-09 12:42:59.577 [main] TPTrac - User tab selected
[INFO ] 2025-07-09 12:43:01.802 [main] TPTrac - Department Button clicked and verified successfully
[INFO ] 2025-07-09 12:43:03.099 [main] TPTrac - Clicked on Add Button
[INFO ] 2025-07-09 12:43:06.286 [main] TPTrac - User tab selected
[INFO ] 2025-07-09 12:43:06.770 [main] TPTrac - Add user button clicked
[INFO ] 2025-07-09 12:43:06.836 [main] TPTrac - Get user name data
[INFO ] 2025-07-09 12:43:06.887 [main] TPTrac - Get user contact data
[INFO ] 2025-07-09 12:43:06.936 [main] TPTrac - enter first name
[INFO ] 2025-07-09 12:43:06.997 [main] TPTrac - enter last name
[INFO ] 2025-07-09 12:43:07.073 [main] TPTrac - enter email id
[INFO ] 2025-07-09 12:43:07.120 [main] TPTrac - Get user role data
[INFO ] 2025-07-09 12:43:07.223 [main] TPTrac - Entered User ID
[INFO ] 2025-07-09 12:43:07.398 [main] TPTrac - Entered First Name
[INFO ] 2025-07-09 12:43:07.602 [main] TPTrac - Entered Last Name
[INFO ] 2025-07-09 12:43:07.865 [main] TPTrac - Entered Email ID
[INFO ] 2025-07-09 12:43:12.253 [main] TPTrac - Entered user contact
[INFO ] 2025-07-09 12:43:18.617 [main] TPTrac - Role selected
[INFO ] 2025-07-09 12:43:20.732 [main] TPTrac - Clicked on Add Button
[INFO ] 2025-07-09 12:43:20.805 [main] TPTrac - Search user field is clickable
[INFO ] 2025-07-09 12:43:20.874 [main] TPTrac - Sent keys to search user using JavaScript
[WARN ] 2025-07-09 12:43:23.558 [main] TPTrac - StaleElementReferenceException encountered, retrying...
[INFO ] 2025-07-09 12:43:24.606 [main] TPTrac - Verified Actual user successfully
[INFO ] 2025-07-09 12:43:24.610 [main] TPTrac - Start Auditor User Update validation
[INFO ] 2025-07-09 12:43:28.153 [main] TPTrac - User tab selected
[INFO ] 2025-07-09 12:43:30.449 [main] TPTrac - User selected to update the data
[INFO ] 2025-07-09 12:43:34.757 [main] TPTrac - Phone number cleared
[INFO ] 2025-07-09 12:43:35.289 [main] TPTrac - New phone number entered: 7134567999
[INFO ] 2025-07-09 12:43:35.517 [main] TPTrac - Clicked on Save button
[INFO ] 2025-07-09 12:43:35.542 [main] TPTrac - Verified updated user successfully
[INFO ] 2025-07-09 12:43:35.550 [main] TPTrac - Started user list validation
[INFO ] 2025-07-09 12:43:38.657 [main] TPTrac - Clicked on user tab
[INFO ] 2025-07-09 12:43:58.763 [main] TPTrac - Start Search User validation
[INFO ] 2025-07-09 12:43:58.971 [main] TPTrac - Get valid data
[INFO ] 2025-07-09 12:43:59.318 [main] TPTrac - Get invalid data
[INFO ] 2025-07-09 12:44:02.473 [main] TPTrac - User tab selected
[INFO ] 2025-07-09 12:44:13.264 [main] TPTrac - Verified search user functionality successfully
[INFO ] 2025-07-09 12:44:16.412 [main] TPTrac - User tab selected
[INFO ] 2025-07-09 12:44:16.621 [main] TPTrac - Add user button clicked
[INFO ] 2025-07-09 12:44:16.853 [main] TPTrac - Get user name data
[INFO ] 2025-07-09 12:44:16.992 [main] TPTrac - Get user contact data
[INFO ] 2025-07-09 12:44:17.114 [main] TPTrac - enter first name
[INFO ] 2025-07-09 12:44:17.307 [main] TPTrac - enter last name
[INFO ] 2025-07-09 12:44:17.467 [main] TPTrac - enter email id
[INFO ] 2025-07-09 12:44:17.643 [main] TPTrac - Get user role data
[INFO ] 2025-07-09 12:44:18.015 [main] TPTrac - Entered User ID
[INFO ] 2025-07-09 12:44:18.207 [main] TPTrac - Entered First Name
[INFO ] 2025-07-09 12:44:18.409 [main] TPTrac - Entered Last Name
[INFO ] 2025-07-09 12:44:18.651 [main] TPTrac - Entered Email ID
[INFO ] 2025-07-09 12:44:23.278 [main] TPTrac - Entered user contact
[INFO ] 2025-07-09 12:44:31.729 [main] TPTrac - Role selected
[INFO ] 2025-07-09 12:44:33.945 [main] TPTrac - Clicked on Add Button
[INFO ] 2025-07-09 12:44:43.345 [main] TPTrac - Yes button displayed: true
[INFO ] 2025-07-09 12:44:43.381 [main] TPTrac - Yes button enabled: true
[INFO ] 2025-07-09 12:44:53.592 [main] TPTrac - Yes button clicked successfully.
[INFO ] 2025-07-09 12:44:53.720 [main] TPTrac - Get invalid data
[INFO ] 2025-07-09 12:45:04.038 [main] TPTrac - Verified successfully
[INFO ] 2025-07-09 12:45:07.215 [main] TPTrac - User tab selected
[INFO ] 2025-07-09 12:45:07.346 [main] TPTrac - Get user name data
[INFO ] 2025-07-09 12:45:27.307 [main] TPTrac - Get invalid data
[INFO ] 2025-07-09 12:45:37.483 [main] TPTrac - User activate successfully
[INFO ] 2025-07-09 12:45:46.900 [main] TPTrac - User tab selected
[INFO ] 2025-07-09 12:47:15.556 [main] TPTrac - URL opened
[INFO ] 2025-07-09 12:47:25.027 [main] TPTrac - User tab selected
[INFO ] 2025-07-09 12:47:25.308 [main] TPTrac - Add user button clicked
[INFO ] 2025-07-09 12:47:27.584 [main] TPTrac - Clicked on Add Button
[INFO ] 2025-07-09 12:47:35.334 [main] TPTrac - User tab selected
[INFO ] 2025-07-09 12:47:35.554 [main] TPTrac - Department Button clicked and verified successfully
[INFO ] 2025-07-09 12:47:38.757 [main] TPTrac - User tab selected
[INFO ] 2025-07-09 12:47:41.057 [main] TPTrac - Department Button clicked and verified successfully
[INFO ] 2025-07-09 12:47:49.258 [main] TPTrac - User tab selected
[INFO ] 2025-07-09 12:47:51.525 [main] TPTrac - Department Button clicked and verified successfully
[INFO ] 2025-07-09 12:47:53.917 [main] TPTrac - Clicked on Add Button
[INFO ] 2025-07-09 12:47:57.094 [main] TPTrac - User tab selected
[INFO ] 2025-07-09 12:47:57.594 [main] TPTrac - Add user button clicked
[INFO ] 2025-07-09 12:47:57.859 [main] TPTrac - Get user name data
[INFO ] 2025-07-09 12:47:58.058 [main] TPTrac - Get user contact data
[INFO ] 2025-07-09 12:47:58.295 [main] TPTrac - enter first name
[INFO ] 2025-07-09 12:47:58.609 [main] TPTrac - enter last name
[INFO ] 2025-07-09 12:47:58.864 [main] TPTrac - enter email id
[INFO ] 2025-07-09 12:47:59.152 [main] TPTrac - Get user role data
[INFO ] 2025-07-09 12:47:59.455 [main] TPTrac - Entered User ID
[INFO ] 2025-07-09 12:47:59.625 [main] TPTrac - Entered First Name
[INFO ] 2025-07-09 12:47:59.800 [main] TPTrac - Entered Last Name
[INFO ] 2025-07-09 12:47:59.976 [main] TPTrac - Entered Email ID
[INFO ] 2025-07-09 12:48:04.364 [main] TPTrac - Entered user contact
[INFO ] 2025-07-09 12:48:10.760 [main] TPTrac - Role selected
[INFO ] 2025-07-09 12:48:12.860 [main] TPTrac - Clicked on Add Button
[INFO ] 2025-07-09 12:48:12.925 [main] TPTrac - Search user field is clickable
[INFO ] 2025-07-09 12:48:12.993 [main] TPTrac - Sent keys to search user using JavaScript
[INFO ] 2025-07-09 12:48:13.042 [main] TPTrac - Verified Actual user successfully
[INFO ] 2025-07-09 12:48:13.052 [main] TPTrac - Start Auditor User Update validation
[INFO ] 2025-07-09 12:48:17.675 [main] TPTrac - Started user list validation
[INFO ] 2025-07-09 12:48:21.069 [main] TPTrac - Clicked on user tab
[INFO ] 2025-07-09 12:48:41.166 [main] TPTrac - Start Search User validation
[INFO ] 2025-07-09 12:48:41.343 [main] TPTrac - Get valid data
[INFO ] 2025-07-09 12:48:41.469 [main] TPTrac - Get invalid data
[INFO ] 2025-07-09 12:48:44.623 [main] TPTrac - User tab selected
[INFO ] 2025-07-09 12:48:55.424 [main] TPTrac - Verified search user functionality successfully
[INFO ] 2025-07-09 12:48:58.495 [main] TPTrac - User tab selected
[INFO ] 2025-07-09 12:48:58.602 [main] TPTrac - Add user button clicked
[INFO ] 2025-07-09 12:48:58.649 [main] TPTrac - Get user name data
[INFO ] 2025-07-09 12:48:58.694 [main] TPTrac - Get user contact data
[INFO ] 2025-07-09 12:48:58.729 [main] TPTrac - enter first name
[INFO ] 2025-07-09 12:48:58.775 [main] TPTrac - enter last name
[INFO ] 2025-07-09 12:48:58.817 [main] TPTrac - enter email id
[INFO ] 2025-07-09 12:48:58.864 [main] TPTrac - Get user role data
[INFO ] 2025-07-09 12:48:58.932 [main] TPTrac - Entered User ID
[INFO ] 2025-07-09 12:48:59.027 [main] TPTrac - Entered First Name
[INFO ] 2025-07-09 12:48:59.142 [main] TPTrac - Entered Last Name
[INFO ] 2025-07-09 12:48:59.267 [main] TPTrac - Entered Email ID
[INFO ] 2025-07-09 12:49:03.634 [main] TPTrac - Entered user contact
[INFO ] 2025-07-09 12:49:12.015 [main] TPTrac - Role selected
[INFO ] 2025-07-09 12:49:14.235 [main] TPTrac - Clicked on Add Button
[INFO ] 2025-07-09 12:49:23.842 [main] TPTrac - Yes button displayed: true
[INFO ] 2025-07-09 12:49:23.876 [main] TPTrac - Yes button enabled: true
[INFO ] 2025-07-09 12:49:34.059 [main] TPTrac - Yes button clicked successfully.
[INFO ] 2025-07-09 12:49:34.096 [main] TPTrac - Get invalid data
[INFO ] 2025-07-09 12:49:44.357 [main] TPTrac - Verified successfully
[INFO ] 2025-07-09 12:49:47.445 [main] TPTrac - User tab selected
[INFO ] 2025-07-09 12:49:47.484 [main] TPTrac - Get user name data
[INFO ] 2025-07-09 12:50:07.516 [main] TPTrac - Get invalid data
[INFO ] 2025-07-09 12:50:17.786 [main] TPTrac - User activate successfully
[INFO ] 2025-07-09 12:50:27.163 [main] TPTrac - User tab selected
[INFO ] 2025-07-09 12:52:50.883 [main] TPTrac - URL opened
[INFO ] 2025-07-09 12:53:00.129 [main] TPTrac - User tab selected
[INFO ] 2025-07-09 12:53:00.407 [main] TPTrac - Add user button clicked
[INFO ] 2025-07-09 12:53:02.843 [main] TPTrac - Clicked on Add Button
[INFO ] 2025-07-09 12:53:10.381 [main] TPTrac - User tab selected
[INFO ] 2025-07-09 12:53:10.518 [main] TPTrac - Department Button clicked and verified successfully
[INFO ] 2025-07-09 12:53:13.642 [main] TPTrac - User tab selected
[INFO ] 2025-07-09 12:53:15.770 [main] TPTrac - Department Button clicked and verified successfully
[INFO ] 2025-07-09 12:53:23.494 [main] TPTrac - User tab selected
[INFO ] 2025-07-09 12:53:25.714 [main] TPTrac - Department Button clicked and verified successfully
[INFO ] 2025-07-09 12:53:27.091 [main] TPTrac - Clicked on Add Button
[INFO ] 2025-07-09 12:53:30.274 [main] TPTrac - User tab selected
[INFO ] 2025-07-09 12:53:30.731 [main] TPTrac - Add user button clicked
[INFO ] 2025-07-09 12:53:30.802 [main] TPTrac - Get user name data
[INFO ] 2025-07-09 12:53:30.859 [main] TPTrac - Get user contact data
[INFO ] 2025-07-09 12:53:30.924 [main] TPTrac - enter first name
[INFO ] 2025-07-09 12:53:30.992 [main] TPTrac - enter last name
[INFO ] 2025-07-09 12:53:31.059 [main] TPTrac - enter email id
[INFO ] 2025-07-09 12:53:31.126 [main] TPTrac - Get user role data
[INFO ] 2025-07-09 12:53:31.227 [main] TPTrac - Entered User ID
[INFO ] 2025-07-09 12:53:31.343 [main] TPTrac - Entered First Name
[INFO ] 2025-07-09 12:53:31.491 [main] TPTrac - Entered Last Name
[INFO ] 2025-07-09 12:53:31.769 [main] TPTrac - Entered Email ID
[INFO ] 2025-07-09 12:53:36.276 [main] TPTrac - Entered user contact
[INFO ] 2025-07-09 12:53:42.607 [main] TPTrac - Role selected
[INFO ] 2025-07-09 12:53:44.753 [main] TPTrac - Clicked on Add Button
[INFO ] 2025-07-09 12:53:44.819 [main] TPTrac - Search user field is clickable
[INFO ] 2025-07-09 12:53:44.966 [main] TPTrac - Sent keys to search user using JavaScript
[INFO ] 2025-07-09 12:53:45.069 [main] TPTrac - Verified Actual user successfully
[INFO ] 2025-07-09 12:53:45.074 [main] TPTrac - Start Auditor User Update validation
[INFO ] 2025-07-09 12:53:48.325 [main] TPTrac - User tab selected
[INFO ] 2025-07-09 12:53:50.668 [main] TPTrac - User selected to update the data
[INFO ] 2025-07-09 12:53:55.384 [main] TPTrac - Phone number cleared
[INFO ] 2025-07-09 12:53:55.571 [main] TPTrac - New phone number entered: 7134567999
[INFO ] 2025-07-09 12:53:55.735 [main] TPTrac - Clicked on Save button
[INFO ] 2025-07-09 12:53:55.771 [main] TPTrac - Verified updated user successfully
[INFO ] 2025-07-09 12:53:55.775 [main] TPTrac - Started user list validation
[INFO ] 2025-07-09 12:53:58.936 [main] TPTrac - Clicked on user tab
[INFO ] 2025-07-09 12:54:19.002 [main] TPTrac - Start Search User validation
[INFO ] 2025-07-09 12:54:19.257 [main] TPTrac - Get valid data
[INFO ] 2025-07-09 12:54:19.400 [main] TPTrac - Get invalid data
[INFO ] 2025-07-09 12:54:22.519 [main] TPTrac - User tab selected
[INFO ] 2025-07-09 12:54:33.177 [main] TPTrac - Verified search user functionality successfully
[INFO ] 2025-07-09 12:54:36.332 [main] TPTrac - User tab selected
[INFO ] 2025-07-09 12:54:36.502 [main] TPTrac - Add user button clicked
[INFO ] 2025-07-09 12:54:36.615 [main] TPTrac - Get user name data
[INFO ] 2025-07-09 12:54:36.782 [main] TPTrac - Get user contact data
[INFO ] 2025-07-09 12:54:36.913 [main] TPTrac - enter first name
[INFO ] 2025-07-09 12:54:37.023 [main] TPTrac - enter last name
[INFO ] 2025-07-09 12:54:37.154 [main] TPTrac - enter email id
[INFO ] 2025-07-09 12:54:37.276 [main] TPTrac - Get user role data
[INFO ] 2025-07-09 12:54:37.433 [main] TPTrac - Entered User ID
[INFO ] 2025-07-09 12:54:37.611 [main] TPTrac - Entered First Name
[INFO ] 2025-07-09 12:54:37.779 [main] TPTrac - Entered Last Name
[INFO ] 2025-07-09 12:54:38.030 [main] TPTrac - Entered Email ID
[INFO ] 2025-07-09 12:54:42.615 [main] TPTrac - Entered user contact
[INFO ] 2025-07-09 12:54:51.160 [main] TPTrac - Role selected
[INFO ] 2025-07-09 12:54:53.400 [main] TPTrac - Clicked on Add Button
[INFO ] 2025-07-09 12:55:03.012 [main] TPTrac - Yes button displayed: true
[INFO ] 2025-07-09 12:55:03.062 [main] TPTrac - Yes button enabled: true
[INFO ] 2025-07-09 12:55:13.279 [main] TPTrac - Yes button clicked successfully.
[INFO ] 2025-07-09 12:55:13.422 [main] TPTrac - Get invalid data
[INFO ] 2025-07-09 12:55:23.666 [main] TPTrac - Verified successfully
[INFO ] 2025-07-09 12:55:26.765 [main] TPTrac - User tab selected
[INFO ] 2025-07-09 12:55:26.893 [main] TPTrac - Get user name data
[INFO ] 2025-07-09 12:55:47.029 [main] TPTrac - Get invalid data
[INFO ] 2025-07-09 12:55:57.317 [main] TPTrac - User activate successfully
[INFO ] 2025-07-09 12:56:06.722 [main] TPTrac - User tab selected
[INFO ] 2025-07-09 13:16:13.750 [main] TPTrac - URL opened
[INFO ] 2025-07-09 13:16:22.243 [main] TPTrac - Click on vendor menu
[INFO ] 2025-07-09 13:16:22.981 [main] TPTrac - Click on vendor category management 
[INFO ] 2025-07-09 13:16:23.441 [main] TPTrac - Click on add new vendor category management 
[INFO ] 2025-07-09 13:16:25.597 [main] TPTrac - entered vendor category name 
[INFO ] 2025-07-09 13:16:25.766 [main] TPTrac - entered vendor category code 
[INFO ] 2025-07-09 13:17:55.180 [main] TPTrac - URL opened
[INFO ] 2025-07-09 13:18:03.692 [main] TPTrac - Click on vendor menu
[INFO ] 2025-07-09 13:18:04.413 [main] TPTrac - Click on vendor category management 
[INFO ] 2025-07-09 13:18:04.878 [main] TPTrac - Click on add new vendor category management 
[INFO ] 2025-07-09 13:24:05.418 [main] TPTrac - URL opened
[INFO ] 2025-07-09 13:24:13.972 [main] TPTrac - Click on vendor menu
[INFO ] 2025-07-09 13:24:14.823 [main] TPTrac - Click on vendor category management 
[INFO ] 2025-07-09 13:24:15.415 [main] TPTrac - Click on add new vendor category management 
[INFO ] 2025-07-09 14:50:52.052 [main] TPTrac - URL opened
[INFO ] 2025-07-09 14:53:31.468 [main] TPTrac - URL opened
[INFO ] 2025-07-09 14:56:26.700 [main] TPTrac - URL opened
[INFO ] 2025-07-09 14:58:40.567 [main] TPTrac - URL opened
[INFO ] 2025-07-09 15:01:17.619 [main] TPTrac - URL opened
[INFO ] 2025-07-09 15:03:46.196 [main] TPTrac - URL opened
[INFO ] 2025-07-09 15:05:51.520 [main] TPTrac - URL opened
[INFO ] 2025-07-09 15:30:23.131 [main] TPTrac - URL opened
[INFO ] 2025-07-09 15:36:08.499 [main] TPTrac - URL opened
[INFO ] 2025-07-09 15:40:04.792 [main] TPTrac - URL opened
[INFO ] 2025-07-09 15:41:43.772 [main] TPTrac - URL opened
[INFO ] 2025-07-09 15:48:10.786 [main] TPTrac - URL opened
[INFO ] 2025-07-09 15:51:40.501 [main] TPTrac - URL opened
[INFO ] 2025-07-09 15:59:23.423 [main] TPTrac - URL opened
[INFO ] 2025-07-09 16:28:22.128 [main] TPTrac - URL opened
[INFO ] 2025-07-09 17:01:00.831 [main] TPTrac - URL opened
[INFO ] 2025-07-09 17:06:24.469 [main] TPTrac - URL opened
[INFO ] 2025-07-09 17:18:07.169 [main] TPTrac - URL opened
[INFO ] 2025-07-09 17:24:24.164 [main] TPTrac - URL opened
[INFO ] 2025-07-09 17:47:21.554 [main] TPTrac - URL opened
[INFO ] 2025-07-09 17:47:31.152 [main] TPTrac - User tab selected
[INFO ] 2025-07-09 17:47:31.382 [main] TPTrac - Add user button clicked
[INFO ] 2025-07-09 17:47:33.654 [main] TPTrac - Clicked on Add Button
[INFO ] 2025-07-09 17:47:42.365 [main] TPTrac - User tab selected
[INFO ] 2025-07-09 17:47:42.561 [main] TPTrac - Department Button clicked and verified successfully
[INFO ] 2025-07-09 17:47:45.708 [main] TPTrac - User tab selected
[INFO ] 2025-07-09 17:47:47.916 [main] TPTrac - Department Button clicked and verified successfully
[INFO ] 2025-07-09 17:47:55.862 [main] TPTrac - User tab selected
[INFO ] 2025-07-09 17:47:57.972 [main] TPTrac - Department Button clicked and verified successfully
[INFO ] 2025-07-09 17:47:59.369 [main] TPTrac - Clicked on Add Button
[INFO ] 2025-07-09 17:48:02.533 [main] TPTrac - User tab selected
[INFO ] 2025-07-09 17:48:02.994 [main] TPTrac - Add user button clicked
[INFO ] 2025-07-09 17:48:03.059 [main] TPTrac - Get user name data
[INFO ] 2025-07-09 17:48:03.114 [main] TPTrac - Get user contact data
[INFO ] 2025-07-09 17:48:03.174 [main] TPTrac - enter first name
[INFO ] 2025-07-09 17:48:03.238 [main] TPTrac - enter last name
[INFO ] 2025-07-09 17:48:03.295 [main] TPTrac - enter email id
[INFO ] 2025-07-09 17:48:03.376 [main] TPTrac - Get user role data
[INFO ] 2025-07-09 17:48:03.480 [main] TPTrac - Entered User ID
[INFO ] 2025-07-09 17:48:03.624 [main] TPTrac - Entered First Name
[INFO ] 2025-07-09 17:48:03.806 [main] TPTrac - Entered Last Name
[INFO ] 2025-07-09 17:48:04.098 [main] TPTrac - Entered Email ID
[INFO ] 2025-07-09 17:48:08.563 [main] TPTrac - Entered user contact
[INFO ] 2025-07-09 17:48:15.040 [main] TPTrac - Role selected
[INFO ] 2025-07-09 17:48:17.148 [main] TPTrac - Clicked on Add Button
[INFO ] 2025-07-09 17:48:17.196 [main] TPTrac - Search user field is clickable
[INFO ] 2025-07-09 17:48:17.232 [main] TPTrac - Sent keys to search user using JavaScript
[INFO ] 2025-07-09 17:48:27.508 [main] TPTrac - Start Auditor User Update validation
[INFO ] 2025-07-09 17:48:31.956 [main] TPTrac - Started user list validation
[INFO ] 2025-07-09 17:48:36.184 [main] TPTrac - Start Search User validation
[INFO ] 2025-07-09 17:48:36.246 [main] TPTrac - Get valid data
[INFO ] 2025-07-09 17:48:36.303 [main] TPTrac - Get invalid data
[INFO ] 2025-07-09 17:58:08.456 [main] TPTrac - URL opened
[INFO ] 2025-07-09 17:58:17.986 [main] TPTrac - User tab selected
[INFO ] 2025-07-09 17:58:18.203 [main] TPTrac - Add user button clicked
[INFO ] 2025-07-09 17:58:20.437 [main] TPTrac - Clicked on Add Button
[INFO ] 2025-07-09 17:58:28.882 [main] TPTrac - User tab selected
[INFO ] 2025-07-09 17:58:29.085 [main] TPTrac - Department Button clicked and verified successfully
[INFO ] 2025-07-09 17:58:32.206 [main] TPTrac - User tab selected
[INFO ] 2025-07-09 17:58:34.443 [main] TPTrac - Department Button clicked and verified successfully
[INFO ] 2025-07-09 17:58:42.579 [main] TPTrac - User tab selected
[INFO ] 2025-07-09 17:58:44.752 [main] TPTrac - Department Button clicked and verified successfully
[INFO ] 2025-07-09 17:58:47.092 [main] TPTrac - Clicked on Add Button
[INFO ] 2025-07-09 17:58:50.251 [main] TPTrac - User tab selected
[INFO ] 2025-07-09 17:58:50.726 [main] TPTrac - Add user button clicked
[INFO ] 2025-07-09 17:58:50.964 [main] TPTrac - Get user name data
[INFO ] 2025-07-09 17:58:51.182 [main] TPTrac - Get user contact data
[INFO ] 2025-07-09 17:58:51.661 [main] TPTrac - enter first name
[INFO ] 2025-07-09 17:58:51.873 [main] TPTrac - enter last name
[INFO ] 2025-07-09 17:58:52.077 [main] TPTrac - enter email id
[INFO ] 2025-07-09 17:58:52.471 [main] TPTrac - Get user role data
[INFO ] 2025-07-09 17:58:52.788 [main] TPTrac - Entered User ID
[INFO ] 2025-07-09 17:58:52.933 [main] TPTrac - Entered First Name
[INFO ] 2025-07-09 17:58:53.134 [main] TPTrac - Entered Last Name
[INFO ] 2025-07-09 17:58:53.300 [main] TPTrac - Entered Email ID
[INFO ] 2025-07-09 17:58:57.966 [main] TPTrac - Entered user contact
[INFO ] 2025-07-09 17:59:04.402 [main] TPTrac - Role selected
[INFO ] 2025-07-09 17:59:06.551 [main] TPTrac - Clicked on Add Button
[INFO ] 2025-07-09 17:59:06.649 [main] TPTrac - Search user field is clickable
[INFO ] 2025-07-09 17:59:06.748 [main] TPTrac - Sent keys to search user using JavaScript
[WARN ] 2025-07-09 17:59:09.435 [main] TPTrac - StaleElementReferenceException encountered, retrying...
[INFO ] 2025-07-09 17:59:10.504 [main] TPTrac - Verified Actual user successfully
[INFO ] 2025-07-09 17:59:10.509 [main] TPTrac - Start Auditor User Update validation
[INFO ] 2025-07-09 17:59:14.033 [main] TPTrac - User tab selected
[INFO ] 2025-07-09 17:59:16.390 [main] TPTrac - User selected to update the data
[INFO ] 2025-07-09 17:59:20.804 [main] TPTrac - Phone number cleared
[INFO ] 2025-07-09 17:59:21.040 [main] TPTrac - New phone number entered: 7134567999
[INFO ] 2025-07-09 17:59:21.223 [main] TPTrac - Clicked on Save button
[INFO ] 2025-07-09 17:59:21.262 [main] TPTrac - Verified updated user successfully
[INFO ] 2025-07-09 17:59:21.266 [main] TPTrac - Started user list validation
[INFO ] 2025-07-09 17:59:24.400 [main] TPTrac - Clicked on user tab
[INFO ] 2025-07-09 17:59:44.486 [main] TPTrac - Start Search User validation
[INFO ] 2025-07-09 17:59:44.664 [main] TPTrac - Get valid data
[INFO ] 2025-07-09 17:59:44.792 [main] TPTrac - Get invalid data
[INFO ] 2025-07-09 17:59:47.943 [main] TPTrac - User tab selected
[INFO ] 2025-07-09 17:59:58.560 [main] TPTrac - Verified search user functionality successfully
[INFO ] 2025-07-09 18:00:01.644 [main] TPTrac - User tab selected
[INFO ] 2025-07-09 18:00:01.801 [main] TPTrac - Add user button clicked
[INFO ] 2025-07-09 18:00:01.910 [main] TPTrac - Get user name data
[INFO ] 2025-07-09 18:00:02.048 [main] TPTrac - Get user contact data
[INFO ] 2025-07-09 18:00:02.153 [main] TPTrac - enter first name
[INFO ] 2025-07-09 18:00:02.257 [main] TPTrac - enter last name
[INFO ] 2025-07-09 18:00:02.345 [main] TPTrac - enter email id
[INFO ] 2025-07-09 18:00:02.456 [main] TPTrac - Get user role data
[INFO ] 2025-07-09 18:00:02.665 [main] TPTrac - Entered User ID
[INFO ] 2025-07-09 18:00:02.798 [main] TPTrac - Entered First Name
[INFO ] 2025-07-09 18:00:02.926 [main] TPTrac - Entered Last Name
[INFO ] 2025-07-09 18:00:03.081 [main] TPTrac - Entered Email ID
[INFO ] 2025-07-09 18:00:07.502 [main] TPTrac - Entered user contact
[INFO ] 2025-07-09 18:00:15.857 [main] TPTrac - Role selected
[INFO ] 2025-07-09 18:00:18.058 [main] TPTrac - Clicked on Add Button
[INFO ] 2025-07-09 18:00:27.116 [main] TPTrac - Yes button displayed: true
[INFO ] 2025-07-09 18:00:27.132 [main] TPTrac - Yes button enabled: true
[INFO ] 2025-07-09 18:00:37.349 [main] TPTrac - Yes button clicked successfully.
[INFO ] 2025-07-09 18:00:37.390 [main] TPTrac - Get invalid data
[INFO ] 2025-07-09 18:00:47.582 [main] TPTrac - Verified successfully
[INFO ] 2025-07-09 18:00:50.659 [main] TPTrac - User tab selected
[INFO ] 2025-07-09 18:00:50.682 [main] TPTrac - Get user name data
[INFO ] 2025-07-09 18:01:10.195 [main] TPTrac - Get invalid data
[INFO ] 2025-07-09 18:01:20.328 [main] TPTrac - User activate successfully
[INFO ] 2025-07-09 18:01:29.557 [main] TPTrac - User tab selected
[INFO ] 2025-07-09 18:02:23.024 [main] TPTrac - URL opened
[INFO ] 2025-07-09 18:02:32.094 [main] TPTrac - User tab selected
[INFO ] 2025-07-09 18:02:32.285 [main] TPTrac - Add user button clicked
[INFO ] 2025-07-09 18:02:34.543 [main] TPTrac - Clicked on Add Button
[INFO ] 2025-07-09 18:02:40.670 [main] TPTrac - User tab selected
[INFO ] 2025-07-09 18:02:40.901 [main] TPTrac - Department Button clicked and verified successfully
[INFO ] 2025-07-09 18:02:44.098 [main] TPTrac - User tab selected
[INFO ] 2025-07-09 18:02:46.370 [main] TPTrac - Department Button clicked and verified successfully
[INFO ] 2025-07-09 18:02:54.767 [main] TPTrac - User tab selected
[INFO ] 2025-07-09 18:02:56.973 [main] TPTrac - Department Button clicked and verified successfully
[INFO ] 2025-07-09 18:02:58.397 [main] TPTrac - Clicked on Add Button
[INFO ] 2025-07-09 18:03:01.558 [main] TPTrac - User tab selected
[INFO ] 2025-07-09 18:03:02.016 [main] TPTrac - Add user button clicked
[INFO ] 2025-07-09 18:03:02.092 [main] TPTrac - Get user name data
[INFO ] 2025-07-09 18:03:02.156 [main] TPTrac - Get user contact data
[INFO ] 2025-07-09 18:03:02.242 [main] TPTrac - enter first name
[INFO ] 2025-07-09 18:03:02.310 [main] TPTrac - enter last name
[INFO ] 2025-07-09 18:03:02.374 [main] TPTrac - enter email id
[INFO ] 2025-07-09 18:03:02.444 [main] TPTrac - Get user role data
[INFO ] 2025-07-09 18:03:02.540 [main] TPTrac - Entered User ID
[INFO ] 2025-07-09 18:03:02.693 [main] TPTrac - Entered First Name
[INFO ] 2025-07-09 18:03:02.904 [main] TPTrac - Entered Last Name
[INFO ] 2025-07-09 18:03:03.167 [main] TPTrac - Entered Email ID
[INFO ] 2025-07-09 18:03:07.712 [main] TPTrac - Entered user contact
[INFO ] 2025-07-09 18:03:14.141 [main] TPTrac - Role selected
[INFO ] 2025-07-09 18:03:16.299 [main] TPTrac - Clicked on Add Button
[INFO ] 2025-07-09 18:03:16.380 [main] TPTrac - Search user field is clickable
[INFO ] 2025-07-09 18:03:16.630 [main] TPTrac - Sent keys to search user using JavaScript
[INFO ] 2025-07-09 18:03:16.709 [main] TPTrac - Verified Actual user successfully
[INFO ] 2025-07-09 18:03:16.713 [main] TPTrac - Start Auditor User Update validation
[INFO ] 2025-07-09 18:03:19.957 [main] TPTrac - User tab selected
[INFO ] 2025-07-09 18:03:22.284 [main] TPTrac - User selected to update the data
[INFO ] 2025-07-09 18:03:26.649 [main] TPTrac - Phone number cleared
[INFO ] 2025-07-09 18:03:27.241 [main] TPTrac - New phone number entered: 7134567999
[INFO ] 2025-07-09 18:03:27.450 [main] TPTrac - Clicked on Save button
[INFO ] 2025-07-09 18:03:27.484 [main] TPTrac - Verified updated user successfully
[INFO ] 2025-07-09 18:03:27.490 [main] TPTrac - Started user list validation
[INFO ] 2025-07-09 18:03:30.602 [main] TPTrac - Clicked on user tab
[INFO ] 2025-07-09 18:03:50.693 [main] TPTrac - Start Search User validation
[INFO ] 2025-07-09 18:03:50.749 [main] TPTrac - Get valid data
[INFO ] 2025-07-09 18:03:50.799 [main] TPTrac - Get invalid data
[INFO ] 2025-07-09 18:03:53.915 [main] TPTrac - User tab selected
[INFO ] 2025-07-09 18:04:04.529 [main] TPTrac - Verified search user functionality successfully
[INFO ] 2025-07-09 18:04:07.620 [main] TPTrac - User tab selected
[INFO ] 2025-07-09 18:04:07.806 [main] TPTrac - Add user button clicked
[INFO ] 2025-07-09 18:04:07.853 [main] TPTrac - Get user name data
[INFO ] 2025-07-09 18:04:07.895 [main] TPTrac - Get user contact data
[INFO ] 2025-07-09 18:04:07.942 [main] TPTrac - enter first name
[INFO ] 2025-07-09 18:04:07.998 [main] TPTrac - enter last name
[INFO ] 2025-07-09 18:04:08.048 [main] TPTrac - enter email id
[INFO ] 2025-07-09 18:04:08.097 [main] TPTrac - Get user role data
[INFO ] 2025-07-09 18:04:08.213 [main] TPTrac - Entered User ID
[INFO ] 2025-07-09 18:04:08.414 [main] TPTrac - Entered First Name
[INFO ] 2025-07-09 18:04:08.613 [main] TPTrac - Entered Last Name
[INFO ] 2025-07-09 18:04:08.835 [main] TPTrac - Entered Email ID
[INFO ] 2025-07-09 18:04:13.328 [main] TPTrac - Entered user contact
[INFO ] 2025-07-09 18:04:21.781 [main] TPTrac - Role selected
[INFO ] 2025-07-09 18:04:23.929 [main] TPTrac - Clicked on Add Button
[INFO ] 2025-07-09 18:04:33.142 [main] TPTrac - Yes button displayed: true
[INFO ] 2025-07-09 18:04:33.213 [main] TPTrac - Yes button enabled: true
[INFO ] 2025-07-09 18:04:43.325 [main] TPTrac - Yes button clicked successfully.
[INFO ] 2025-07-09 18:04:43.365 [main] TPTrac - Get invalid data
[INFO ] 2025-07-09 18:04:53.634 [main] TPTrac - Verified successfully
[INFO ] 2025-07-09 18:04:56.726 [main] TPTrac - User tab selected
[INFO ] 2025-07-09 18:04:56.770 [main] TPTrac - Get user name data
[INFO ] 2025-07-09 18:05:16.617 [main] TPTrac - Get invalid data
[INFO ] 2025-07-09 18:05:26.872 [main] TPTrac - User activate successfully
[INFO ] 2025-07-09 18:05:36.191 [main] TPTrac - User tab selected
[INFO ] 2025-07-10 12:05:58.900 [main] TPTrac - URL opened
[INFO ] 2025-07-10 12:06:08.528 [main] TPTrac - User tab selected
[INFO ] 2025-07-10 12:06:08.695 [main] TPTrac - Add user button clicked
[INFO ] 2025-07-10 12:06:10.958 [main] TPTrac - Clicked on Add Button
[INFO ] 2025-07-10 12:06:19.565 [main] TPTrac - User tab selected
[INFO ] 2025-07-10 12:06:19.790 [main] TPTrac - Department Button clicked and verified successfully
[INFO ] 2025-07-10 12:06:22.937 [main] TPTrac - User tab selected
[INFO ] 2025-07-10 12:06:25.146 [main] TPTrac - Department Button clicked and verified successfully
[INFO ] 2025-07-10 12:06:33.271 [main] TPTrac - User tab selected
[INFO ] 2025-07-10 12:06:35.464 [main] TPTrac - Department Button clicked and verified successfully
[INFO ] 2025-07-10 12:06:38.083 [main] TPTrac - Clicked on Add Button
[INFO ] 2025-07-10 12:06:41.187 [main] TPTrac - User tab selected
[INFO ] 2025-07-10 12:06:41.679 [main] TPTrac - Add user button clicked
[INFO ] 2025-07-10 12:06:41.909 [main] TPTrac - Get user name data
[INFO ] 2025-07-10 12:06:42.189 [main] TPTrac - Get user contact data
[INFO ] 2025-07-10 12:06:42.462 [main] TPTrac - enter first name
[INFO ] 2025-07-10 12:06:42.654 [main] TPTrac - enter last name
[INFO ] 2025-07-10 12:06:42.943 [main] TPTrac - enter email id
[INFO ] 2025-07-10 12:06:43.168 [main] TPTrac - Get user role data
[INFO ] 2025-07-10 12:06:43.301 [main] TPTrac - Entered User ID
[INFO ] 2025-07-10 12:06:43.473 [main] TPTrac - Entered First Name
[INFO ] 2025-07-10 12:06:43.672 [main] TPTrac - Entered Last Name
[INFO ] 2025-07-10 12:06:43.857 [main] TPTrac - Entered Email ID
[INFO ] 2025-07-10 12:06:48.396 [main] TPTrac - Entered user contact
[INFO ] 2025-07-10 12:06:54.795 [main] TPTrac - Role selected
[INFO ] 2025-07-10 12:06:56.938 [main] TPTrac - Clicked on Add Button
[INFO ] 2025-07-10 12:06:57.039 [main] TPTrac - Search user field is clickable
[INFO ] 2025-07-10 12:06:57.133 [main] TPTrac - Sent keys to search user using JavaScript
[WARN ] 2025-07-10 12:06:58.474 [main] TPTrac - StaleElementReferenceException encountered, retrying...
[INFO ] 2025-07-10 12:06:59.528 [main] TPTrac - Verified Actual user successfully
[INFO ] 2025-07-10 12:06:59.528 [main] TPTrac - Start Auditor User Update validation
[INFO ] 2025-07-10 12:07:03.056 [main] TPTrac - User tab selected
[INFO ] 2025-07-10 12:07:05.392 [main] TPTrac - User selected to update the data
[INFO ] 2025-07-10 12:07:09.775 [main] TPTrac - Phone number cleared
[INFO ] 2025-07-10 12:07:10.034 [main] TPTrac - New phone number entered: 7134567999
[INFO ] 2025-07-10 12:07:10.243 [main] TPTrac - Clicked on Save button
[INFO ] 2025-07-10 12:07:10.274 [main] TPTrac - Verified updated user successfully
[INFO ] 2025-07-10 12:07:10.274 [main] TPTrac - Started user list validation
[INFO ] 2025-07-10 12:07:13.353 [main] TPTrac - Clicked on user tab
[INFO ] 2025-07-10 12:07:33.422 [main] TPTrac - Start Search User validation
[INFO ] 2025-07-10 12:07:33.543 [main] TPTrac - Get valid data
[INFO ] 2025-07-10 12:07:33.664 [main] TPTrac - Get invalid data
[INFO ] 2025-07-10 12:07:36.795 [main] TPTrac - User tab selected
[INFO ] 2025-07-10 12:07:47.366 [main] TPTrac - Verified search user functionality successfully
[INFO ] 2025-07-10 12:07:50.509 [main] TPTrac - User tab selected
[INFO ] 2025-07-10 12:07:50.714 [main] TPTrac - Add user button clicked
[INFO ] 2025-07-10 12:07:50.891 [main] TPTrac - Get user name data
[INFO ] 2025-07-10 12:07:51.009 [main] TPTrac - Get user contact data
[INFO ] 2025-07-10 12:07:51.132 [main] TPTrac - enter first name
[INFO ] 2025-07-10 12:07:51.221 [main] TPTrac - enter last name
[INFO ] 2025-07-10 12:07:51.354 [main] TPTrac - enter email id
[INFO ] 2025-07-10 12:07:51.503 [main] TPTrac - Get user role data
[INFO ] 2025-07-10 12:07:51.841 [main] TPTrac - Entered User ID
[INFO ] 2025-07-10 12:07:52.005 [main] TPTrac - Entered First Name
[INFO ] 2025-07-10 12:07:52.343 [main] TPTrac - Entered Last Name
[INFO ] 2025-07-10 12:07:52.504 [main] TPTrac - Entered Email ID
[INFO ] 2025-07-10 12:07:56.903 [main] TPTrac - Entered user contact
[INFO ] 2025-07-10 12:08:05.261 [main] TPTrac - Role selected
[INFO ] 2025-07-10 12:08:07.459 [main] TPTrac - Clicked on Add Button
[INFO ] 2025-07-10 12:08:16.681 [main] TPTrac - Yes button displayed: true
[INFO ] 2025-07-10 12:08:16.720 [main] TPTrac - Yes button enabled: true
[INFO ] 2025-07-10 12:08:26.850 [main] TPTrac - Yes button clicked successfully.
[INFO ] 2025-07-10 12:08:26.969 [main] TPTrac - Get invalid data
[INFO ] 2025-07-10 12:08:37.193 [main] TPTrac - Verified successfully
[INFO ] 2025-07-10 12:08:40.283 [main] TPTrac - User tab selected
[INFO ] 2025-07-10 12:08:40.385 [main] TPTrac - Get user name data
[INFO ] 2025-07-10 12:09:00.369 [main] TPTrac - Get invalid data
[INFO ] 2025-07-10 12:09:10.632 [main] TPTrac - User activate successfully
[INFO ] 2025-07-10 12:09:20.123 [main] TPTrac - User tab selected
[INFO ] 2025-07-10 12:09:59.687 [main] TPTrac - URL opened
[INFO ] 2025-07-10 12:10:07.468 [main] TPTrac - Click on vendor menu
[INFO ] 2025-07-10 12:10:07.997 [main] TPTrac - Click on vendor category management 
[INFO ] 2025-07-10 12:10:08.359 [main] TPTrac - Click on add new vendor category management 
[INFO ] 2025-07-10 12:10:10.534 [main] TPTrac - entered vendor category name 
[INFO ] 2025-07-10 12:10:10.600 [main] TPTrac - entered vendor category code 
[INFO ] 2025-07-10 12:10:10.694 [main] TPTrac - Added a new vendor category management successfully 
[INFO ] 2025-07-10 12:10:14.046 [main] TPTrac - Click on vendor menu
[INFO ] 2025-07-10 12:10:14.658 [main] TPTrac - Click on vendor category management 
[INFO ] 2025-07-10 12:10:14.945 [main] TPTrac - Click on add new vendor category management 
[INFO ] 2025-07-10 12:10:17.047 [main] TPTrac - entered vendor category name 
[INFO ] 2025-07-10 12:10:17.166 [main] TPTrac - entered vendor category code 
[INFO ] 2025-07-10 12:11:05.609 [main] TPTrac - Verfied successfully
[INFO ] 2025-07-10 12:11:09.055 [main] TPTrac - Click on vendor menu
[INFO ] 2025-07-10 12:11:09.533 [main] TPTrac - Click on vendor category management 
[INFO ] 2025-07-10 12:11:09.905 [main] TPTrac - Click on add new vendor category management 
[INFO ] 2025-07-10 12:11:12.196 [main] TPTrac - entered vendor category name 
[INFO ] 2025-07-10 12:11:12.400 [main] TPTrac - entered vendor category code 
[INFO ] 2025-07-10 12:11:12.582 [main] TPTrac - Added a new vendor category management successfully 
[INFO ] 2025-07-10 12:11:41.219 [main] TPTrac - URL opened
[INFO ] 2025-07-10 12:11:48.730 [main] TPTrac - Click on vendor menu
[INFO ] 2025-07-10 12:12:04.538 [main] TPTrac - Verfied successfully
[INFO ] 2025-07-10 12:12:32.838 [main] TPTrac - URL opened
[INFO ] 2025-07-10 12:12:40.514 [main] TPTrac - Click on vendor menu
[INFO ] 2025-07-10 12:12:41.106 [main] TPTrac - Click on vendor category management 
[INFO ] 2025-07-10 12:13:21.950 [main] TPTrac - URL opened
[INFO ] 2025-07-10 12:56:07.986 [main] TPTrac - URL opened
[INFO ] 2025-07-10 12:58:31.524 [main] TPTrac - URL opened
[INFO ] 2025-07-10 12:58:40.626 [main] TPTrac - User tab selected
[INFO ] 2025-07-10 12:58:40.754 [main] TPTrac - Add user button clicked
[INFO ] 2025-07-10 12:58:42.977 [main] TPTrac - Clicked on Add Button
[INFO ] 2025-07-10 12:58:51.630 [main] TPTrac - User tab selected
[INFO ] 2025-07-10 12:58:51.882 [main] TPTrac - Department Button clicked and verified successfully
[INFO ] 2025-07-10 12:58:55.036 [main] TPTrac - User tab selected
[INFO ] 2025-07-10 12:58:57.225 [main] TPTrac - Department Button clicked and verified successfully
[INFO ] 2025-07-10 12:59:05.546 [main] TPTrac - User tab selected
[INFO ] 2025-07-10 12:59:07.722 [main] TPTrac - Department Button clicked and verified successfully
[INFO ] 2025-07-10 12:59:09.609 [main] TPTrac - Clicked on Add Button
[INFO ] 2025-07-10 12:59:12.718 [main] TPTrac - User tab selected
[INFO ] 2025-07-10 12:59:13.152 [main] TPTrac - Add user button clicked
[INFO ] 2025-07-10 12:59:13.464 [main] TPTrac - Get user name data
[INFO ] 2025-07-10 12:59:13.633 [main] TPTrac - Get user contact data
[INFO ] 2025-07-10 12:59:14.410 [main] TPTrac - enter first name
[INFO ] 2025-07-10 12:59:14.603 [main] TPTrac - enter last name
[INFO ] 2025-07-10 12:59:14.782 [main] TPTrac - enter email id
[INFO ] 2025-07-10 12:59:15.067 [main] TPTrac - Get user role data
[INFO ] 2025-07-10 12:59:15.233 [main] TPTrac - Entered User ID
[INFO ] 2025-07-10 12:59:15.380 [main] TPTrac - Entered First Name
[INFO ] 2025-07-10 12:59:15.560 [main] TPTrac - Entered Last Name
[INFO ] 2025-07-10 12:59:15.744 [main] TPTrac - Entered Email ID
[INFO ] 2025-07-10 12:59:20.212 [main] TPTrac - Entered user contact
[INFO ] 2025-07-10 12:59:26.679 [main] TPTrac - Role selected
[INFO ] 2025-07-10 12:59:28.789 [main] TPTrac - Clicked on Add Button
[INFO ] 2025-07-10 12:59:28.903 [main] TPTrac - Search user field is clickable
[INFO ] 2025-07-10 12:59:28.971 [main] TPTrac - Sent keys to search user using JavaScript
[INFO ] 2025-07-10 12:59:29.035 [main] TPTrac - Verified Actual user successfully
[INFO ] 2025-07-10 12:59:29.050 [main] TPTrac - Start Auditor User Update validation
[INFO ] 2025-07-10 12:59:32.504 [main] TPTrac - User tab selected
[INFO ] 2025-07-10 12:59:34.833 [main] TPTrac - User selected to update the data
[INFO ] 2025-07-10 12:59:39.230 [main] TPTrac - Phone number cleared
[INFO ] 2025-07-10 12:59:39.467 [main] TPTrac - New phone number entered: 7134567999
[INFO ] 2025-07-10 12:59:39.682 [main] TPTrac - Clicked on Save button
[INFO ] 2025-07-10 12:59:39.727 [main] TPTrac - Verified updated user successfully
[INFO ] 2025-07-10 12:59:39.729 [main] TPTrac - Started user list validation
[INFO ] 2025-07-10 12:59:42.802 [main] TPTrac - Clicked on user tab
[INFO ] 2025-07-10 13:00:02.930 [main] TPTrac - Start Search User validation
[INFO ] 2025-07-10 13:00:03.126 [main] TPTrac - Get valid data
[INFO ] 2025-07-10 13:00:03.318 [main] TPTrac - Get invalid data
[INFO ] 2025-07-10 13:00:06.430 [main] TPTrac - User tab selected
[INFO ] 2025-07-10 13:00:17.052 [main] TPTrac - Verified search user functionality successfully
[INFO ] 2025-07-10 13:00:20.138 [main] TPTrac - User tab selected
[INFO ] 2025-07-10 13:00:20.288 [main] TPTrac - Add user button clicked
[INFO ] 2025-07-10 13:00:20.400 [main] TPTrac - Get user name data
[INFO ] 2025-07-10 13:00:20.515 [main] TPTrac - Get user contact data
[INFO ] 2025-07-10 13:00:20.632 [main] TPTrac - enter first name
[INFO ] 2025-07-10 13:00:20.748 [main] TPTrac - enter last name
[INFO ] 2025-07-10 13:00:20.857 [main] TPTrac - enter email id
[INFO ] 2025-07-10 13:00:21.016 [main] TPTrac - Get user role data
[INFO ] 2025-07-10 13:00:21.177 [main] TPTrac - Entered User ID
[INFO ] 2025-07-10 13:00:21.346 [main] TPTrac - Entered First Name
[INFO ] 2025-07-10 13:00:21.512 [main] TPTrac - Entered Last Name
[INFO ] 2025-07-10 13:00:21.662 [main] TPTrac - Entered Email ID
[INFO ] 2025-07-10 13:00:26.055 [main] TPTrac - Entered user contact
[INFO ] 2025-07-10 13:00:34.439 [main] TPTrac - Role selected
[INFO ] 2025-07-10 13:00:36.623 [main] TPTrac - Clicked on Add Button
[INFO ] 2025-07-10 13:00:45.894 [main] TPTrac - Yes button displayed: true
[INFO ] 2025-07-10 13:00:45.928 [main] TPTrac - Yes button enabled: true
[INFO ] 2025-07-10 13:00:56.097 [main] TPTrac - Yes button clicked successfully.
[INFO ] 2025-07-10 13:00:56.253 [main] TPTrac - Get invalid data
[INFO ] 2025-07-10 13:01:06.520 [main] TPTrac - Verified successfully
[INFO ] 2025-07-10 13:01:09.731 [main] TPTrac - User tab selected
[INFO ] 2025-07-10 13:01:09.843 [main] TPTrac - Get user name data
[INFO ] 2025-07-10 13:01:30.027 [main] TPTrac - Get invalid data
[INFO ] 2025-07-10 13:01:40.313 [main] TPTrac - User activate successfully
[INFO ] 2025-07-10 13:01:49.665 [main] TPTrac - User tab selected
[INFO ] 2025-07-10 13:02:28.550 [main] TPTrac - URL opened
[INFO ] 2025-07-10 13:02:36.063 [main] TPTrac - Click on vendor menu
[INFO ] 2025-07-10 13:02:36.755 [main] TPTrac - Click on vendor category management 
[INFO ] 2025-07-10 13:02:37.158 [main] TPTrac - Click on add new vendor category management 
[INFO ] 2025-07-10 13:02:39.373 [main] TPTrac - entered vendor category name 
[INFO ] 2025-07-10 13:02:39.519 [main] TPTrac - entered vendor category code 
[INFO ] 2025-07-10 13:02:39.647 [main] TPTrac - Added a new vendor category management successfully 
[INFO ] 2025-07-10 13:02:43.039 [main] TPTrac - Click on vendor menu
[INFO ] 2025-07-10 13:02:43.569 [main] TPTrac - Click on vendor category management 
[INFO ] 2025-07-10 13:02:43.932 [main] TPTrac - Click on add new vendor category management 
[INFO ] 2025-07-10 13:02:46.060 [main] TPTrac - entered vendor category name 
[INFO ] 2025-07-10 13:02:46.168 [main] TPTrac - entered vendor category code 
[INFO ] 2025-07-10 13:03:34.290 [main] TPTrac - Verfied successfully
[INFO ] 2025-07-10 13:03:37.613 [main] TPTrac - Click on vendor menu
[INFO ] 2025-07-10 13:03:38.105 [main] TPTrac - Click on vendor category management 
[INFO ] 2025-07-10 13:03:38.449 [main] TPTrac - Click on add new vendor category management 
[INFO ] 2025-07-10 13:03:40.660 [main] TPTrac - entered vendor category name 
[INFO ] 2025-07-10 13:03:40.812 [main] TPTrac - entered vendor category code 
[INFO ] 2025-07-10 13:03:40.929 [main] TPTrac - Added a new vendor category management successfully 
[INFO ] 2025-07-10 13:04:09.211 [main] TPTrac - URL opened
[INFO ] 2025-07-10 13:04:16.737 [main] TPTrac - Click on vendor menu
[INFO ] 2025-07-10 13:04:31.914 [main] TPTrac - Verfied successfully
[INFO ] 2025-07-10 13:04:59.983 [main] TPTrac - URL opened
[INFO ] 2025-07-10 13:05:07.467 [main] TPTrac - Click on vendor menu
[INFO ] 2025-07-10 13:05:08.027 [main] TPTrac - Click on vendor category management 
[INFO ] 2025-07-10 13:05:48.854 [main] TPTrac - URL opened
[INFO ] 2025-07-10 13:22:11.690 [main] TPTrac - URL opened
[INFO ] 2025-07-10 13:22:21.164 [main] TPTrac - User tab selected
[INFO ] 2025-07-10 13:22:21.364 [main] TPTrac - Add user button clicked
[INFO ] 2025-07-10 13:22:23.671 [main] TPTrac - Clicked on Add Button
[INFO ] 2025-07-10 13:22:29.790 [main] TPTrac - User tab selected
[INFO ] 2025-07-10 13:22:29.925 [main] TPTrac - Department Button clicked and verified successfully
[INFO ] 2025-07-10 13:22:33.059 [main] TPTrac - User tab selected
[INFO ] 2025-07-10 13:22:35.287 [main] TPTrac - Department Button clicked and verified successfully
[INFO ] 2025-07-10 13:22:43.345 [main] TPTrac - User tab selected
[INFO ] 2025-07-10 13:22:45.631 [main] TPTrac - Department Button clicked and verified successfully
[INFO ] 2025-07-10 13:22:47.505 [main] TPTrac - Clicked on Add Button
[INFO ] 2025-07-10 13:22:50.655 [main] TPTrac - User tab selected
[INFO ] 2025-07-10 13:22:51.128 [main] TPTrac - Add user button clicked
[INFO ] 2025-07-10 13:22:51.326 [main] TPTrac - Get user name data
[INFO ] 2025-07-10 13:22:51.489 [main] TPTrac - Get user contact data
[INFO ] 2025-07-10 13:22:51.669 [main] TPTrac - enter first name
[INFO ] 2025-07-10 13:22:51.811 [main] TPTrac - enter last name
[INFO ] 2025-07-10 13:22:52.004 [main] TPTrac - enter email id
[INFO ] 2025-07-10 13:22:52.147 [main] TPTrac - Get user role data
[INFO ] 2025-07-10 13:22:52.306 [main] TPTrac - Entered User ID
[INFO ] 2025-07-10 13:22:52.488 [main] TPTrac - Entered First Name
[INFO ] 2025-07-10 13:22:52.640 [main] TPTrac - Entered Last Name
[INFO ] 2025-07-10 13:22:52.806 [main] TPTrac - Entered Email ID
[INFO ] 2025-07-10 13:22:57.380 [main] TPTrac - Entered user contact
[INFO ] 2025-07-10 13:23:03.887 [main] TPTrac - Role selected
[INFO ] 2025-07-10 13:23:06.062 [main] TPTrac - Clicked on Add Button
[INFO ] 2025-07-10 13:23:06.137 [main] TPTrac - Search user field is clickable
[INFO ] 2025-07-10 13:23:06.221 [main] TPTrac - Sent keys to search user using JavaScript
[WARN ] 2025-07-10 13:23:11.727 [main] TPTrac - StaleElementReferenceException encountered, retrying...
[INFO ] 2025-07-10 13:23:12.815 [main] TPTrac - Verified Actual user successfully
[INFO ] 2025-07-10 13:23:12.815 [main] TPTrac - Start Auditor User Update validation
[INFO ] 2025-07-10 13:23:16.309 [main] TPTrac - User tab selected
[INFO ] 2025-07-10 13:23:18.706 [main] TPTrac - User selected to update the data
[INFO ] 2025-07-10 13:23:23.154 [main] TPTrac - Phone number cleared
[INFO ] 2025-07-10 13:23:23.440 [main] TPTrac - New phone number entered: 7134567999
[INFO ] 2025-07-10 13:23:23.648 [main] TPTrac - Clicked on Save button
[INFO ] 2025-07-10 13:23:23.689 [main] TPTrac - Verified updated user successfully
[INFO ] 2025-07-10 13:23:23.689 [main] TPTrac - Started user list validation
[INFO ] 2025-07-10 13:23:26.840 [main] TPTrac - Clicked on user tab
[INFO ] 2025-07-10 13:23:46.933 [main] TPTrac - Start Search User validation
[INFO ] 2025-07-10 13:23:47.060 [main] TPTrac - Get valid data
[INFO ] 2025-07-10 13:23:47.175 [main] TPTrac - Get invalid data
[INFO ] 2025-07-10 13:23:50.313 [main] TPTrac - User tab selected
[INFO ] 2025-07-10 13:24:00.987 [main] TPTrac - Verified search user functionality successfully
[INFO ] 2025-07-10 13:24:04.141 [main] TPTrac - User tab selected
[INFO ] 2025-07-10 13:24:04.311 [main] TPTrac - Add user button clicked
[INFO ] 2025-07-10 13:24:04.436 [main] TPTrac - Get user name data
[INFO ] 2025-07-10 13:24:04.554 [main] TPTrac - Get user contact data
[INFO ] 2025-07-10 13:24:04.671 [main] TPTrac - enter first name
[INFO ] 2025-07-10 13:24:04.773 [main] TPTrac - enter last name
[INFO ] 2025-07-10 13:24:04.866 [main] TPTrac - enter email id
[INFO ] 2025-07-10 13:24:04.954 [main] TPTrac - Get user role data
[INFO ] 2025-07-10 13:24:05.113 [main] TPTrac - Entered User ID
[INFO ] 2025-07-10 13:24:05.289 [main] TPTrac - Entered First Name
[INFO ] 2025-07-10 13:24:05.455 [main] TPTrac - Entered Last Name
[INFO ] 2025-07-10 13:24:05.621 [main] TPTrac - Entered Email ID
[INFO ] 2025-07-10 13:24:10.180 [main] TPTrac - Entered user contact
[INFO ] 2025-07-10 13:24:18.720 [main] TPTrac - Role selected
[INFO ] 2025-07-10 13:24:20.944 [main] TPTrac - Clicked on Add Button
[INFO ] 2025-07-10 13:24:28.636 [main] TPTrac - User tab selected
[INFO ] 2025-07-10 13:24:28.737 [main] TPTrac - Get user name data
[INFO ] 2025-07-10 13:25:04.931 [main] TPTrac - User tab selected
[INFO ] 2025-07-10 13:25:43.806 [main] TPTrac - URL opened
[INFO ] 2025-07-10 13:25:51.562 [main] TPTrac - Click on vendor menu
[INFO ] 2025-07-10 13:25:52.117 [main] TPTrac - Click on vendor category management 
[INFO ] 2025-07-10 13:25:52.513 [main] TPTrac - Click on add new vendor category management 
[INFO ] 2025-07-10 13:25:54.660 [main] TPTrac - entered vendor category name 
[INFO ] 2025-07-10 13:25:54.773 [main] TPTrac - entered vendor category code 
[INFO ] 2025-07-10 13:25:54.863 [main] TPTrac - Added a new vendor category management successfully 
[INFO ] 2025-07-10 13:25:58.348 [main] TPTrac - Click on vendor menu
[INFO ] 2025-07-10 13:25:58.799 [main] TPTrac - Click on vendor category management 
[INFO ] 2025-07-10 13:25:59.165 [main] TPTrac - Click on add new vendor category management 
[INFO ] 2025-07-10 13:26:01.372 [main] TPTrac - entered vendor category name 
[INFO ] 2025-07-10 13:26:01.521 [main] TPTrac - entered vendor category code 
[INFO ] 2025-07-10 13:26:49.747 [main] TPTrac - Verfied successfully
[INFO ] 2025-07-10 13:26:53.129 [main] TPTrac - Click on vendor menu
[INFO ] 2025-07-10 13:26:53.581 [main] TPTrac - Click on vendor category management 
[INFO ] 2025-07-10 13:26:53.975 [main] TPTrac - Click on add new vendor category management 
[INFO ] 2025-07-10 13:26:56.196 [main] TPTrac - entered vendor category name 
[INFO ] 2025-07-10 13:26:56.354 [main] TPTrac - entered vendor category code 
[INFO ] 2025-07-10 13:26:56.481 [main] TPTrac - Added a new vendor category management successfully 
[INFO ] 2025-07-10 13:27:25.085 [main] TPTrac - URL opened
[INFO ] 2025-07-10 13:27:33.006 [main] TPTrac - Click on vendor menu
[INFO ] 2025-07-10 13:27:48.940 [main] TPTrac - Verfied successfully
[INFO ] 2025-07-10 13:28:17.412 [main] TPTrac - URL opened
[INFO ] 2025-07-10 13:28:25.192 [main] TPTrac - Click on vendor menu
[INFO ] 2025-07-10 13:28:25.756 [main] TPTrac - Click on vendor category management 
[INFO ] 2025-07-10 13:29:06.807 [main] TPTrac - URL opened
[INFO ] 2025-07-10 13:29:13.871 [main] TPTrac - Attempt 1 to add vendor
[WARN ] 2025-07-10 13:29:31.005 [main] TPTrac - Risk Rating failed on attempt 1. Retrying...
[INFO ] 2025-07-10 13:29:43.100 [main] TPTrac - Attempt 2 to add vendor
[INFO ] 2025-07-10 13:29:50.253 [main] TPTrac - Risk Rating content is loaded.
[INFO ] 2025-07-10 13:29:52.852 [main] TPTrac - Vendor added successfully: OLX
[INFO ] 2025-07-10 13:30:23.111 [main] TPTrac - Verfied successfully
[INFO ] 2025-07-10 14:37:51.738 [main] TPTrac - URL opened
[INFO ] 2025-07-10 14:38:00.848 [main] TPTrac - User tab selected
[INFO ] 2025-07-10 14:38:00.946 [main] TPTrac - Add user button clicked
[INFO ] 2025-07-10 14:38:03.082 [main] TPTrac - Clicked on Add Button
[INFO ] 2025-07-10 14:38:09.346 [main] TPTrac - User tab selected
[INFO ] 2025-07-10 14:38:09.428 [main] TPTrac - Department Button clicked and verified successfully
[INFO ] 2025-07-10 14:38:12.496 [main] TPTrac - User tab selected
[INFO ] 2025-07-10 14:38:14.583 [main] TPTrac - Department Button clicked and verified successfully
[INFO ] 2025-07-10 14:38:22.058 [main] TPTrac - User tab selected
[INFO ] 2025-07-10 14:38:24.181 [main] TPTrac - Department Button clicked and verified successfully
[INFO ] 2025-07-10 14:38:25.433 [main] TPTrac - Clicked on Add Button
[INFO ] 2025-07-10 14:38:28.519 [main] TPTrac - User tab selected
[INFO ] 2025-07-10 14:38:28.969 [main] TPTrac - Add user button clicked
[INFO ] 2025-07-10 14:38:29.138 [main] TPTrac - Get user name data
[INFO ] 2025-07-10 14:38:29.271 [main] TPTrac - Get user contact data
[INFO ] 2025-07-10 14:38:29.360 [main] TPTrac - enter first name
[INFO ] 2025-07-10 14:38:29.460 [main] TPTrac - enter last name
[INFO ] 2025-07-10 14:38:29.554 [main] TPTrac - enter email id
[INFO ] 2025-07-10 14:38:29.642 [main] TPTrac - Get user role data
[INFO ] 2025-07-10 14:38:29.719 [main] TPTrac - Entered User ID
[INFO ] 2025-07-10 14:38:29.793 [main] TPTrac - Entered First Name
[INFO ] 2025-07-10 14:38:29.867 [main] TPTrac - Entered Last Name
[INFO ] 2025-07-10 14:38:29.977 [main] TPTrac - Entered Email ID
[INFO ] 2025-07-10 14:38:34.244 [main] TPTrac - Entered user contact
[INFO ] 2025-07-10 14:38:40.505 [main] TPTrac - Role selected
[INFO ] 2025-07-10 14:38:42.616 [main] TPTrac - Clicked on Add Button
[INFO ] 2025-07-10 14:38:42.644 [main] TPTrac - Search user field is clickable
[INFO ] 2025-07-10 14:38:42.678 [main] TPTrac - Sent keys to search user using JavaScript
[INFO ] 2025-07-10 14:38:45.664 [main] TPTrac - Verified Actual user successfully
[INFO ] 2025-07-10 14:38:45.664 [main] TPTrac - Start Auditor User Update validation
[INFO ] 2025-07-10 14:38:48.981 [main] TPTrac - User tab selected
[INFO ] 2025-07-10 14:38:51.165 [main] TPTrac - User selected to update the data
[INFO ] 2025-07-10 14:38:55.395 [main] TPTrac - Phone number cleared
[INFO ] 2025-07-10 14:38:55.591 [main] TPTrac - New phone number entered: 7134567999
[INFO ] 2025-07-10 14:38:55.687 [main] TPTrac - Clicked on Save button
[INFO ] 2025-07-10 14:38:55.694 [main] TPTrac - Verified updated user successfully
[INFO ] 2025-07-10 14:38:55.712 [main] TPTrac - Started user list validation
[INFO ] 2025-07-10 14:38:58.772 [main] TPTrac - Clicked on user tab
[INFO ] 2025-07-10 14:39:18.818 [main] TPTrac - Start Search User validation
[INFO ] 2025-07-10 14:39:18.884 [main] TPTrac - Get valid data
[INFO ] 2025-07-10 14:39:18.994 [main] TPTrac - Get invalid data
[INFO ] 2025-07-10 14:39:22.098 [main] TPTrac - User tab selected
[INFO ] 2025-07-10 14:39:32.429 [main] TPTrac - Verified search user functionality successfully
[INFO ] 2025-07-10 14:39:35.495 [main] TPTrac - User tab selected
[INFO ] 2025-07-10 14:39:35.589 [main] TPTrac - Add user button clicked
[INFO ] 2025-07-10 14:39:35.724 [main] TPTrac - Get user name data
[INFO ] 2025-07-10 14:39:35.803 [main] TPTrac - Get user contact data
[INFO ] 2025-07-10 14:39:35.888 [main] TPTrac - enter first name
[INFO ] 2025-07-10 14:39:35.955 [main] TPTrac - enter last name
[INFO ] 2025-07-10 14:39:36.035 [main] TPTrac - enter email id
[INFO ] 2025-07-10 14:39:36.105 [main] TPTrac - Get user role data
[INFO ] 2025-07-10 14:39:36.179 [main] TPTrac - Entered User ID
[INFO ] 2025-07-10 14:39:36.263 [main] TPTrac - Entered First Name
[INFO ] 2025-07-10 14:39:36.332 [main] TPTrac - Entered Last Name
[INFO ] 2025-07-10 14:39:36.426 [main] TPTrac - Entered Email ID
[INFO ] 2025-07-10 14:39:40.705 [main] TPTrac - Entered user contact
[INFO ] 2025-07-10 14:39:48.951 [main] TPTrac - Role selected
[INFO ] 2025-07-10 14:39:51.043 [main] TPTrac - Clicked on Add Button
[INFO ] 2025-07-10 14:40:00.093 [main] TPTrac - Yes button displayed: true
[INFO ] 2025-07-10 14:40:00.093 [main] TPTrac - Yes button enabled: true
[INFO ] 2025-07-10 14:40:10.184 [main] TPTrac - Yes button clicked successfully.
[INFO ] 2025-07-10 14:40:10.243 [main] TPTrac - Get invalid data
[INFO ] 2025-07-10 14:40:20.392 [main] TPTrac - Verified successfully
[INFO ] 2025-07-10 14:40:23.448 [main] TPTrac - User tab selected
[INFO ] 2025-07-10 14:40:23.510 [main] TPTrac - Get user name data
[INFO ] 2025-07-10 14:40:42.810 [main] TPTrac - Get invalid data
[INFO ] 2025-07-10 14:40:52.941 [main] TPTrac - User activate successfully
[INFO ] 2025-07-10 14:41:02.142 [main] TPTrac - User tab selected
[INFO ] 2025-07-10 14:41:40.308 [main] TPTrac - URL opened
[INFO ] 2025-07-10 14:41:47.689 [main] TPTrac - Click on vendor menu
[INFO ] 2025-07-10 14:41:48.188 [main] TPTrac - Click on vendor category management 
[INFO ] 2025-07-10 14:41:48.549 [main] TPTrac - Click on add new vendor category management 
[INFO ] 2025-07-10 14:41:50.672 [main] TPTrac - entered vendor category name 
[INFO ] 2025-07-10 14:41:50.745 [main] TPTrac - entered vendor category code 
[INFO ] 2025-07-10 14:41:50.813 [main] TPTrac - Added a new vendor category management successfully 
[INFO ] 2025-07-10 14:41:54.159 [main] TPTrac - Click on vendor menu
[INFO ] 2025-07-10 14:41:54.649 [main] TPTrac - Click on vendor category management 
[INFO ] 2025-07-10 14:41:55.032 [main] TPTrac - Click on add new vendor category management 
[INFO ] 2025-07-10 14:41:57.133 [main] TPTrac - entered vendor category name 
[INFO ] 2025-07-10 14:41:57.194 [main] TPTrac - entered vendor category code 
[INFO ] 2025-07-10 14:42:44.851 [main] TPTrac - Verfied successfully
[INFO ] 2025-07-10 14:42:48.041 [main] TPTrac - Click on vendor menu
[INFO ] 2025-07-10 14:42:48.454 [main] TPTrac - Click on vendor category management 
[INFO ] 2025-07-10 14:42:48.764 [main] TPTrac - Click on add new vendor category management 
[INFO ] 2025-07-10 14:42:50.875 [main] TPTrac - entered vendor category name 
[INFO ] 2025-07-10 14:42:50.950 [main] TPTrac - entered vendor category code 
[INFO ] 2025-07-10 14:42:51.015 [main] TPTrac - Added a new vendor category management successfully 
[INFO ] 2025-07-10 14:43:19.025 [main] TPTrac - URL opened
[INFO ] 2025-07-10 14:43:26.536 [main] TPTrac - Click on vendor menu
[INFO ] 2025-07-10 14:43:41.881 [main] TPTrac - Verfied successfully
[INFO ] 2025-07-10 14:44:09.811 [main] TPTrac - URL opened
[INFO ] 2025-07-10 14:44:17.176 [main] TPTrac - Click on vendor menu
[INFO ] 2025-07-10 14:44:17.639 [main] TPTrac - Click on vendor category management 
[INFO ] 2025-07-10 14:44:57.835 [main] TPTrac - URL opened
[INFO ] 2025-07-10 14:45:04.240 [main] TPTrac - Attempt 1 to add vendor
[WARN ] 2025-07-10 14:45:19.937 [main] TPTrac - Risk Rating failed on attempt 1. Retrying...
[INFO ] 2025-07-10 14:45:32.018 [main] TPTrac - Attempt 2 to add vendor
[WARN ] 2025-07-10 14:46:05.789 [main] TPTrac - Risk Rating failed on attempt 2. Retrying...
[ERROR] 2025-07-10 14:46:05.830 [main] TPTrac - Cancel logic failed completely
org.openqa.selenium.StaleElementReferenceException: stale element reference: stale element not found in the current frame
  (Session info: chrome=138.0.7204.100)
For documentation on this error, please visit: https://www.selenium.dev/documentation/webdriver/troubleshooting/errors#stale-element-reference-exception
Build info: version: '4.17.0', revision: 'e52b1be057*'
System info: os.name: 'Windows 11', os.arch: 'amd64', os.version: '10.0', java.version: '17.0.6'
Driver info: org.openqa.selenium.chrome.ChromeDriver
Command: [4359e0ca592162bb5e76836b1d300360, executeScript {args=[{element-6066-11e4-a52e-4f735466cecf=f.C88032268894E26E2BE37AD74577C1DB.d.C9A15B7310E02DE3CCE12C9B3436CA89.e.121}], script=arguments[0].scrollIntoView(true);arguments[0].style.zIndex='9999';arguments[0].style.position='relative';arguments[0].style.display='block';arguments[0].style.visibility='visible';}]
Capabilities {acceptInsecureCerts: false, browserName: chrome, browserVersion: 138.0.7204.100, chrome: {chromedriverVersion: 138.0.7204.49 (d2b48fd5f781..., userDataDir: C:\Users\NIRANJ~1\AppData\L...}, fedcm:accounts: true, goog:chromeOptions: {debuggerAddress: localhost:52019}, networkConnectionEnabled: false, pageLoadStrategy: normal, platformName: windows, proxy: Proxy(), se:cdp: ws://localhost:52019/devtoo..., se:cdpVersion: 138.0.7204.100, setWindowRect: true, strictFileInteractability: false, timeouts: {implicit: 0, pageLoad: 300000, script: 30000}, unhandledPromptBehavior: dismiss and notify, webauthn:extension:credBlob: true, webauthn:extension:largeBlob: true, webauthn:extension:minPinLength: true, webauthn:extension:prf: true, webauthn:virtualAuthenticators: true}
Session ID: 4359e0ca592162bb5e76836b1d300360
	at jdk.internal.reflect.NativeConstructorAccessorImpl.newInstance0(Native Method) ~[?:?]
	at jdk.internal.reflect.NativeConstructorAccessorImpl.newInstance(NativeConstructorAccessorImpl.java:77) ~[?:?]
	at jdk.internal.reflect.DelegatingConstructorAccessorImpl.newInstance(DelegatingConstructorAccessorImpl.java:45) ~[?:?]
	at java.lang.reflect.Constructor.newInstanceWithCaller(Constructor.java:499) ~[?:?]
	at java.lang.reflect.Constructor.newInstance(Constructor.java:480) ~[?:?]
	at org.openqa.selenium.remote.codec.w3c.W3CHttpResponseCodec.createException(W3CHttpResponseCodec.java:185) ~[selenium-remote-driver-4.17.0.jar:?]
	at org.openqa.selenium.remote.codec.w3c.W3CHttpResponseCodec.decode(W3CHttpResponseCodec.java:134) ~[selenium-remote-driver-4.17.0.jar:?]
	at org.openqa.selenium.remote.codec.w3c.W3CHttpResponseCodec.decode(W3CHttpResponseCodec.java:51) ~[selenium-remote-driver-4.17.0.jar:?]
	at org.openqa.selenium.remote.HttpCommandExecutor.execute(HttpCommandExecutor.java:190) ~[selenium-remote-driver-4.17.0.jar:?]
	at org.openqa.selenium.remote.service.DriverCommandExecutor.invokeExecute(DriverCommandExecutor.java:216) ~[selenium-remote-driver-4.17.0.jar:?]
	at org.openqa.selenium.remote.service.DriverCommandExecutor.execute(DriverCommandExecutor.java:174) ~[selenium-remote-driver-4.17.0.jar:?]
	at org.openqa.selenium.remote.RemoteWebDriver.execute(RemoteWebDriver.java:519) ~[selenium-remote-driver-4.17.0.jar:?]
	at org.openqa.selenium.remote.RemoteWebDriver.executeScript(RemoteWebDriver.java:464) ~[selenium-remote-driver-4.17.0.jar:?]
	at com.tptrac.testscript.VendorManagementModule.cancelVendorForm(VendorManagementModule.java:182) ~[test-classes/:?]
	at com.tptrac.testscript.VendorManagementModule.testAddVendor(VendorManagementModule.java:119) ~[test-classes/:?]
	at jdk.internal.reflect.NativeMethodAccessorImpl.invoke0(Native Method) ~[?:?]
	at jdk.internal.reflect.NativeMethodAccessorImpl.invoke(NativeMethodAccessorImpl.java:77) ~[?:?]
	at jdk.internal.reflect.DelegatingMethodAccessorImpl.invoke(DelegatingMethodAccessorImpl.java:43) ~[?:?]
	at java.lang.reflect.Method.invoke(Method.java:568) ~[?:?]
	at org.testng.internal.invokers.MethodInvocationHelper.invokeMethod(MethodInvocationHelper.java:139) ~[testng-7.7.1.jar:7.7.1]
	at org.testng.internal.invokers.TestInvoker.invokeMethod(TestInvoker.java:677) ~[testng-7.7.1.jar:7.7.1]
	at org.testng.internal.invokers.TestInvoker.invokeTestMethod(TestInvoker.java:221) ~[testng-7.7.1.jar:7.7.1]
	at org.testng.internal.invokers.MethodRunner.runInSequence(MethodRunner.java:50) ~[testng-7.7.1.jar:7.7.1]
	at org.testng.internal.invokers.TestInvoker$MethodInvocationAgent.invoke(TestInvoker.java:969) ~[testng-7.7.1.jar:7.7.1]
	at org.testng.internal.invokers.TestInvoker.invokeTestMethods(TestInvoker.java:194) ~[testng-7.7.1.jar:7.7.1]
	at org.testng.internal.invokers.TestMethodWorker.invokeTestMethods(TestMethodWorker.java:148) ~[testng-7.7.1.jar:7.7.1]
	at org.testng.internal.invokers.TestMethodWorker.run(TestMethodWorker.java:128) ~[testng-7.7.1.jar:7.7.1]
	at java.util.ArrayList.forEach(ArrayList.java:1511) ~[?:?]
	at org.testng.TestRunner.privateRun(TestRunner.java:829) ~[testng-7.7.1.jar:7.7.1]
	at org.testng.TestRunner.run(TestRunner.java:602) ~[testng-7.7.1.jar:7.7.1]
	at org.testng.SuiteRunner.runTest(SuiteRunner.java:437) ~[testng-7.7.1.jar:7.7.1]
	at org.testng.SuiteRunner.runSequentially(SuiteRunner.java:431) ~[testng-7.7.1.jar:7.7.1]
	at org.testng.SuiteRunner.privateRun(SuiteRunner.java:391) ~[testng-7.7.1.jar:7.7.1]
	at org.testng.SuiteRunner.run(SuiteRunner.java:330) ~[testng-7.7.1.jar:7.7.1]
	at org.testng.SuiteRunnerWorker.runSuite(SuiteRunnerWorker.java:52) ~[testng-7.7.1.jar:7.7.1]
	at org.testng.SuiteRunnerWorker.run(SuiteRunnerWorker.java:95) ~[testng-7.7.1.jar:7.7.1]
	at org.testng.TestNG.runSuitesSequentially(TestNG.java:1256) ~[testng-7.7.1.jar:7.7.1]
	at org.testng.TestNG.runSuitesLocally(TestNG.java:1176) ~[testng-7.7.1.jar:7.7.1]
	at org.testng.TestNG.runSuites(TestNG.java:1099) ~[testng-7.7.1.jar:7.7.1]
	at org.testng.TestNG.run(TestNG.java:1067) ~[testng-7.7.1.jar:7.7.1]
	at org.testng.remote.AbstractRemoteTestNG.run(AbstractRemoteTestNG.java:115) ~[testng-remote.jar:?]
	at org.testng.remote.RemoteTestNG.initAndRun(RemoteTestNG.java:293) ~[testng-remote.jar:?]
	at org.testng.remote.RemoteTestNG.main(RemoteTestNG.java:91) ~[testng-remote.jar:?]
[INFO ] 2025-07-10 14:46:07.841 [main] TPTrac - Attempt 3 to add vendor
[WARN ] 2025-07-10 14:46:11.889 [main] TPTrac - Risk Rating failed on attempt 3. Retrying...
[INFO ] 2025-07-10 14:46:23.976 [main] TPTrac - Attempt 4 to add vendor
[WARN ] 2025-07-10 14:46:28.036 [main] TPTrac - Risk Rating failed on attempt 4. Retrying...
[ERROR] 2025-07-10 14:46:28.059 [main] TPTrac - Cancel logic failed completely
org.openqa.selenium.StaleElementReferenceException: stale element reference: stale element not found in the current frame
  (Session info: chrome=138.0.7204.100)
For documentation on this error, please visit: https://www.selenium.dev/documentation/webdriver/troubleshooting/errors#stale-element-reference-exception
Build info: version: '4.17.0', revision: 'e52b1be057*'
System info: os.name: 'Windows 11', os.arch: 'amd64', os.version: '10.0', java.version: '17.0.6'
Driver info: org.openqa.selenium.chrome.ChromeDriver
Command: [4359e0ca592162bb5e76836b1d300360, executeScript {args=[{element-6066-11e4-a52e-4f735466cecf=f.C88032268894E26E2BE37AD74577C1DB.d.C9A15B7310E02DE3CCE12C9B3436CA89.e.205}], script=arguments[0].scrollIntoView(true);arguments[0].style.zIndex='9999';arguments[0].style.position='relative';arguments[0].style.display='block';arguments[0].style.visibility='visible';}]
Capabilities {acceptInsecureCerts: false, browserName: chrome, browserVersion: 138.0.7204.100, chrome: {chromedriverVersion: 138.0.7204.49 (d2b48fd5f781..., userDataDir: C:\Users\NIRANJ~1\AppData\L...}, fedcm:accounts: true, goog:chromeOptions: {debuggerAddress: localhost:52019}, networkConnectionEnabled: false, pageLoadStrategy: normal, platformName: windows, proxy: Proxy(), se:cdp: ws://localhost:52019/devtoo..., se:cdpVersion: 138.0.7204.100, setWindowRect: true, strictFileInteractability: false, timeouts: {implicit: 0, pageLoad: 300000, script: 30000}, unhandledPromptBehavior: dismiss and notify, webauthn:extension:credBlob: true, webauthn:extension:largeBlob: true, webauthn:extension:minPinLength: true, webauthn:extension:prf: true, webauthn:virtualAuthenticators: true}
Session ID: 4359e0ca592162bb5e76836b1d300360
	at jdk.internal.reflect.NativeConstructorAccessorImpl.newInstance0(Native Method) ~[?:?]
	at jdk.internal.reflect.NativeConstructorAccessorImpl.newInstance(NativeConstructorAccessorImpl.java:77) ~[?:?]
	at jdk.internal.reflect.DelegatingConstructorAccessorImpl.newInstance(DelegatingConstructorAccessorImpl.java:45) ~[?:?]
	at java.lang.reflect.Constructor.newInstanceWithCaller(Constructor.java:499) ~[?:?]
	at java.lang.reflect.Constructor.newInstance(Constructor.java:480) ~[?:?]
	at org.openqa.selenium.remote.codec.w3c.W3CHttpResponseCodec.createException(W3CHttpResponseCodec.java:185) ~[selenium-remote-driver-4.17.0.jar:?]
	at org.openqa.selenium.remote.codec.w3c.W3CHttpResponseCodec.decode(W3CHttpResponseCodec.java:134) ~[selenium-remote-driver-4.17.0.jar:?]
	at org.openqa.selenium.remote.codec.w3c.W3CHttpResponseCodec.decode(W3CHttpResponseCodec.java:51) ~[selenium-remote-driver-4.17.0.jar:?]
	at org.openqa.selenium.remote.HttpCommandExecutor.execute(HttpCommandExecutor.java:190) ~[selenium-remote-driver-4.17.0.jar:?]
	at org.openqa.selenium.remote.service.DriverCommandExecutor.invokeExecute(DriverCommandExecutor.java:216) ~[selenium-remote-driver-4.17.0.jar:?]
	at org.openqa.selenium.remote.service.DriverCommandExecutor.execute(DriverCommandExecutor.java:174) ~[selenium-remote-driver-4.17.0.jar:?]
	at org.openqa.selenium.remote.RemoteWebDriver.execute(RemoteWebDriver.java:519) ~[selenium-remote-driver-4.17.0.jar:?]
	at org.openqa.selenium.remote.RemoteWebDriver.executeScript(RemoteWebDriver.java:464) ~[selenium-remote-driver-4.17.0.jar:?]
	at com.tptrac.testscript.VendorManagementModule.cancelVendorForm(VendorManagementModule.java:182) ~[test-classes/:?]
	at com.tptrac.testscript.VendorManagementModule.testAddVendor(VendorManagementModule.java:119) ~[test-classes/:?]
	at jdk.internal.reflect.NativeMethodAccessorImpl.invoke0(Native Method) ~[?:?]
	at jdk.internal.reflect.NativeMethodAccessorImpl.invoke(NativeMethodAccessorImpl.java:77) ~[?:?]
	at jdk.internal.reflect.DelegatingMethodAccessorImpl.invoke(DelegatingMethodAccessorImpl.java:43) ~[?:?]
	at java.lang.reflect.Method.invoke(Method.java:568) ~[?:?]
	at org.testng.internal.invokers.MethodInvocationHelper.invokeMethod(MethodInvocationHelper.java:139) ~[testng-7.7.1.jar:7.7.1]
	at org.testng.internal.invokers.TestInvoker.invokeMethod(TestInvoker.java:677) ~[testng-7.7.1.jar:7.7.1]
	at org.testng.internal.invokers.TestInvoker.invokeTestMethod(TestInvoker.java:221) ~[testng-7.7.1.jar:7.7.1]
	at org.testng.internal.invokers.MethodRunner.runInSequence(MethodRunner.java:50) ~[testng-7.7.1.jar:7.7.1]
	at org.testng.internal.invokers.TestInvoker$MethodInvocationAgent.invoke(TestInvoker.java:969) ~[testng-7.7.1.jar:7.7.1]
	at org.testng.internal.invokers.TestInvoker.invokeTestMethods(TestInvoker.java:194) ~[testng-7.7.1.jar:7.7.1]
	at org.testng.internal.invokers.TestMethodWorker.invokeTestMethods(TestMethodWorker.java:148) ~[testng-7.7.1.jar:7.7.1]
	at org.testng.internal.invokers.TestMethodWorker.run(TestMethodWorker.java:128) ~[testng-7.7.1.jar:7.7.1]
	at java.util.ArrayList.forEach(ArrayList.java:1511) ~[?:?]
	at org.testng.TestRunner.privateRun(TestRunner.java:829) ~[testng-7.7.1.jar:7.7.1]
	at org.testng.TestRunner.run(TestRunner.java:602) ~[testng-7.7.1.jar:7.7.1]
	at org.testng.SuiteRunner.runTest(SuiteRunner.java:437) ~[testng-7.7.1.jar:7.7.1]
	at org.testng.SuiteRunner.runSequentially(SuiteRunner.java:431) ~[testng-7.7.1.jar:7.7.1]
	at org.testng.SuiteRunner.privateRun(SuiteRunner.java:391) ~[testng-7.7.1.jar:7.7.1]
	at org.testng.SuiteRunner.run(SuiteRunner.java:330) ~[testng-7.7.1.jar:7.7.1]
	at org.testng.SuiteRunnerWorker.runSuite(SuiteRunnerWorker.java:52) ~[testng-7.7.1.jar:7.7.1]
	at org.testng.SuiteRunnerWorker.run(SuiteRunnerWorker.java:95) ~[testng-7.7.1.jar:7.7.1]
	at org.testng.TestNG.runSuitesSequentially(TestNG.java:1256) ~[testng-7.7.1.jar:7.7.1]
	at org.testng.TestNG.runSuitesLocally(TestNG.java:1176) ~[testng-7.7.1.jar:7.7.1]
	at org.testng.TestNG.runSuites(TestNG.java:1099) ~[testng-7.7.1.jar:7.7.1]
	at org.testng.TestNG.run(TestNG.java:1067) ~[testng-7.7.1.jar:7.7.1]
	at org.testng.remote.AbstractRemoteTestNG.run(AbstractRemoteTestNG.java:115) ~[testng-remote.jar:?]
	at org.testng.remote.RemoteTestNG.initAndRun(RemoteTestNG.java:293) ~[testng-remote.jar:?]
	at org.testng.remote.RemoteTestNG.main(RemoteTestNG.java:91) ~[testng-remote.jar:?]
[INFO ] 2025-07-10 14:46:30.072 [main] TPTrac - Attempt 5 to add vendor
[WARN ] 2025-07-10 14:46:34.126 [main] TPTrac - Risk Rating failed on attempt 5. Retrying...
[ERROR] 2025-07-10 14:46:40.499 [main] TPTrac - Cancel logic failed completely
org.openqa.selenium.remote.UnreachableBrowserException: Error communicating with the remote browser. It may have died.
Build info: version: '4.17.0', revision: 'e52b1be057*'
System info: os.name: 'Windows 11', os.arch: 'amd64', os.version: '10.0', java.version: '17.0.6'
Driver info: org.openqa.selenium.chrome.ChromeDriver
Command: [4359e0ca592162bb5e76836b1d300360, findElement [using, value]]
Capabilities {acceptInsecureCerts: false, browserName: chrome, browserVersion: 138.0.7204.100, chrome: {chromedriverVersion: 138.0.7204.49 (d2b48fd5f781..., userDataDir: C:\Users\NIRANJ~1\AppData\L...}, fedcm:accounts: true, goog:chromeOptions: {debuggerAddress: localhost:52019}, networkConnectionEnabled: false, pageLoadStrategy: normal, platformName: windows, proxy: Proxy(), se:cdp: ws://localhost:52019/devtoo..., se:cdpVersion: 138.0.7204.100, setWindowRect: true, strictFileInteractability: false, timeouts: {implicit: 0, pageLoad: 300000, script: 30000}, unhandledPromptBehavior: dismiss and notify, webauthn:extension:credBlob: true, webauthn:extension:largeBlob: true, webauthn:extension:minPinLength: true, webauthn:extension:prf: true, webauthn:virtualAuthenticators: true}
Session ID: 4359e0ca592162bb5e76836b1d300360
	at org.openqa.selenium.remote.RemoteWebDriver.execute(RemoteWebDriver.java:546) ~[selenium-remote-driver-4.17.0.jar:?]
	at org.openqa.selenium.remote.ElementLocation$ElementFinder$2.findElement(ElementLocation.java:165) ~[selenium-remote-driver-4.17.0.jar:?]
	at org.openqa.selenium.remote.ElementLocation.findElement(ElementLocation.java:59) ~[selenium-remote-driver-4.17.0.jar:?]
	at org.openqa.selenium.remote.RemoteWebDriver.findElement(RemoteWebDriver.java:356) ~[selenium-remote-driver-4.17.0.jar:?]
	at org.openqa.selenium.remote.RemoteWebDriver.findElement(RemoteWebDriver.java:350) ~[selenium-remote-driver-4.17.0.jar:?]
	at org.openqa.selenium.support.ui.ExpectedConditions$6.apply(ExpectedConditions.java:171) ~[selenium-support-4.17.0.jar:?]
	at org.openqa.selenium.support.ui.ExpectedConditions$6.apply(ExpectedConditions.java:168) ~[selenium-support-4.17.0.jar:?]
	at org.openqa.selenium.support.ui.FluentWait.until(FluentWait.java:203) ~[selenium-support-4.17.0.jar:?]
	at com.tptrac.testscript.VendorManagementModule.cancelVendorForm(VendorManagementModule.java:176) ~[test-classes/:?]
	at com.tptrac.testscript.VendorManagementModule.testAddVendor(VendorManagementModule.java:119) ~[test-classes/:?]
	at jdk.internal.reflect.NativeMethodAccessorImpl.invoke0(Native Method) ~[?:?]
	at jdk.internal.reflect.NativeMethodAccessorImpl.invoke(NativeMethodAccessorImpl.java:77) ~[?:?]
	at jdk.internal.reflect.DelegatingMethodAccessorImpl.invoke(DelegatingMethodAccessorImpl.java:43) ~[?:?]
	at java.lang.reflect.Method.invoke(Method.java:568) ~[?:?]
	at org.testng.internal.invokers.MethodInvocationHelper.invokeMethod(MethodInvocationHelper.java:139) ~[testng-7.7.1.jar:7.7.1]
	at org.testng.internal.invokers.TestInvoker.invokeMethod(TestInvoker.java:677) ~[testng-7.7.1.jar:7.7.1]
	at org.testng.internal.invokers.TestInvoker.invokeTestMethod(TestInvoker.java:221) ~[testng-7.7.1.jar:7.7.1]
	at org.testng.internal.invokers.MethodRunner.runInSequence(MethodRunner.java:50) ~[testng-7.7.1.jar:7.7.1]
	at org.testng.internal.invokers.TestInvoker$MethodInvocationAgent.invoke(TestInvoker.java:969) ~[testng-7.7.1.jar:7.7.1]
	at org.testng.internal.invokers.TestInvoker.invokeTestMethods(TestInvoker.java:194) ~[testng-7.7.1.jar:7.7.1]
	at org.testng.internal.invokers.TestMethodWorker.invokeTestMethods(TestMethodWorker.java:148) ~[testng-7.7.1.jar:7.7.1]
	at org.testng.internal.invokers.TestMethodWorker.run(TestMethodWorker.java:128) ~[testng-7.7.1.jar:7.7.1]
	at java.util.ArrayList.forEach(ArrayList.java:1511) ~[?:?]
	at org.testng.TestRunner.privateRun(TestRunner.java:829) ~[testng-7.7.1.jar:7.7.1]
	at org.testng.TestRunner.run(TestRunner.java:602) ~[testng-7.7.1.jar:7.7.1]
	at org.testng.SuiteRunner.runTest(SuiteRunner.java:437) ~[testng-7.7.1.jar:7.7.1]
	at org.testng.SuiteRunner.runSequentially(SuiteRunner.java:431) ~[testng-7.7.1.jar:7.7.1]
	at org.testng.SuiteRunner.privateRun(SuiteRunner.java:391) ~[testng-7.7.1.jar:7.7.1]
	at org.testng.SuiteRunner.run(SuiteRunner.java:330) ~[testng-7.7.1.jar:7.7.1]
	at org.testng.SuiteRunnerWorker.runSuite(SuiteRunnerWorker.java:52) ~[testng-7.7.1.jar:7.7.1]
	at org.testng.SuiteRunnerWorker.run(SuiteRunnerWorker.java:95) ~[testng-7.7.1.jar:7.7.1]
	at org.testng.TestNG.runSuitesSequentially(TestNG.java:1256) ~[testng-7.7.1.jar:7.7.1]
	at org.testng.TestNG.runSuitesLocally(TestNG.java:1176) ~[testng-7.7.1.jar:7.7.1]
	at org.testng.TestNG.runSuites(TestNG.java:1099) ~[testng-7.7.1.jar:7.7.1]
	at org.testng.TestNG.run(TestNG.java:1067) ~[testng-7.7.1.jar:7.7.1]
	at org.testng.remote.AbstractRemoteTestNG.run(AbstractRemoteTestNG.java:115) ~[testng-remote.jar:?]
	at org.testng.remote.RemoteTestNG.initAndRun(RemoteTestNG.java:293) ~[testng-remote.jar:?]
	at org.testng.remote.RemoteTestNG.main(RemoteTestNG.java:91) ~[testng-remote.jar:?]
Caused by: java.io.UncheckedIOException: java.io.IOException: HTTP/1.1 header parser received no bytes
	at org.openqa.selenium.remote.http.jdk.JdkHttpClient.execute0(JdkHttpClient.java:442) ~[selenium-http-4.17.0.jar:?]
	at org.openqa.selenium.remote.http.AddSeleniumUserAgent.lambda$apply$0(AddSeleniumUserAgent.java:42) ~[selenium-http-4.17.0.jar:?]
	at org.openqa.selenium.remote.http.Filter.lambda$andFinally$1(Filter.java:55) ~[selenium-http-4.17.0.jar:?]
	at org.openqa.selenium.remote.http.jdk.JdkHttpClient.execute(JdkHttpClient.java:358) ~[selenium-http-4.17.0.jar:?]
	at org.openqa.selenium.remote.HttpCommandExecutor.execute(HttpCommandExecutor.java:187) ~[selenium-remote-driver-4.17.0.jar:?]
	at org.openqa.selenium.remote.service.DriverCommandExecutor.invokeExecute(DriverCommandExecutor.java:216) ~[selenium-remote-driver-4.17.0.jar:?]
	at org.openqa.selenium.remote.service.DriverCommandExecutor.execute(DriverCommandExecutor.java:174) ~[selenium-remote-driver-4.17.0.jar:?]
	at org.openqa.selenium.remote.RemoteWebDriver.execute(RemoteWebDriver.java:519) ~[selenium-remote-driver-4.17.0.jar:?]
	... 37 more
Caused by: java.io.IOException: HTTP/1.1 header parser received no bytes
	at jdk.internal.net.http.common.Utils.wrapWithExtraDetail(Utils.java:348) ~[java.net.http:?]
	at jdk.internal.net.http.Http1Response$HeadersReader.onReadError(Http1Response.java:675) ~[java.net.http:?]
	at jdk.internal.net.http.Http1AsyncReceiver.checkForErrors(Http1AsyncReceiver.java:302) ~[java.net.http:?]
	at jdk.internal.net.http.Http1AsyncReceiver.flush(Http1AsyncReceiver.java:268) ~[java.net.http:?]
	at jdk.internal.net.http.common.SequentialScheduler$LockingRestartableTask.run(SequentialScheduler.java:205) ~[java.net.http:?]
	at jdk.internal.net.http.common.SequentialScheduler$CompleteRestartableTask.run(SequentialScheduler.java:149) ~[java.net.http:?]
	at jdk.internal.net.http.common.SequentialScheduler$SchedulableTask.run(SequentialScheduler.java:230) ~[java.net.http:?]
	at java.util.concurrent.ThreadPoolExecutor.runWorker(ThreadPoolExecutor.java:1136) ~[?:?]
	at java.util.concurrent.ThreadPoolExecutor$Worker.run(ThreadPoolExecutor.java:635) ~[?:?]
	at java.lang.Thread.run(Thread.java:833) ~[?:?]
Caused by: java.net.SocketException: Connection reset
	at sun.nio.ch.SocketChannelImpl.throwConnectionReset(SocketChannelImpl.java:394) ~[?:?]
	at sun.nio.ch.SocketChannelImpl.read(SocketChannelImpl.java:426) ~[?:?]
	at jdk.internal.net.http.SocketTube.readAvailable(SocketTube.java:1170) ~[java.net.http:?]
	at jdk.internal.net.http.SocketTube$InternalReadPublisher$InternalReadSubscription.read(SocketTube.java:833) ~[java.net.http:?]
	at jdk.internal.net.http.SocketTube$SocketFlowTask.run(SocketTube.java:181) ~[java.net.http:?]
	at jdk.internal.net.http.common.SequentialScheduler$SchedulableTask.run(SequentialScheduler.java:230) ~[java.net.http:?]
	at jdk.internal.net.http.common.SequentialScheduler.runOrSchedule(SequentialScheduler.java:303) ~[java.net.http:?]
	at jdk.internal.net.http.common.SequentialScheduler.runOrSchedule(SequentialScheduler.java:256) ~[java.net.http:?]
	at jdk.internal.net.http.SocketTube$InternalReadPublisher$InternalReadSubscription.signalReadable(SocketTube.java:774) ~[java.net.http:?]
	at jdk.internal.net.http.SocketTube$InternalReadPublisher$ReadEvent.signalEvent(SocketTube.java:957) ~[java.net.http:?]
	at jdk.internal.net.http.SocketTube$SocketFlowEvent.handle(SocketTube.java:253) ~[java.net.http:?]
	at jdk.internal.net.http.HttpClientImpl$SelectorManager.handleEvent(HttpClientImpl.java:979) ~[java.net.http:?]
	at jdk.internal.net.http.HttpClientImpl$SelectorManager.lambda$run$3(HttpClientImpl.java:934) ~[java.net.http:?]
	at java.util.ArrayList.forEach(ArrayList.java:1511) ~[?:?]
	at jdk.internal.net.http.HttpClientImpl$SelectorManager.run(HttpClientImpl.java:934) ~[java.net.http:?]
[INFO ] 2025-07-10 14:46:49.357 [main] TPTrac - URL opened
[INFO ] 2025-07-10 14:46:58.298 [main] TPTrac - User tab selected
[INFO ] 2025-07-10 14:46:58.398 [main] TPTrac - Add user button clicked
[INFO ] 2025-07-10 14:47:00.591 [main] TPTrac - Clicked on Add Button
[INFO ] 2025-07-10 14:47:06.943 [main] TPTrac - User tab selected
[INFO ] 2025-07-10 14:47:07.032 [main] TPTrac - Department Button clicked and verified successfully
[INFO ] 2025-07-10 14:47:10.102 [main] TPTrac - User tab selected
[INFO ] 2025-07-10 14:47:12.210 [main] TPTrac - Department Button clicked and verified successfully
[INFO ] 2025-07-10 14:47:19.758 [main] TPTrac - User tab selected
[INFO ] 2025-07-10 14:47:21.894 [main] TPTrac - Department Button clicked and verified successfully
[INFO ] 2025-07-10 14:47:23.229 [main] TPTrac - Clicked on Add Button
[INFO ] 2025-07-10 14:47:26.338 [main] TPTrac - User tab selected
[INFO ] 2025-07-10 14:47:26.750 [main] TPTrac - Add user button clicked
[INFO ] 2025-07-10 14:47:26.855 [main] TPTrac - Get user name data
[INFO ] 2025-07-10 14:47:26.975 [main] TPTrac - Get user contact data
[INFO ] 2025-07-10 14:47:27.075 [main] TPTrac - enter first name
[INFO ] 2025-07-10 14:47:27.191 [main] TPTrac - enter last name
[INFO ] 2025-07-10 14:47:27.289 [main] TPTrac - enter email id
[INFO ] 2025-07-10 14:47:27.370 [main] TPTrac - Get user role data
[INFO ] 2025-07-10 14:47:27.450 [main] TPTrac - Entered User ID
[INFO ] 2025-07-10 14:47:27.527 [main] TPTrac - Entered First Name
[INFO ] 2025-07-10 14:47:27.609 [main] TPTrac - Entered Last Name
[INFO ] 2025-07-10 14:47:27.743 [main] TPTrac - Entered Email ID
[INFO ] 2025-07-10 14:47:32.045 [main] TPTrac - Entered user contact
[INFO ] 2025-07-10 14:47:38.400 [main] TPTrac - Role selected
[INFO ] 2025-07-10 14:47:40.479 [main] TPTrac - Clicked on Add Button
[INFO ] 2025-07-10 14:47:40.524 [main] TPTrac - Search user field is clickable
[INFO ] 2025-07-10 14:47:40.576 [main] TPTrac - Sent keys to search user using JavaScript
[INFO ] 2025-07-10 14:47:41.427 [main] TPTrac - Verified Actual user successfully
[INFO ] 2025-07-10 14:47:41.434 [main] TPTrac - Start Auditor User Update validation
[INFO ] 2025-07-10 14:47:44.719 [main] TPTrac - User tab selected
[INFO ] 2025-07-10 14:47:46.905 [main] TPTrac - User selected to update the data
[INFO ] 2025-07-10 14:47:51.175 [main] TPTrac - Phone number cleared
[INFO ] 2025-07-10 14:47:51.335 [main] TPTrac - New phone number entered: 7134567999
[INFO ] 2025-07-10 14:47:51.424 [main] TPTrac - Clicked on Save button
[INFO ] 2025-07-10 14:47:51.443 [main] TPTrac - Verified updated user successfully
[INFO ] 2025-07-10 14:47:51.443 [main] TPTrac - Started user list validation
[INFO ] 2025-07-10 14:47:54.514 [main] TPTrac - Clicked on user tab
[INFO ] 2025-07-10 14:48:14.546 [main] TPTrac - Start Search User validation
[INFO ] 2025-07-10 14:48:14.655 [main] TPTrac - Get valid data
[INFO ] 2025-07-10 14:48:14.733 [main] TPTrac - Get invalid data
[INFO ] 2025-07-10 14:48:17.805 [main] TPTrac - User tab selected
[INFO ] 2025-07-10 14:48:28.152 [main] TPTrac - Verified search user functionality successfully
[INFO ] 2025-07-10 14:48:31.265 [main] TPTrac - User tab selected
[INFO ] 2025-07-10 14:48:31.342 [main] TPTrac - Add user button clicked
[INFO ] 2025-07-10 14:48:31.451 [main] TPTrac - Get user name data
[INFO ] 2025-07-10 14:48:31.524 [main] TPTrac - Get user contact data
[INFO ] 2025-07-10 14:48:31.599 [main] TPTrac - enter first name
[INFO ] 2025-07-10 14:48:31.671 [main] TPTrac - enter last name
[INFO ] 2025-07-10 14:48:31.737 [main] TPTrac - enter email id
[INFO ] 2025-07-10 14:48:31.808 [main] TPTrac - Get user role data
[INFO ] 2025-07-10 14:48:31.885 [main] TPTrac - Entered User ID
[INFO ] 2025-07-10 14:48:31.958 [main] TPTrac - Entered First Name
[INFO ] 2025-07-10 14:48:32.024 [main] TPTrac - Entered Last Name
[INFO ] 2025-07-10 14:48:32.091 [main] TPTrac - Entered Email ID
[INFO ] 2025-07-10 14:48:36.345 [main] TPTrac - Entered user contact
[INFO ] 2025-07-10 14:48:44.591 [main] TPTrac - Role selected
[INFO ] 2025-07-10 14:48:46.691 [main] TPTrac - Clicked on Add Button
[INFO ] 2025-07-10 14:48:54.086 [main] TPTrac - User tab selected
[INFO ] 2025-07-10 14:48:54.150 [main] TPTrac - Get user name data
[INFO ] 2025-07-10 14:49:29.901 [main] TPTrac - User tab selected
[INFO ] 2025-07-10 14:50:08.115 [main] TPTrac - URL opened
[INFO ] 2025-07-10 14:50:15.502 [main] TPTrac - Click on vendor menu
[INFO ] 2025-07-10 14:50:15.987 [main] TPTrac - Click on vendor category management 
[INFO ] 2025-07-10 14:50:16.312 [main] TPTrac - Click on add new vendor category management 
[INFO ] 2025-07-10 14:50:18.389 [main] TPTrac - entered vendor category name 
[INFO ] 2025-07-10 14:50:18.446 [main] TPTrac - entered vendor category code 
[INFO ] 2025-07-10 14:50:18.499 [main] TPTrac - Added a new vendor category management successfully 
[INFO ] 2025-07-10 14:50:21.783 [main] TPTrac - Click on vendor menu
[INFO ] 2025-07-10 14:50:22.203 [main] TPTrac - Click on vendor category management 
[INFO ] 2025-07-10 14:50:22.487 [main] TPTrac - Click on add new vendor category management 
[INFO ] 2025-07-10 14:50:24.557 [main] TPTrac - entered vendor category name 
[INFO ] 2025-07-10 14:50:24.609 [main] TPTrac - entered vendor category code 
[INFO ] 2025-07-10 14:51:12.128 [main] TPTrac - Verfied successfully
[INFO ] 2025-07-10 14:51:15.237 [main] TPTrac - Click on vendor menu
[INFO ] 2025-07-10 14:51:15.648 [main] TPTrac - Click on vendor category management 
[INFO ] 2025-07-10 14:51:15.977 [main] TPTrac - Click on add new vendor category management 
[INFO ] 2025-07-10 14:51:18.059 [main] TPTrac - entered vendor category name 
[INFO ] 2025-07-10 14:51:18.110 [main] TPTrac - entered vendor category code 
[INFO ] 2025-07-10 14:51:18.157 [main] TPTrac - Added a new vendor category management successfully 
[INFO ] 2025-07-10 14:51:46.086 [main] TPTrac - URL opened
[INFO ] 2025-07-10 14:51:53.442 [main] TPTrac - Click on vendor menu
[INFO ] 2025-07-10 14:52:08.181 [main] TPTrac - Verfied successfully
[INFO ] 2025-07-10 14:52:35.939 [main] TPTrac - URL opened
[INFO ] 2025-07-10 14:52:43.271 [main] TPTrac - Click on vendor menu
[INFO ] 2025-07-10 14:52:43.735 [main] TPTrac - Click on vendor category management 
[INFO ] 2025-07-10 14:53:23.928 [main] TPTrac - URL opened
[INFO ] 2025-07-10 14:53:29.903 [main] TPTrac - Attempt 1 to add vendor
[WARN ] 2025-07-10 14:53:45.573 [main] TPTrac - Risk Rating failed on attempt 1. Retrying...
[INFO ] 2025-07-10 14:53:57.688 [main] TPTrac - Attempt 2 to add vendor
[WARN ] 2025-07-10 14:54:31.390 [main] TPTrac - Risk Rating failed on attempt 2. Retrying...
[ERROR] 2025-07-10 14:54:31.412 [main] TPTrac - Cancel logic failed completely
org.openqa.selenium.StaleElementReferenceException: stale element reference: stale element not found in the current frame
  (Session info: chrome=138.0.7204.100)
For documentation on this error, please visit: https://www.selenium.dev/documentation/webdriver/troubleshooting/errors#stale-element-reference-exception
Build info: version: '4.17.0', revision: 'e52b1be057*'
System info: os.name: 'Windows 11', os.arch: 'amd64', os.version: '10.0', java.version: '17.0.6'
Driver info: org.openqa.selenium.chrome.ChromeDriver
Command: [0c39153fc24e5a8b461a04e16178d3f1, executeScript {args=[{element-6066-11e4-a52e-4f735466cecf=f.1E159C7E616C6D0444191854B57EE064.d.5ABF0C3E3BE32E31F40C132DB00AFFC2.e.121}], script=arguments[0].scrollIntoView(true);arguments[0].style.zIndex='9999';arguments[0].style.position='relative';arguments[0].style.display='block';arguments[0].style.visibility='visible';}]
Capabilities {acceptInsecureCerts: false, browserName: chrome, browserVersion: 138.0.7204.100, chrome: {chromedriverVersion: 138.0.7204.49 (d2b48fd5f781..., userDataDir: C:\Users\NIRANJ~1\AppData\L...}, fedcm:accounts: true, goog:chromeOptions: {debuggerAddress: localhost:52198}, networkConnectionEnabled: false, pageLoadStrategy: normal, platformName: windows, proxy: Proxy(), se:cdp: ws://localhost:52198/devtoo..., se:cdpVersion: 138.0.7204.100, setWindowRect: true, strictFileInteractability: false, timeouts: {implicit: 0, pageLoad: 300000, script: 30000}, unhandledPromptBehavior: dismiss and notify, webauthn:extension:credBlob: true, webauthn:extension:largeBlob: true, webauthn:extension:minPinLength: true, webauthn:extension:prf: true, webauthn:virtualAuthenticators: true}
Session ID: 0c39153fc24e5a8b461a04e16178d3f1
	at jdk.internal.reflect.NativeConstructorAccessorImpl.newInstance0(Native Method) ~[?:?]
	at jdk.internal.reflect.NativeConstructorAccessorImpl.newInstance(NativeConstructorAccessorImpl.java:77) ~[?:?]
	at jdk.internal.reflect.DelegatingConstructorAccessorImpl.newInstance(DelegatingConstructorAccessorImpl.java:45) ~[?:?]
	at java.lang.reflect.Constructor.newInstanceWithCaller(Constructor.java:499) ~[?:?]
	at java.lang.reflect.Constructor.newInstance(Constructor.java:480) ~[?:?]
	at org.openqa.selenium.remote.codec.w3c.W3CHttpResponseCodec.createException(W3CHttpResponseCodec.java:185) ~[selenium-remote-driver-4.17.0.jar:?]
	at org.openqa.selenium.remote.codec.w3c.W3CHttpResponseCodec.decode(W3CHttpResponseCodec.java:134) ~[selenium-remote-driver-4.17.0.jar:?]
	at org.openqa.selenium.remote.codec.w3c.W3CHttpResponseCodec.decode(W3CHttpResponseCodec.java:51) ~[selenium-remote-driver-4.17.0.jar:?]
	at org.openqa.selenium.remote.HttpCommandExecutor.execute(HttpCommandExecutor.java:190) ~[selenium-remote-driver-4.17.0.jar:?]
	at org.openqa.selenium.remote.service.DriverCommandExecutor.invokeExecute(DriverCommandExecutor.java:216) ~[selenium-remote-driver-4.17.0.jar:?]
	at org.openqa.selenium.remote.service.DriverCommandExecutor.execute(DriverCommandExecutor.java:174) ~[selenium-remote-driver-4.17.0.jar:?]
	at org.openqa.selenium.remote.RemoteWebDriver.execute(RemoteWebDriver.java:519) ~[selenium-remote-driver-4.17.0.jar:?]
	at org.openqa.selenium.remote.RemoteWebDriver.executeScript(RemoteWebDriver.java:464) ~[selenium-remote-driver-4.17.0.jar:?]
	at com.tptrac.testscript.VendorManagementModule.cancelVendorForm(VendorManagementModule.java:182) ~[test-classes/:?]
	at com.tptrac.testscript.VendorManagementModule.testAddVendor(VendorManagementModule.java:119) ~[test-classes/:?]
	at jdk.internal.reflect.NativeMethodAccessorImpl.invoke0(Native Method) ~[?:?]
	at jdk.internal.reflect.NativeMethodAccessorImpl.invoke(NativeMethodAccessorImpl.java:77) ~[?:?]
	at jdk.internal.reflect.DelegatingMethodAccessorImpl.invoke(DelegatingMethodAccessorImpl.java:43) ~[?:?]
	at java.lang.reflect.Method.invoke(Method.java:568) ~[?:?]
	at org.testng.internal.invokers.MethodInvocationHelper.invokeMethod(MethodInvocationHelper.java:139) ~[testng-7.7.1.jar:7.7.1]
	at org.testng.internal.invokers.TestInvoker.invokeMethod(TestInvoker.java:677) ~[testng-7.7.1.jar:7.7.1]
	at org.testng.internal.invokers.TestInvoker.invokeTestMethod(TestInvoker.java:221) ~[testng-7.7.1.jar:7.7.1]
	at org.testng.internal.invokers.MethodRunner.runInSequence(MethodRunner.java:50) ~[testng-7.7.1.jar:7.7.1]
	at org.testng.internal.invokers.TestInvoker$MethodInvocationAgent.invoke(TestInvoker.java:969) ~[testng-7.7.1.jar:7.7.1]
	at org.testng.internal.invokers.TestInvoker.invokeTestMethods(TestInvoker.java:194) ~[testng-7.7.1.jar:7.7.1]
	at org.testng.internal.invokers.TestMethodWorker.invokeTestMethods(TestMethodWorker.java:148) ~[testng-7.7.1.jar:7.7.1]
	at org.testng.internal.invokers.TestMethodWorker.run(TestMethodWorker.java:128) ~[testng-7.7.1.jar:7.7.1]
	at java.util.ArrayList.forEach(ArrayList.java:1511) ~[?:?]
	at org.testng.TestRunner.privateRun(TestRunner.java:829) ~[testng-7.7.1.jar:7.7.1]
	at org.testng.TestRunner.run(TestRunner.java:602) ~[testng-7.7.1.jar:7.7.1]
	at org.testng.SuiteRunner.runTest(SuiteRunner.java:437) ~[testng-7.7.1.jar:7.7.1]
	at org.testng.SuiteRunner.runSequentially(SuiteRunner.java:431) ~[testng-7.7.1.jar:7.7.1]
	at org.testng.SuiteRunner.privateRun(SuiteRunner.java:391) ~[testng-7.7.1.jar:7.7.1]
	at org.testng.SuiteRunner.run(SuiteRunner.java:330) ~[testng-7.7.1.jar:7.7.1]
	at org.testng.SuiteRunnerWorker.runSuite(SuiteRunnerWorker.java:52) ~[testng-7.7.1.jar:7.7.1]
	at org.testng.SuiteRunnerWorker.run(SuiteRunnerWorker.java:95) ~[testng-7.7.1.jar:7.7.1]
	at org.testng.TestNG.runSuitesSequentially(TestNG.java:1256) ~[testng-7.7.1.jar:7.7.1]
	at org.testng.TestNG.runSuitesLocally(TestNG.java:1176) ~[testng-7.7.1.jar:7.7.1]
	at org.testng.TestNG.runSuites(TestNG.java:1099) ~[testng-7.7.1.jar:7.7.1]
	at org.testng.TestNG.run(TestNG.java:1067) ~[testng-7.7.1.jar:7.7.1]
	at org.testng.remote.AbstractRemoteTestNG.run(AbstractRemoteTestNG.java:115) ~[testng-remote.jar:?]
	at org.testng.remote.RemoteTestNG.initAndRun(RemoteTestNG.java:293) ~[testng-remote.jar:?]
	at org.testng.remote.RemoteTestNG.main(RemoteTestNG.java:91) ~[testng-remote.jar:?]
[INFO ] 2025-07-10 14:54:33.421 [main] TPTrac - Attempt 3 to add vendor
[WARN ] 2025-07-10 14:54:37.522 [main] TPTrac - Risk Rating failed on attempt 3. Retrying...
[INFO ] 2025-07-10 14:54:49.259 [main] TPTrac - Attempt 4 to add vendor
[INFO ] 2025-07-10 15:08:31.888 [main] TPTrac - URL opened
[INFO ] 2025-07-10 15:08:40.953 [main] TPTrac - User tab selected
[INFO ] 2025-07-10 15:08:41.090 [main] TPTrac - Add user button clicked
[INFO ] 2025-07-10 15:08:43.260 [main] TPTrac - Clicked on Add Button
[INFO ] 2025-07-10 15:08:49.542 [main] TPTrac - User tab selected
[INFO ] 2025-07-10 15:08:49.661 [main] TPTrac - Department Button clicked and verified successfully
[INFO ] 2025-07-10 15:08:52.717 [main] TPTrac - User tab selected
[INFO ] 2025-07-10 15:08:54.810 [main] TPTrac - Department Button clicked and verified successfully
[INFO ] 2025-07-10 15:09:02.370 [main] TPTrac - User tab selected
[INFO ] 2025-07-10 15:09:04.486 [main] TPTrac - Department Button clicked and verified successfully
[INFO ] 2025-07-10 15:09:05.668 [main] TPTrac - Clicked on Add Button
[INFO ] 2025-07-10 15:09:08.750 [main] TPTrac - User tab selected
[INFO ] 2025-07-10 15:09:09.180 [main] TPTrac - Add user button clicked
[INFO ] 2025-07-10 15:09:09.351 [main] TPTrac - Get user name data
[INFO ] 2025-07-10 15:09:09.497 [main] TPTrac - Get user contact data
[INFO ] 2025-07-10 15:09:09.618 [main] TPTrac - enter first name
[INFO ] 2025-07-10 15:09:09.731 [main] TPTrac - enter last name
[INFO ] 2025-07-10 15:09:09.834 [main] TPTrac - enter email id
[INFO ] 2025-07-10 15:09:09.922 [main] TPTrac - Get user role data
[INFO ] 2025-07-10 15:09:10.002 [main] TPTrac - Entered User ID
[INFO ] 2025-07-10 15:09:10.069 [main] TPTrac - Entered First Name
[INFO ] 2025-07-10 15:09:10.176 [main] TPTrac - Entered Last Name
[INFO ] 2025-07-10 15:09:10.301 [main] TPTrac - Entered Email ID
[INFO ] 2025-07-10 15:09:14.630 [main] TPTrac - Entered user contact
[INFO ] 2025-07-10 15:09:20.862 [main] TPTrac - Role selected
[INFO ] 2025-07-10 15:09:22.967 [main] TPTrac - Clicked on Add Button
[INFO ] 2025-07-10 15:09:23.017 [main] TPTrac - Search user field is clickable
[INFO ] 2025-07-10 15:09:23.070 [main] TPTrac - Sent keys to search user using JavaScript
[WARN ] 2025-07-10 15:09:23.170 [main] TPTrac - StaleElementReferenceException encountered, retrying...
[INFO ] 2025-07-10 15:09:24.250 [main] TPTrac - Verified Actual user successfully
[INFO ] 2025-07-10 15:09:24.250 [main] TPTrac - Start Auditor User Update validation
[INFO ] 2025-07-10 15:09:27.534 [main] TPTrac - User tab selected
[INFO ] 2025-07-10 15:09:29.756 [main] TPTrac - User selected to update the data
[INFO ] 2025-07-10 15:09:33.977 [main] TPTrac - Phone number cleared
[INFO ] 2025-07-10 15:09:34.177 [main] TPTrac - New phone number entered: 7134567999
[INFO ] 2025-07-10 15:09:34.267 [main] TPTrac - Clicked on Save button
[INFO ] 2025-07-10 15:09:34.285 [main] TPTrac - Verified updated user successfully
[INFO ] 2025-07-10 15:09:34.285 [main] TPTrac - Started user list validation
[INFO ] 2025-07-10 15:09:37.369 [main] TPTrac - Clicked on user tab
[INFO ] 2025-07-10 15:09:57.447 [main] TPTrac - Start Search User validation
[INFO ] 2025-07-10 15:09:57.559 [main] TPTrac - Get valid data
[INFO ] 2025-07-10 15:09:57.639 [main] TPTrac - Get invalid data
[INFO ] 2025-07-10 15:10:00.712 [main] TPTrac - User tab selected
[INFO ] 2025-07-10 15:10:11.029 [main] TPTrac - Verified search user functionality successfully
[INFO ] 2025-07-10 15:10:14.112 [main] TPTrac - User tab selected
[INFO ] 2025-07-10 15:10:14.187 [main] TPTrac - Add user button clicked
[INFO ] 2025-07-10 15:10:14.252 [main] TPTrac - Get user name data
[INFO ] 2025-07-10 15:10:14.317 [main] TPTrac - Get user contact data
[INFO ] 2025-07-10 15:10:14.384 [main] TPTrac - enter first name
[INFO ] 2025-07-10 15:10:14.481 [main] TPTrac - enter last name
[INFO ] 2025-07-10 15:10:14.552 [main] TPTrac - enter email id
[INFO ] 2025-07-10 15:10:14.646 [main] TPTrac - Get user role data
[INFO ] 2025-07-10 15:10:14.717 [main] TPTrac - Entered User ID
[INFO ] 2025-07-10 15:10:14.800 [main] TPTrac - Entered First Name
[INFO ] 2025-07-10 15:10:14.867 [main] TPTrac - Entered Last Name
[INFO ] 2025-07-10 15:10:14.966 [main] TPTrac - Entered Email ID
[INFO ] 2025-07-10 15:10:19.237 [main] TPTrac - Entered user contact
[INFO ] 2025-07-10 15:10:27.497 [main] TPTrac - Role selected
[INFO ] 2025-07-10 15:10:29.621 [main] TPTrac - Clicked on Add Button
[INFO ] 2025-07-10 15:10:38.617 [main] TPTrac - Yes button displayed: true
[INFO ] 2025-07-10 15:10:38.651 [main] TPTrac - Yes button enabled: true
[INFO ] 2025-07-10 15:10:48.779 [main] TPTrac - Yes button clicked successfully.
[INFO ] 2025-07-10 15:10:48.834 [main] TPTrac - Get invalid data
[INFO ] 2025-07-10 15:10:59.041 [main] TPTrac - Verified successfully
[INFO ] 2025-07-10 15:11:02.136 [main] TPTrac - User tab selected
[INFO ] 2025-07-10 15:11:02.185 [main] TPTrac - Get user name data
[INFO ] 2025-07-10 15:11:21.634 [main] TPTrac - Get invalid data
[INFO ] 2025-07-10 15:11:31.801 [main] TPTrac - User activate successfully
[INFO ] 2025-07-10 15:11:41.015 [main] TPTrac - User tab selected
[INFO ] 2025-07-10 15:12:19.311 [main] TPTrac - URL opened
[INFO ] 2025-07-10 15:12:26.692 [main] TPTrac - Click on vendor menu
[INFO ] 2025-07-10 15:12:27.207 [main] TPTrac - Click on vendor category management 
[INFO ] 2025-07-10 15:12:27.542 [main] TPTrac - Click on add new vendor category management 
[INFO ] 2025-07-10 15:12:29.617 [main] TPTrac - entered vendor category name 
[INFO ] 2025-07-10 15:12:29.719 [main] TPTrac - entered vendor category code 
[INFO ] 2025-07-10 15:12:29.774 [main] TPTrac - Added a new vendor category management successfully 
[INFO ] 2025-07-10 15:12:32.987 [main] TPTrac - Click on vendor menu
[INFO ] 2025-07-10 15:12:33.427 [main] TPTrac - Click on vendor category management 
[INFO ] 2025-07-10 15:12:33.752 [main] TPTrac - Click on add new vendor category management 
[INFO ] 2025-07-10 15:12:35.818 [main] TPTrac - entered vendor category name 
[INFO ] 2025-07-10 15:12:35.868 [main] TPTrac - entered vendor category code 
[INFO ] 2025-07-10 15:13:23.326 [main] TPTrac - Verfied successfully
[INFO ] 2025-07-10 15:13:26.442 [main] TPTrac - Click on vendor menu
[INFO ] 2025-07-10 15:13:26.858 [main] TPTrac - Click on vendor category management 
[INFO ] 2025-07-10 15:13:27.196 [main] TPTrac - Click on add new vendor category management 
[INFO ] 2025-07-10 15:13:29.283 [main] TPTrac - entered vendor category name 
[INFO ] 2025-07-10 15:13:29.337 [main] TPTrac - entered vendor category code 
[INFO ] 2025-07-10 15:13:29.385 [main] TPTrac - Added a new vendor category management successfully 
[INFO ] 2025-07-10 15:13:57.351 [main] TPTrac - URL opened
[INFO ] 2025-07-10 15:14:04.690 [main] TPTrac - Click on vendor menu
[INFO ] 2025-07-10 15:14:19.413 [main] TPTrac - Verfied successfully
[INFO ] 2025-07-10 15:14:47.175 [main] TPTrac - URL opened
[INFO ] 2025-07-10 15:14:54.533 [main] TPTrac - Click on vendor menu
[INFO ] 2025-07-10 15:14:55.064 [main] TPTrac - Click on vendor category management 
[INFO ] 2025-07-10 15:15:35.333 [main] TPTrac - URL opened
[INFO ] 2025-07-10 15:15:41.364 [main] TPTrac - ===== Starting test: testAddVendor =====
[INFO ] 2025-07-10 15:15:41.364 [main] TPTrac - Reading test data from Excel
[INFO ] 2025-07-10 15:15:41.577 [main] TPTrac - >>> Attempt 1 to add vendor <<<
[INFO ] 2025-07-10 15:15:41.577 [main] TPTrac - Navigating to Vendor Management menu
[INFO ] 2025-07-10 15:15:44.698 [main] TPTrac - Clicked 'Add New Vendor'
[INFO ] 2025-07-10 15:15:44.698 [main] TPTrac - Filling Vendor Basic Details
[WARN ] 2025-07-10 15:15:46.598 [main] TPTrac - Vendor category checkbox clicked via JS
[INFO ] 2025-07-10 15:15:46.681 [main] TPTrac - Clicked 'Next' to Contact Tab
[INFO ] 2025-07-10 15:15:46.681 [main] TPTrac - Filling Primary and Alternate Contact Details
[INFO ] 2025-07-10 15:15:47.153 [main] TPTrac - Clicking 'Risk Rating' tab
[WARN ] 2025-07-10 15:15:57.304 [main] TPTrac - Attempt 1 failed: Risk Rating tab content not found.
[INFO ] 2025-07-10 15:15:57.304 [main] TPTrac - Cancelling form to retry
[INFO ] 2025-07-10 15:15:57.334 [main] TPTrac - Clicked 'Cancel' button
[INFO ] 2025-07-10 15:16:07.353 [main] TPTrac - Form cancelled and reset complete
[INFO ] 2025-07-10 15:16:09.363 [main] TPTrac - >>> Attempt 2 to add vendor <<<
[INFO ] 2025-07-10 15:16:09.363 [main] TPTrac - Navigating to Vendor Management menu
[INFO ] 2025-07-10 15:16:12.482 [main] TPTrac - Clicked 'Add New Vendor'
[INFO ] 2025-07-10 15:16:12.482 [main] TPTrac - Filling Vendor Basic Details
[WARN ] 2025-07-10 15:16:43.082 [main] TPTrac - Attempt 2 failed: Expected condition failed: waiting for visibility of Proxy element for: DefaultElementLocator 'By.cssSelector: [data-automation-id='member-comp-011']' (tried for 15 second(s) with 500 milliseconds interval)
[INFO ] 2025-07-10 15:16:43.082 [main] TPTrac - Cancelling form to retry
[ERROR] 2025-07-10 15:16:43.114 [main] TPTrac - Cancel vendor form failed
org.openqa.selenium.StaleElementReferenceException: stale element reference: stale element not found in the current frame
  (Session info: chrome=138.0.7204.100)
For documentation on this error, please visit: https://www.selenium.dev/documentation/webdriver/troubleshooting/errors#stale-element-reference-exception
Build info: version: '4.17.0', revision: 'e52b1be057*'
System info: os.name: 'Windows 11', os.arch: 'amd64', os.version: '10.0', java.version: '17.0.6'
Driver info: org.openqa.selenium.chrome.ChromeDriver
Command: [d96641aa9f2640171e0606224da374d5, executeScript {args=[{element-6066-11e4-a52e-4f735466cecf=f.80D9BFF1AFB1EC05C9C64046580B8488.d.B4373372D287166453EDC849C30BFEF8.e.121}], script=arguments[0].scrollIntoView(true);arguments[0].style.zIndex='9999';arguments[0].style.position='relative';arguments[0].style.display='block';arguments[0].style.visibility='visible';}]
Capabilities {acceptInsecureCerts: false, browserName: chrome, browserVersion: 138.0.7204.100, chrome: {chromedriverVersion: 138.0.7204.49 (d2b48fd5f781..., userDataDir: C:\Users\NIRANJ~1\AppData\L...}, fedcm:accounts: true, goog:chromeOptions: {debuggerAddress: localhost:52435}, networkConnectionEnabled: false, pageLoadStrategy: normal, platformName: windows, proxy: Proxy(), se:cdp: ws://localhost:52435/devtoo..., se:cdpVersion: 138.0.7204.100, setWindowRect: true, strictFileInteractability: false, timeouts: {implicit: 0, pageLoad: 300000, script: 30000}, unhandledPromptBehavior: dismiss and notify, webauthn:extension:credBlob: true, webauthn:extension:largeBlob: true, webauthn:extension:minPinLength: true, webauthn:extension:prf: true, webauthn:virtualAuthenticators: true}
Session ID: d96641aa9f2640171e0606224da374d5
	at jdk.internal.reflect.NativeConstructorAccessorImpl.newInstance0(Native Method) ~[?:?]
	at jdk.internal.reflect.NativeConstructorAccessorImpl.newInstance(NativeConstructorAccessorImpl.java:77) ~[?:?]
	at jdk.internal.reflect.DelegatingConstructorAccessorImpl.newInstance(DelegatingConstructorAccessorImpl.java:45) ~[?:?]
	at java.lang.reflect.Constructor.newInstanceWithCaller(Constructor.java:499) ~[?:?]
	at java.lang.reflect.Constructor.newInstance(Constructor.java:480) ~[?:?]
	at org.openqa.selenium.remote.codec.w3c.W3CHttpResponseCodec.createException(W3CHttpResponseCodec.java:185) ~[selenium-remote-driver-4.17.0.jar:?]
	at org.openqa.selenium.remote.codec.w3c.W3CHttpResponseCodec.decode(W3CHttpResponseCodec.java:134) ~[selenium-remote-driver-4.17.0.jar:?]
	at org.openqa.selenium.remote.codec.w3c.W3CHttpResponseCodec.decode(W3CHttpResponseCodec.java:51) ~[selenium-remote-driver-4.17.0.jar:?]
	at org.openqa.selenium.remote.HttpCommandExecutor.execute(HttpCommandExecutor.java:190) ~[selenium-remote-driver-4.17.0.jar:?]
	at org.openqa.selenium.remote.service.DriverCommandExecutor.invokeExecute(DriverCommandExecutor.java:216) ~[selenium-remote-driver-4.17.0.jar:?]
	at org.openqa.selenium.remote.service.DriverCommandExecutor.execute(DriverCommandExecutor.java:174) ~[selenium-remote-driver-4.17.0.jar:?]
	at org.openqa.selenium.remote.RemoteWebDriver.execute(RemoteWebDriver.java:519) ~[selenium-remote-driver-4.17.0.jar:?]
	at org.openqa.selenium.remote.RemoteWebDriver.executeScript(RemoteWebDriver.java:464) ~[selenium-remote-driver-4.17.0.jar:?]
	at com.tptrac.testscript.VendorManagementModule.testAddVendor(VendorManagementModule.java:176) ~[test-classes/:?]
	at jdk.internal.reflect.NativeMethodAccessorImpl.invoke0(Native Method) ~[?:?]
	at jdk.internal.reflect.NativeMethodAccessorImpl.invoke(NativeMethodAccessorImpl.java:77) ~[?:?]
	at jdk.internal.reflect.DelegatingMethodAccessorImpl.invoke(DelegatingMethodAccessorImpl.java:43) ~[?:?]
	at java.lang.reflect.Method.invoke(Method.java:568) ~[?:?]
	at org.testng.internal.invokers.MethodInvocationHelper.invokeMethod(MethodInvocationHelper.java:139) ~[testng-7.7.1.jar:7.7.1]
	at org.testng.internal.invokers.TestInvoker.invokeMethod(TestInvoker.java:677) ~[testng-7.7.1.jar:7.7.1]
	at org.testng.internal.invokers.TestInvoker.invokeTestMethod(TestInvoker.java:221) ~[testng-7.7.1.jar:7.7.1]
	at org.testng.internal.invokers.MethodRunner.runInSequence(MethodRunner.java:50) ~[testng-7.7.1.jar:7.7.1]
	at org.testng.internal.invokers.TestInvoker$MethodInvocationAgent.invoke(TestInvoker.java:969) ~[testng-7.7.1.jar:7.7.1]
	at org.testng.internal.invokers.TestInvoker.invokeTestMethods(TestInvoker.java:194) ~[testng-7.7.1.jar:7.7.1]
	at org.testng.internal.invokers.TestMethodWorker.invokeTestMethods(TestMethodWorker.java:148) ~[testng-7.7.1.jar:7.7.1]
	at org.testng.internal.invokers.TestMethodWorker.run(TestMethodWorker.java:128) ~[testng-7.7.1.jar:7.7.1]
	at java.util.ArrayList.forEach(ArrayList.java:1511) ~[?:?]
	at org.testng.TestRunner.privateRun(TestRunner.java:829) ~[testng-7.7.1.jar:7.7.1]
	at org.testng.TestRunner.run(TestRunner.java:602) ~[testng-7.7.1.jar:7.7.1]
	at org.testng.SuiteRunner.runTest(SuiteRunner.java:437) ~[testng-7.7.1.jar:7.7.1]
	at org.testng.SuiteRunner.runSequentially(SuiteRunner.java:431) ~[testng-7.7.1.jar:7.7.1]
	at org.testng.SuiteRunner.privateRun(SuiteRunner.java:391) ~[testng-7.7.1.jar:7.7.1]
	at org.testng.SuiteRunner.run(SuiteRunner.java:330) ~[testng-7.7.1.jar:7.7.1]
	at org.testng.SuiteRunnerWorker.runSuite(SuiteRunnerWorker.java:52) ~[testng-7.7.1.jar:7.7.1]
	at org.testng.SuiteRunnerWorker.run(SuiteRunnerWorker.java:95) ~[testng-7.7.1.jar:7.7.1]
	at org.testng.TestNG.runSuitesSequentially(TestNG.java:1256) ~[testng-7.7.1.jar:7.7.1]
	at org.testng.TestNG.runSuitesLocally(TestNG.java:1176) ~[testng-7.7.1.jar:7.7.1]
	at org.testng.TestNG.runSuites(TestNG.java:1099) ~[testng-7.7.1.jar:7.7.1]
	at org.testng.TestNG.run(TestNG.java:1067) ~[testng-7.7.1.jar:7.7.1]
	at org.testng.remote.AbstractRemoteTestNG.run(AbstractRemoteTestNG.java:115) ~[testng-remote.jar:?]
	at org.testng.remote.RemoteTestNG.initAndRun(RemoteTestNG.java:293) ~[testng-remote.jar:?]
	at org.testng.remote.RemoteTestNG.main(RemoteTestNG.java:91) ~[testng-remote.jar:?]
[INFO ] 2025-07-10 15:16:45.129 [main] TPTrac - >>> Attempt 3 to add vendor <<<
[INFO ] 2025-07-10 15:16:45.129 [main] TPTrac - Navigating to Vendor Management menu
[WARN ] 2025-07-10 15:16:49.193 [main] TPTrac - Attempt 3 failed: element click intercepted: Element <a _ngcontent-yht-c128="" data-automation-id="nav-03" class="nav-link" href="/Member">...</a> is not clickable at point (832, 20). Other element would receive the click: <div _ngcontent-yht-c155="" id="frameworkModal" tabindex="-1" aria-labelledby="frameworkModalLabel" data-bs-backdrop="static" data-bs-keyboard="false" class="modal fade show" style="display: block;" aria-modal="true" role="dialog">...</div>
  (Session info: chrome=138.0.7204.100)
Build info: version: '4.17.0', revision: 'e52b1be057*'
System info: os.name: 'Windows 11', os.arch: 'amd64', os.version: '10.0', java.version: '17.0.6'
Driver info: org.openqa.selenium.chrome.ChromeDriver
Command: [d96641aa9f2640171e0606224da374d5, clickElement {id=f.80D9BFF1AFB1EC05C9C64046580B8488.d.B4373372D287166453EDC849C30BFEF8.e.146}]
Capabilities {acceptInsecureCerts: false, browserName: chrome, browserVersion: 138.0.7204.100, chrome: {chromedriverVersion: 138.0.7204.49 (d2b48fd5f781..., userDataDir: C:\Users\NIRANJ~1\AppData\L...}, fedcm:accounts: true, goog:chromeOptions: {debuggerAddress: localhost:52435}, networkConnectionEnabled: false, pageLoadStrategy: normal, platformName: windows, proxy: Proxy(), se:cdp: ws://localhost:52435/devtoo..., se:cdpVersion: 138.0.7204.100, setWindowRect: true, strictFileInteractability: false, timeouts: {implicit: 0, pageLoad: 300000, script: 30000}, unhandledPromptBehavior: dismiss and notify, webauthn:extension:credBlob: true, webauthn:extension:largeBlob: true, webauthn:extension:minPinLength: true, webauthn:extension:prf: true, webauthn:virtualAuthenticators: true}
Element: [[ChromeDriver: chrome on windows (d96641aa9f2640171e0606224da374d5)] -> xpath: //a[normalize-space()='Vendor']]
Session ID: d96641aa9f2640171e0606224da374d5
[INFO ] 2025-07-10 15:16:49.193 [main] TPTrac - Cancelling form to retry
[INFO ] 2025-07-10 15:16:49.215 [main] TPTrac - Clicked 'Cancel' button
[INFO ] 2025-07-10 15:16:59.278 [main] TPTrac - Form cancelled and reset complete
[INFO ] 2025-07-10 15:17:01.292 [main] TPTrac - >>> Attempt 4 to add vendor <<<
[INFO ] 2025-07-10 15:17:01.292 [main] TPTrac - Navigating to Vendor Management menu
[WARN ] 2025-07-10 15:17:05.345 [main] TPTrac - Attempt 4 failed: element click intercepted: Element <a _ngcontent-yht-c128="" data-automation-id="nav-03" class="nav-link" href="/Member">...</a> is not clickable at point (832, 20). Other element would receive the click: <div _ngcontent-yht-c155="" id="frameworkModal" tabindex="-1" aria-labelledby="frameworkModalLabel" data-bs-backdrop="static" data-bs-keyboard="false" class="modal fade show" style="display: block;" aria-modal="true" role="dialog">...</div>
  (Session info: chrome=138.0.7204.100)
Build info: version: '4.17.0', revision: 'e52b1be057*'
System info: os.name: 'Windows 11', os.arch: 'amd64', os.version: '10.0', java.version: '17.0.6'
Driver info: org.openqa.selenium.chrome.ChromeDriver
Command: [d96641aa9f2640171e0606224da374d5, clickElement {id=f.80D9BFF1AFB1EC05C9C64046580B8488.d.B4373372D287166453EDC849C30BFEF8.e.146}]
Capabilities {acceptInsecureCerts: false, browserName: chrome, browserVersion: 138.0.7204.100, chrome: {chromedriverVersion: 138.0.7204.49 (d2b48fd5f781..., userDataDir: C:\Users\NIRANJ~1\AppData\L...}, fedcm:accounts: true, goog:chromeOptions: {debuggerAddress: localhost:52435}, networkConnectionEnabled: false, pageLoadStrategy: normal, platformName: windows, proxy: Proxy(), se:cdp: ws://localhost:52435/devtoo..., se:cdpVersion: 138.0.7204.100, setWindowRect: true, strictFileInteractability: false, timeouts: {implicit: 0, pageLoad: 300000, script: 30000}, unhandledPromptBehavior: dismiss and notify, webauthn:extension:credBlob: true, webauthn:extension:largeBlob: true, webauthn:extension:minPinLength: true, webauthn:extension:prf: true, webauthn:virtualAuthenticators: true}
Element: [[ChromeDriver: chrome on windows (d96641aa9f2640171e0606224da374d5)] -> xpath: //a[normalize-space()='Vendor']]
Session ID: d96641aa9f2640171e0606224da374d5
[INFO ] 2025-07-10 15:17:05.345 [main] TPTrac - Cancelling form to retry
[ERROR] 2025-07-10 15:17:05.361 [main] TPTrac - Cancel vendor form failed
org.openqa.selenium.StaleElementReferenceException: stale element reference: stale element not found in the current frame
  (Session info: chrome=138.0.7204.100)
For documentation on this error, please visit: https://www.selenium.dev/documentation/webdriver/troubleshooting/errors#stale-element-reference-exception
Build info: version: '4.17.0', revision: 'e52b1be057*'
System info: os.name: 'Windows 11', os.arch: 'amd64', os.version: '10.0', java.version: '17.0.6'
Driver info: org.openqa.selenium.chrome.ChromeDriver
Command: [d96641aa9f2640171e0606224da374d5, executeScript {args=[{element-6066-11e4-a52e-4f735466cecf=f.80D9BFF1AFB1EC05C9C64046580B8488.d.B4373372D287166453EDC849C30BFEF8.e.204}], script=arguments[0].scrollIntoView(true);arguments[0].style.zIndex='9999';arguments[0].style.position='relative';arguments[0].style.display='block';arguments[0].style.visibility='visible';}]
Capabilities {acceptInsecureCerts: false, browserName: chrome, browserVersion: 138.0.7204.100, chrome: {chromedriverVersion: 138.0.7204.49 (d2b48fd5f781..., userDataDir: C:\Users\NIRANJ~1\AppData\L...}, fedcm:accounts: true, goog:chromeOptions: {debuggerAddress: localhost:52435}, networkConnectionEnabled: false, pageLoadStrategy: normal, platformName: windows, proxy: Proxy(), se:cdp: ws://localhost:52435/devtoo..., se:cdpVersion: 138.0.7204.100, setWindowRect: true, strictFileInteractability: false, timeouts: {implicit: 0, pageLoad: 300000, script: 30000}, unhandledPromptBehavior: dismiss and notify, webauthn:extension:credBlob: true, webauthn:extension:largeBlob: true, webauthn:extension:minPinLength: true, webauthn:extension:prf: true, webauthn:virtualAuthenticators: true}
Session ID: d96641aa9f2640171e0606224da374d5
	at jdk.internal.reflect.NativeConstructorAccessorImpl.newInstance0(Native Method) ~[?:?]
	at jdk.internal.reflect.NativeConstructorAccessorImpl.newInstance(NativeConstructorAccessorImpl.java:77) ~[?:?]
	at jdk.internal.reflect.DelegatingConstructorAccessorImpl.newInstance(DelegatingConstructorAccessorImpl.java:45) ~[?:?]
	at java.lang.reflect.Constructor.newInstanceWithCaller(Constructor.java:499) ~[?:?]
	at java.lang.reflect.Constructor.newInstance(Constructor.java:480) ~[?:?]
	at org.openqa.selenium.remote.codec.w3c.W3CHttpResponseCodec.createException(W3CHttpResponseCodec.java:185) ~[selenium-remote-driver-4.17.0.jar:?]
	at org.openqa.selenium.remote.codec.w3c.W3CHttpResponseCodec.decode(W3CHttpResponseCodec.java:134) ~[selenium-remote-driver-4.17.0.jar:?]
	at org.openqa.selenium.remote.codec.w3c.W3CHttpResponseCodec.decode(W3CHttpResponseCodec.java:51) ~[selenium-remote-driver-4.17.0.jar:?]
	at org.openqa.selenium.remote.HttpCommandExecutor.execute(HttpCommandExecutor.java:190) ~[selenium-remote-driver-4.17.0.jar:?]
	at org.openqa.selenium.remote.service.DriverCommandExecutor.invokeExecute(DriverCommandExecutor.java:216) ~[selenium-remote-driver-4.17.0.jar:?]
	at org.openqa.selenium.remote.service.DriverCommandExecutor.execute(DriverCommandExecutor.java:174) ~[selenium-remote-driver-4.17.0.jar:?]
	at org.openqa.selenium.remote.RemoteWebDriver.execute(RemoteWebDriver.java:519) ~[selenium-remote-driver-4.17.0.jar:?]
	at org.openqa.selenium.remote.RemoteWebDriver.executeScript(RemoteWebDriver.java:464) ~[selenium-remote-driver-4.17.0.jar:?]
	at com.tptrac.testscript.VendorManagementModule.testAddVendor(VendorManagementModule.java:176) ~[test-classes/:?]
	at jdk.internal.reflect.NativeMethodAccessorImpl.invoke0(Native Method) ~[?:?]
	at jdk.internal.reflect.NativeMethodAccessorImpl.invoke(NativeMethodAccessorImpl.java:77) ~[?:?]
	at jdk.internal.reflect.DelegatingMethodAccessorImpl.invoke(DelegatingMethodAccessorImpl.java:43) ~[?:?]
	at java.lang.reflect.Method.invoke(Method.java:568) ~[?:?]
	at org.testng.internal.invokers.MethodInvocationHelper.invokeMethod(MethodInvocationHelper.java:139) ~[testng-7.7.1.jar:7.7.1]
	at org.testng.internal.invokers.TestInvoker.invokeMethod(TestInvoker.java:677) ~[testng-7.7.1.jar:7.7.1]
	at org.testng.internal.invokers.TestInvoker.invokeTestMethod(TestInvoker.java:221) ~[testng-7.7.1.jar:7.7.1]
	at org.testng.internal.invokers.MethodRunner.runInSequence(MethodRunner.java:50) ~[testng-7.7.1.jar:7.7.1]
	at org.testng.internal.invokers.TestInvoker$MethodInvocationAgent.invoke(TestInvoker.java:969) ~[testng-7.7.1.jar:7.7.1]
	at org.testng.internal.invokers.TestInvoker.invokeTestMethods(TestInvoker.java:194) ~[testng-7.7.1.jar:7.7.1]
	at org.testng.internal.invokers.TestMethodWorker.invokeTestMethods(TestMethodWorker.java:148) ~[testng-7.7.1.jar:7.7.1]
	at org.testng.internal.invokers.TestMethodWorker.run(TestMethodWorker.java:128) ~[testng-7.7.1.jar:7.7.1]
	at java.util.ArrayList.forEach(ArrayList.java:1511) ~[?:?]
	at org.testng.TestRunner.privateRun(TestRunner.java:829) ~[testng-7.7.1.jar:7.7.1]
	at org.testng.TestRunner.run(TestRunner.java:602) ~[testng-7.7.1.jar:7.7.1]
	at org.testng.SuiteRunner.runTest(SuiteRunner.java:437) ~[testng-7.7.1.jar:7.7.1]
	at org.testng.SuiteRunner.runSequentially(SuiteRunner.java:431) ~[testng-7.7.1.jar:7.7.1]
	at org.testng.SuiteRunner.privateRun(SuiteRunner.java:391) ~[testng-7.7.1.jar:7.7.1]
	at org.testng.SuiteRunner.run(SuiteRunner.java:330) ~[testng-7.7.1.jar:7.7.1]
	at org.testng.SuiteRunnerWorker.runSuite(SuiteRunnerWorker.java:52) ~[testng-7.7.1.jar:7.7.1]
	at org.testng.SuiteRunnerWorker.run(SuiteRunnerWorker.java:95) ~[testng-7.7.1.jar:7.7.1]
	at org.testng.TestNG.runSuitesSequentially(TestNG.java:1256) ~[testng-7.7.1.jar:7.7.1]
	at org.testng.TestNG.runSuitesLocally(TestNG.java:1176) ~[testng-7.7.1.jar:7.7.1]
	at org.testng.TestNG.runSuites(TestNG.java:1099) ~[testng-7.7.1.jar:7.7.1]
	at org.testng.TestNG.run(TestNG.java:1067) ~[testng-7.7.1.jar:7.7.1]
	at org.testng.remote.AbstractRemoteTestNG.run(AbstractRemoteTestNG.java:115) ~[testng-remote.jar:?]
	at org.testng.remote.RemoteTestNG.initAndRun(RemoteTestNG.java:293) ~[testng-remote.jar:?]
	at org.testng.remote.RemoteTestNG.main(RemoteTestNG.java:91) ~[testng-remote.jar:?]
[INFO ] 2025-07-10 15:17:07.374 [main] TPTrac - >>> Attempt 5 to add vendor <<<
[INFO ] 2025-07-10 15:17:07.374 [main] TPTrac - Navigating to Vendor Management menu
[INFO ] 2025-07-10 15:17:10.487 [main] TPTrac - Clicked 'Add New Vendor'
[INFO ] 2025-07-10 15:17:10.487 [main] TPTrac - Filling Vendor Basic Details
[WARN ] 2025-07-10 15:17:12.347 [main] TPTrac - Vendor category checkbox clicked via JS
[INFO ] 2025-07-10 15:17:12.439 [main] TPTrac - Clicked 'Next' to Contact Tab
[INFO ] 2025-07-10 15:17:12.439 [main] TPTrac - Filling Primary and Alternate Contact Details
[INFO ] 2025-07-10 15:17:12.798 [main] TPTrac - Clicking 'Risk Rating' tab
[INFO ] 2025-07-10 15:17:12.913 [main] TPTrac - Risk Rating tab loaded successfully
[INFO ] 2025-07-10 15:17:12.913 [main] TPTrac - Submitting Vendor form
[INFO ] 2025-07-10 15:17:13.007 [main] TPTrac - Clicked 'Add' button
[INFO ] 2025-07-10 15:17:23.645 [main] TPTrac - Clicked 'Yes' confirmation
[INFO ] 2025-07-10 15:17:25.688 [main] TPTrac - Vendor created message: OLX
[INFO ] 2025-07-10 15:17:25.688 [main] TPTrac - Vendor 'OLX' added successfully
[INFO ] 2025-07-10 15:17:25.688 [main] TPTrac - ===== Finished test: testAddVendor =====
[INFO ] 2025-07-10 15:17:56.712 [main] TPTrac - Verfied successfully
[INFO ] 2025-07-10 15:18:28.640 [main] TPTrac - URL opened
[INFO ] 2025-07-10 15:18:36.092 [main] TPTrac - Framework Menu Clicked
[INFO ] 2025-07-10 15:18:36.476 [main] TPTrac - Clicked Add Framework button
[INFO ] 2025-07-10 15:18:37.602 [main] TPTrac - Entered Framework Name
[INFO ] 2025-07-10 15:18:37.688 [main] TPTrac - Entered Descriptions
[INFO ] 2025-07-10 15:18:37.797 [main] TPTrac - Entered Hiearchy Level
[INFO ] 2025-07-10 15:18:37.966 [main] TPTrac - Add button clicked successfully.
[INFO ] 2025-07-10 15:20:08.444 [main] TPTrac - URL opened
[INFO ] 2025-07-10 15:20:15.863 [main] TPTrac - Click on vendor menu
[INFO ] 2025-07-10 15:20:16.460 [main] TPTrac - Click on vendor category management 
[INFO ] 2025-07-10 15:20:16.842 [main] TPTrac - Click on add new vendor category management 
[INFO ] 2025-07-10 15:20:17.933 [main] TPTrac - entered vendor category name 
[INFO ] 2025-07-10 15:20:18.023 [main] TPTrac - entered vendor category code 
[INFO ] 2025-07-10 15:20:18.091 [main] TPTrac - Added a new vendor category management successfully 
[INFO ] 2025-07-10 15:36:07.625 [main] TPTrac - URL opened
[INFO ] 2025-07-10 15:36:16.474 [main] TPTrac - User tab selected
[INFO ] 2025-07-10 15:36:16.609 [main] TPTrac - Add user button clicked
[INFO ] 2025-07-10 15:36:18.799 [main] TPTrac - Clicked on Add Button
[INFO ] 2025-07-10 15:36:25.032 [main] TPTrac - User tab selected
[INFO ] 2025-07-10 15:36:25.144 [main] TPTrac - Department Button clicked and verified successfully
[INFO ] 2025-07-10 15:36:28.204 [main] TPTrac - User tab selected
[INFO ] 2025-07-10 15:36:30.308 [main] TPTrac - Department Button clicked and verified successfully
[INFO ] 2025-07-10 15:36:37.796 [main] TPTrac - User tab selected
[INFO ] 2025-07-10 15:36:39.902 [main] TPTrac - Department Button clicked and verified successfully
[INFO ] 2025-07-10 15:36:41.144 [main] TPTrac - Clicked on Add Button
[INFO ] 2025-07-10 15:36:44.234 [main] TPTrac - User tab selected
[INFO ] 2025-07-10 15:36:44.651 [main] TPTrac - Add user button clicked
[INFO ] 2025-07-10 15:36:44.739 [main] TPTrac - Get user name data
[INFO ] 2025-07-10 15:36:44.844 [main] TPTrac - Get user contact data
[INFO ] 2025-07-10 15:36:44.961 [main] TPTrac - enter first name
[INFO ] 2025-07-10 15:36:45.044 [main] TPTrac - enter last name
[INFO ] 2025-07-10 15:36:45.158 [main] TPTrac - enter email id
[INFO ] 2025-07-10 15:36:45.238 [main] TPTrac - Get user role data
[INFO ] 2025-07-10 15:36:45.317 [main] TPTrac - Entered User ID
[INFO ] 2025-07-10 15:36:45.393 [main] TPTrac - Entered First Name
[INFO ] 2025-07-10 15:36:45.460 [main] TPTrac - Entered Last Name
[INFO ] 2025-07-10 15:36:45.560 [main] TPTrac - Entered Email ID
[INFO ] 2025-07-10 15:36:49.868 [main] TPTrac - Entered user contact
[INFO ] 2025-07-10 15:36:56.121 [main] TPTrac - Role selected
[INFO ] 2025-07-10 15:36:58.211 [main] TPTrac - Clicked on Add Button
[INFO ] 2025-07-10 15:36:58.243 [main] TPTrac - Search user field is clickable
[INFO ] 2025-07-10 15:36:58.281 [main] TPTrac - Sent keys to search user using JavaScript
[WARN ] 2025-07-10 15:36:58.362 [main] TPTrac - StaleElementReferenceException encountered, retrying...
[INFO ] 2025-07-10 15:36:59.386 [main] TPTrac - Verified Actual user successfully
[INFO ] 2025-07-10 15:36:59.386 [main] TPTrac - Start Auditor User Update validation
[INFO ] 2025-07-10 15:37:02.633 [main] TPTrac - User tab selected
[INFO ] 2025-07-10 15:37:04.847 [main] TPTrac - User selected to update the data
[INFO ] 2025-07-10 15:37:09.060 [main] TPTrac - Phone number cleared
[INFO ] 2025-07-10 15:37:09.213 [main] TPTrac - New phone number entered: 7134567999
[INFO ] 2025-07-10 15:37:09.328 [main] TPTrac - Clicked on Save button
[INFO ] 2025-07-10 15:37:09.360 [main] TPTrac - Verified updated user successfully
[INFO ] 2025-07-10 15:37:09.360 [main] TPTrac - Started user list validation
[INFO ] 2025-07-10 15:37:12.468 [main] TPTrac - Clicked on user tab
[INFO ] 2025-07-10 15:37:32.563 [main] TPTrac - Start Search User validation
[INFO ] 2025-07-10 15:37:32.674 [main] TPTrac - Get valid data
[INFO ] 2025-07-10 15:37:32.770 [main] TPTrac - Get invalid data
[INFO ] 2025-07-10 15:37:35.840 [main] TPTrac - User tab selected
[INFO ] 2025-07-10 15:37:46.234 [main] TPTrac - Verified search user functionality successfully
[INFO ] 2025-07-10 15:37:49.300 [main] TPTrac - User tab selected
[INFO ] 2025-07-10 15:37:49.364 [main] TPTrac - Add user button clicked
[INFO ] 2025-07-10 15:37:49.444 [main] TPTrac - Get user name data
[INFO ] 2025-07-10 15:37:49.528 [main] TPTrac - Get user contact data
[INFO ] 2025-07-10 15:37:49.594 [main] TPTrac - enter first name
[INFO ] 2025-07-10 15:37:49.671 [main] TPTrac - enter last name
[INFO ] 2025-07-10 15:37:49.752 [main] TPTrac - enter email id
[INFO ] 2025-07-10 15:37:49.826 [main] TPTrac - Get user role data
[INFO ] 2025-07-10 15:37:49.882 [main] TPTrac - Entered User ID
[INFO ] 2025-07-10 15:37:49.960 [main] TPTrac - Entered First Name
[INFO ] 2025-07-10 15:37:50.027 [main] TPTrac - Entered Last Name
[INFO ] 2025-07-10 15:37:50.110 [main] TPTrac - Entered Email ID
[INFO ] 2025-07-10 15:37:54.362 [main] TPTrac - Entered user contact
[INFO ] 2025-07-10 15:38:02.599 [main] TPTrac - Role selected
[INFO ] 2025-07-10 15:38:04.678 [main] TPTrac - Clicked on Add Button
[INFO ] 2025-07-10 15:38:13.743 [main] TPTrac - Yes button displayed: true
[INFO ] 2025-07-10 15:38:13.759 [main] TPTrac - Yes button enabled: true
[INFO ] 2025-07-10 15:38:23.869 [main] TPTrac - Yes button clicked successfully.
[INFO ] 2025-07-10 15:38:23.926 [main] TPTrac - Get invalid data
[INFO ] 2025-07-10 15:38:34.040 [main] TPTrac - Verified successfully
[INFO ] 2025-07-10 15:38:37.141 [main] TPTrac - User tab selected
[INFO ] 2025-07-10 15:38:37.195 [main] TPTrac - Get user name data
[INFO ] 2025-07-10 15:38:56.709 [main] TPTrac - Get invalid data
[INFO ] 2025-07-10 15:39:06.868 [main] TPTrac - User activate successfully
[INFO ] 2025-07-10 15:39:16.090 [main] TPTrac - User tab selected
[INFO ] 2025-07-10 15:39:54.520 [main] TPTrac - URL opened
[INFO ] 2025-07-10 15:40:01.860 [main] TPTrac - Click on vendor menu
[INFO ] 2025-07-10 15:40:02.351 [main] TPTrac - Click on vendor category management 
[INFO ] 2025-07-10 15:40:02.680 [main] TPTrac - Click on add new vendor category management 
[INFO ] 2025-07-10 15:40:04.749 [main] TPTrac - entered vendor category name 
[INFO ] 2025-07-10 15:40:04.853 [main] TPTrac - entered vendor category code 
[INFO ] 2025-07-10 15:40:04.912 [main] TPTrac - Added a new vendor category management successfully 
[INFO ] 2025-07-10 15:40:08.197 [main] TPTrac - Click on vendor menu
[INFO ] 2025-07-10 15:40:08.654 [main] TPTrac - Click on vendor category management 
[INFO ] 2025-07-10 15:40:08.980 [main] TPTrac - Click on add new vendor category management 
[INFO ] 2025-07-10 15:40:11.045 [main] TPTrac - entered vendor category name 
[INFO ] 2025-07-10 15:40:11.110 [main] TPTrac - entered vendor category code 
[INFO ] 2025-07-10 15:40:58.583 [main] TPTrac - Verfied successfully
[INFO ] 2025-07-10 15:41:01.701 [main] TPTrac - Click on vendor menu
[INFO ] 2025-07-10 15:41:02.165 [main] TPTrac - Click on vendor category management 
[INFO ] 2025-07-10 15:41:02.495 [main] TPTrac - Click on add new vendor category management 
[INFO ] 2025-07-10 15:41:04.575 [main] TPTrac - entered vendor category name 
[INFO ] 2025-07-10 15:41:04.624 [main] TPTrac - entered vendor category code 
[INFO ] 2025-07-10 15:41:04.675 [main] TPTrac - Added a new vendor category management successfully 
[INFO ] 2025-07-10 15:41:32.735 [main] TPTrac - URL opened
[INFO ] 2025-07-10 15:41:40.104 [main] TPTrac - Click on vendor menu
[INFO ] 2025-07-10 15:41:54.950 [main] TPTrac - Verfied successfully
[INFO ] 2025-07-10 15:42:22.777 [main] TPTrac - URL opened
[INFO ] 2025-07-10 15:42:30.097 [main] TPTrac - Click on vendor menu
[INFO ] 2025-07-10 15:42:30.617 [main] TPTrac - Click on vendor category management 
[INFO ] 2025-07-10 15:43:10.791 [main] TPTrac - URL opened
[INFO ] 2025-07-10 15:52:59.861 [main] TPTrac - URL opened
[INFO ] 2025-07-10 15:53:09.495 [main] TPTrac - User tab selected
[INFO ] 2025-07-10 15:53:09.745 [main] TPTrac - Add user button clicked
[INFO ] 2025-07-10 15:53:12.140 [main] TPTrac - Clicked on Add Button
[INFO ] 2025-07-10 15:53:19.397 [main] TPTrac - User tab selected
[INFO ] 2025-07-10 15:53:19.672 [main] TPTrac - Department Button clicked and verified successfully
[INFO ] 2025-07-10 15:53:22.829 [main] TPTrac - User tab selected
[INFO ] 2025-07-10 15:53:25.077 [main] TPTrac - Department Button clicked and verified successfully
[INFO ] 2025-07-10 15:53:33.002 [main] TPTrac - User tab selected
[INFO ] 2025-07-10 15:53:35.182 [main] TPTrac - Department Button clicked and verified successfully
[INFO ] 2025-07-10 15:53:36.925 [main] TPTrac - Clicked on Add Button
[INFO ] 2025-07-10 15:53:40.082 [main] TPTrac - User tab selected
[INFO ] 2025-07-10 15:53:40.544 [main] TPTrac - Add user button clicked
[INFO ] 2025-07-10 15:53:40.756 [main] TPTrac - Get user name data
[INFO ] 2025-07-10 15:53:40.922 [main] TPTrac - Get user contact data
[INFO ] 2025-07-10 15:53:41.089 [main] TPTrac - enter first name
[INFO ] 2025-07-10 15:53:41.241 [main] TPTrac - enter last name
[INFO ] 2025-07-10 15:53:41.449 [main] TPTrac - enter email id
[INFO ] 2025-07-10 15:53:41.593 [main] TPTrac - Get user role data
[INFO ] 2025-07-10 15:53:41.737 [main] TPTrac - Entered User ID
[INFO ] 2025-07-10 15:53:41.890 [main] TPTrac - Entered First Name
[INFO ] 2025-07-10 15:53:42.040 [main] TPTrac - Entered Last Name
[INFO ] 2025-07-10 15:53:42.239 [main] TPTrac - Entered Email ID
[INFO ] 2025-07-10 15:53:46.908 [main] TPTrac - Entered user contact
[INFO ] 2025-07-10 15:53:53.460 [main] TPTrac - Role selected
[INFO ] 2025-07-10 15:53:55.682 [main] TPTrac - Clicked on Add Button
[INFO ] 2025-07-10 15:53:55.775 [main] TPTrac - Search user field is clickable
[INFO ] 2025-07-10 15:53:55.846 [main] TPTrac - Sent keys to search user using JavaScript
[INFO ] 2025-07-10 15:53:55.904 [main] TPTrac - Verified Actual user successfully
[INFO ] 2025-07-10 15:53:55.910 [main] TPTrac - Start Auditor User Update validation
[INFO ] 2025-07-10 15:53:59.333 [main] TPTrac - User tab selected
[INFO ] 2025-07-10 15:54:01.775 [main] TPTrac - User selected to update the data
[INFO ] 2025-07-10 15:54:06.176 [main] TPTrac - Phone number cleared
[INFO ] 2025-07-10 15:54:06.460 [main] TPTrac - New phone number entered: 7134567999
[INFO ] 2025-07-10 15:54:06.670 [main] TPTrac - Clicked on Save button
[INFO ] 2025-07-10 15:54:06.706 [main] TPTrac - Verified updated user successfully
[INFO ] 2025-07-10 15:54:06.706 [main] TPTrac - Started user list validation
[INFO ] 2025-07-10 15:54:09.849 [main] TPTrac - Clicked on user tab
[INFO ] 2025-07-10 15:54:29.927 [main] TPTrac - Start Search User validation
[INFO ] 2025-07-10 15:54:30.070 [main] TPTrac - Get valid data
[INFO ] 2025-07-10 15:54:30.217 [main] TPTrac - Get invalid data
[INFO ] 2025-07-10 15:54:33.330 [main] TPTrac - User tab selected
[INFO ] 2025-07-10 15:54:43.981 [main] TPTrac - Verified search user functionality successfully
[INFO ] 2025-07-10 15:54:47.123 [main] TPTrac - User tab selected
[INFO ] 2025-07-10 15:54:47.280 [main] TPTrac - Add user button clicked
[INFO ] 2025-07-10 15:54:47.392 [main] TPTrac - Get user name data
[INFO ] 2025-07-10 15:54:47.509 [main] TPTrac - Get user contact data
[INFO ] 2025-07-10 15:54:47.625 [main] TPTrac - enter first name
[INFO ] 2025-07-10 15:54:47.743 [main] TPTrac - enter last name
[INFO ] 2025-07-10 15:54:47.851 [main] TPTrac - enter email id
[INFO ] 2025-07-10 15:54:47.963 [main] TPTrac - Get user role data
[INFO ] 2025-07-10 15:54:48.101 [main] TPTrac - Entered User ID
[INFO ] 2025-07-10 15:54:48.305 [main] TPTrac - Entered First Name
[INFO ] 2025-07-10 15:54:48.439 [main] TPTrac - Entered Last Name
[INFO ] 2025-07-10 15:54:48.637 [main] TPTrac - Entered Email ID
[INFO ] 2025-07-10 15:54:53.238 [main] TPTrac - Entered user contact
[INFO ] 2025-07-10 15:55:01.709 [main] TPTrac - Role selected
[INFO ] 2025-07-10 15:55:03.894 [main] TPTrac - Clicked on Add Button
[INFO ] 2025-07-10 15:55:13.371 [main] TPTrac - Yes button displayed: true
[INFO ] 2025-07-10 15:55:13.415 [main] TPTrac - Yes button enabled: true
[INFO ] 2025-07-10 15:55:23.593 [main] TPTrac - Yes button clicked successfully.
[INFO ] 2025-07-10 15:55:23.708 [main] TPTrac - Get invalid data
[INFO ] 2025-07-10 15:55:33.954 [main] TPTrac - Verified successfully
[INFO ] 2025-07-10 15:55:37.096 [main] TPTrac - User tab selected
[INFO ] 2025-07-10 15:55:37.195 [main] TPTrac - Get user name data
[INFO ] 2025-07-10 15:55:57.358 [main] TPTrac - Get invalid data
[INFO ] 2025-07-10 15:56:07.520 [main] TPTrac - User activate successfully
[INFO ] 2025-07-10 15:56:16.864 [main] TPTrac - User tab selected
[INFO ] 2025-07-10 15:56:56.028 [main] TPTrac - URL opened
[INFO ] 2025-07-10 15:57:03.795 [main] TPTrac - Click on vendor menu
[INFO ] 2025-07-10 15:57:04.293 [main] TPTrac - Click on vendor category management 
[INFO ] 2025-07-10 15:57:04.669 [main] TPTrac - Click on add new vendor category management 
[INFO ] 2025-07-10 15:57:06.867 [main] TPTrac - entered vendor category name 
[INFO ] 2025-07-10 15:57:07.060 [main] TPTrac - entered vendor category code 
[INFO ] 2025-07-10 15:57:07.213 [main] TPTrac - Added a new vendor category management successfully 
[INFO ] 2025-07-10 15:57:10.670 [main] TPTrac - Click on vendor menu
[INFO ] 2025-07-10 15:57:11.241 [main] TPTrac - Click on vendor category management 
[INFO ] 2025-07-10 15:57:11.602 [main] TPTrac - Click on add new vendor category management 
[INFO ] 2025-07-10 15:57:13.788 [main] TPTrac - entered vendor category name 
[INFO ] 2025-07-10 15:57:13.939 [main] TPTrac - entered vendor category code 
[INFO ] 2025-07-10 15:58:01.837 [main] TPTrac - Verfied successfully
[INFO ] 2025-07-10 15:58:05.052 [main] TPTrac - Click on vendor menu
[INFO ] 2025-07-10 15:58:05.545 [main] TPTrac - Click on vendor category management 
[INFO ] 2025-07-10 15:58:05.927 [main] TPTrac - Click on add new vendor category management 
[INFO ] 2025-07-10 15:58:08.104 [main] TPTrac - entered vendor category name 
[INFO ] 2025-07-10 15:58:08.188 [main] TPTrac - entered vendor category code 
[INFO ] 2025-07-10 15:58:08.238 [main] TPTrac - Added a new vendor category management successfully 
[INFO ] 2025-07-10 15:58:36.925 [main] TPTrac - URL opened
[INFO ] 2025-07-10 15:58:44.623 [main] TPTrac - Click on vendor menu
[INFO ] 2025-07-10 15:59:01.003 [main] TPTrac - Verfied successfully
[INFO ] 2025-07-10 15:59:29.504 [main] TPTrac - URL opened
[INFO ] 2025-07-10 15:59:37.124 [main] TPTrac - Click on vendor menu
[INFO ] 2025-07-10 15:59:37.837 [main] TPTrac - Click on vendor category management 
[INFO ] 2025-07-10 16:00:18.822 [main] TPTrac - URL opened
[INFO ] 2025-07-10 16:01:55.476 [main] TPTrac - URL opened
[INFO ] 2025-07-10 16:07:54.867 [main] TPTrac - URL opened
[INFO ] 2025-07-10 16:08:04.300 [main] TPTrac - User tab selected
[INFO ] 2025-07-10 16:08:04.508 [main] TPTrac - Add user button clicked
[INFO ] 2025-07-10 16:08:06.795 [main] TPTrac - Clicked on Add Button
[INFO ] 2025-07-10 16:08:14.092 [main] TPTrac - User tab selected
[INFO ] 2025-07-10 16:08:14.306 [main] TPTrac - Department Button clicked and verified successfully
[INFO ] 2025-07-10 16:08:17.489 [main] TPTrac - User tab selected
[INFO ] 2025-07-10 16:08:19.745 [main] TPTrac - Department Button clicked and verified successfully
[INFO ] 2025-07-10 16:08:27.733 [main] TPTrac - User tab selected
[INFO ] 2025-07-10 16:08:29.949 [main] TPTrac - Department Button clicked and verified successfully
[INFO ] 2025-07-10 16:08:31.879 [main] TPTrac - Clicked on Add Button
[INFO ] 2025-07-10 16:08:35.082 [main] TPTrac - User tab selected
[INFO ] 2025-07-10 16:08:35.571 [main] TPTrac - Add user button clicked
[INFO ] 2025-07-10 16:08:35.749 [main] TPTrac - Get user name data
[INFO ] 2025-07-10 16:08:35.917 [main] TPTrac - Get user contact data
[INFO ] 2025-07-10 16:08:36.090 [main] TPTrac - enter first name
[INFO ] 2025-07-10 16:08:36.218 [main] TPTrac - enter last name
[INFO ] 2025-07-10 16:08:36.393 [main] TPTrac - enter email id
[INFO ] 2025-07-10 16:08:36.552 [main] TPTrac - Get user role data
[INFO ] 2025-07-10 16:08:36.683 [main] TPTrac - Entered User ID
[INFO ] 2025-07-10 16:08:36.842 [main] TPTrac - Entered First Name
[INFO ] 2025-07-10 16:08:37.033 [main] TPTrac - Entered Last Name
[INFO ] 2025-07-10 16:08:37.248 [main] TPTrac - Entered Email ID
[INFO ] 2025-07-10 16:08:41.869 [main] TPTrac - Entered user contact
[INFO ] 2025-07-10 16:08:48.451 [main] TPTrac - Role selected
[INFO ] 2025-07-10 16:08:50.630 [main] TPTrac - Clicked on Add Button
[INFO ] 2025-07-10 16:08:50.750 [main] TPTrac - Search user field is clickable
[INFO ] 2025-07-10 16:08:50.819 [main] TPTrac - Sent keys to search user using JavaScript
[INFO ] 2025-07-10 16:08:51.505 [main] TPTrac - Verified Actual user successfully
[INFO ] 2025-07-10 16:08:51.516 [main] TPTrac - Start Auditor User Update validation
[INFO ] 2025-07-10 16:08:54.995 [main] TPTrac - User tab selected
[INFO ] 2025-07-10 16:08:57.401 [main] TPTrac - User selected to update the data
[INFO ] 2025-07-10 16:09:01.888 [main] TPTrac - Phone number cleared
[INFO ] 2025-07-10 16:09:02.156 [main] TPTrac - New phone number entered: 7134567999
[INFO ] 2025-07-10 16:09:02.359 [main] TPTrac - Clicked on Save button
[INFO ] 2025-07-10 16:09:02.402 [main] TPTrac - Verified updated user successfully
[INFO ] 2025-07-10 16:09:02.402 [main] TPTrac - Started user list validation
[INFO ] 2025-07-10 16:09:05.573 [main] TPTrac - Clicked on user tab
[INFO ] 2025-07-10 16:09:25.667 [main] TPTrac - Start Search User validation
[INFO ] 2025-07-10 16:09:25.811 [main] TPTrac - Get valid data
[INFO ] 2025-07-10 16:09:25.949 [main] TPTrac - Get invalid data
[INFO ] 2025-07-10 16:09:29.076 [main] TPTrac - User tab selected
[INFO ] 2025-07-10 16:09:39.707 [main] TPTrac - Verified search user functionality successfully
[INFO ] 2025-07-10 16:09:42.853 [main] TPTrac - User tab selected
[INFO ] 2025-07-10 16:09:43.025 [main] TPTrac - Add user button clicked
[INFO ] 2025-07-10 16:09:43.161 [main] TPTrac - Get user name data
[INFO ] 2025-07-10 16:09:43.268 [main] TPTrac - Get user contact data
[INFO ] 2025-07-10 16:09:43.385 [main] TPTrac - enter first name
[INFO ] 2025-07-10 16:09:43.484 [main] TPTrac - enter last name
[INFO ] 2025-07-10 16:09:43.583 [main] TPTrac - enter email id
[INFO ] 2025-07-10 16:09:43.685 [main] TPTrac - Get user role data
[INFO ] 2025-07-10 16:09:43.818 [main] TPTrac - Entered User ID
[INFO ] 2025-07-10 16:09:43.968 [main] TPTrac - Entered First Name
[INFO ] 2025-07-10 16:09:44.102 [main] TPTrac - Entered Last Name
[INFO ] 2025-07-10 16:09:44.298 [main] TPTrac - Entered Email ID
[INFO ] 2025-07-10 16:09:48.867 [main] TPTrac - Entered user contact
[INFO ] 2025-07-10 16:09:57.446 [main] TPTrac - Role selected
[INFO ] 2025-07-10 16:09:59.660 [main] TPTrac - Clicked on Add Button
[INFO ] 2025-07-10 16:10:09.053 [main] TPTrac - Yes button displayed: true
[INFO ] 2025-07-10 16:10:09.093 [main] TPTrac - Yes button enabled: true
[INFO ] 2025-07-10 16:10:19.283 [main] TPTrac - Yes button clicked successfully.
[INFO ] 2025-07-10 16:10:19.388 [main] TPTrac - Get invalid data
[INFO ] 2025-07-10 16:10:29.574 [main] TPTrac - Verified successfully
[INFO ] 2025-07-10 16:10:32.730 [main] TPTrac - User tab selected
[INFO ] 2025-07-10 16:10:32.821 [main] TPTrac - Get user name data
[INFO ] 2025-07-10 16:10:52.901 [main] TPTrac - Get invalid data
[INFO ] 2025-07-10 16:11:03.117 [main] TPTrac - User activate successfully
[INFO ] 2025-07-10 16:11:12.496 [main] TPTrac - User tab selected
[INFO ] 2025-07-10 16:11:51.487 [main] TPTrac - URL opened
[INFO ] 2025-07-10 16:11:59.109 [main] TPTrac - Click on vendor menu
[INFO ] 2025-07-10 16:11:59.620 [main] TPTrac - Click on vendor category management 
[INFO ] 2025-07-10 16:12:00.003 [main] TPTrac - Click on add new vendor category management 
[INFO ] 2025-07-10 16:12:02.127 [main] TPTrac - entered vendor category name 
[INFO ] 2025-07-10 16:12:02.204 [main] TPTrac - entered vendor category code 
[INFO ] 2025-07-10 16:12:02.265 [main] TPTrac - Added a new vendor category management successfully 
[INFO ] 2025-07-10 16:12:05.652 [main] TPTrac - Click on vendor menu
[INFO ] 2025-07-10 16:12:06.150 [main] TPTrac - Click on vendor category management 
[INFO ] 2025-07-10 16:12:06.515 [main] TPTrac - Click on add new vendor category management 
[INFO ] 2025-07-10 16:12:08.648 [main] TPTrac - entered vendor category name 
[INFO ] 2025-07-10 16:12:08.733 [main] TPTrac - entered vendor category code 
[INFO ] 2025-07-10 16:12:56.673 [main] TPTrac - Verfied successfully
[INFO ] 2025-07-10 16:12:59.871 [main] TPTrac - Click on vendor menu
[INFO ] 2025-07-10 16:13:00.340 [main] TPTrac - Click on vendor category management 
[INFO ] 2025-07-10 16:13:00.687 [main] TPTrac - Click on add new vendor category management 
[INFO ] 2025-07-10 16:13:02.815 [main] TPTrac - entered vendor category name 
[INFO ] 2025-07-10 16:13:02.915 [main] TPTrac - entered vendor category code 
[INFO ] 2025-07-10 16:13:02.979 [main] TPTrac - Added a new vendor category management successfully 
[INFO ] 2025-07-10 16:13:31.486 [main] TPTrac - URL opened
[INFO ] 2025-07-10 16:13:39.074 [main] TPTrac - Click on vendor menu
[INFO ] 2025-07-10 16:13:54.203 [main] TPTrac - Verfied successfully
[INFO ] 2025-07-10 16:14:22.550 [main] TPTrac - URL opened
[INFO ] 2025-07-10 16:14:30.138 [main] TPTrac - Click on vendor menu
[INFO ] 2025-07-10 16:14:30.708 [main] TPTrac - Click on vendor category management 
[INFO ] 2025-07-10 16:15:11.503 [main] TPTrac - URL opened
[INFO ] 2025-07-10 16:48:29.538 [main] TPTrac - URL opened
[INFO ] 2025-07-10 16:48:38.932 [main] TPTrac - User tab selected
[INFO ] 2025-07-10 16:48:39.208 [main] TPTrac - Add user button clicked
[INFO ] 2025-07-10 16:48:41.623 [main] TPTrac - Clicked on Add Button
[INFO ] 2025-07-10 16:48:48.719 [main] TPTrac - User tab selected
[INFO ] 2025-07-10 16:48:48.931 [main] TPTrac - Department Button clicked and verified successfully
[INFO ] 2025-07-10 16:48:52.175 [main] TPTrac - User tab selected
[INFO ] 2025-07-10 16:48:54.430 [main] TPTrac - Department Button clicked and verified successfully
[INFO ] 2025-07-10 16:49:02.479 [main] TPTrac - User tab selected
[INFO ] 2025-07-10 16:49:04.715 [main] TPTrac - Department Button clicked and verified successfully
[INFO ] 2025-07-10 16:49:06.049 [main] TPTrac - Clicked on Add Button
[INFO ] 2025-07-10 16:49:09.264 [main] TPTrac - User tab selected
[INFO ] 2025-07-10 16:49:09.744 [main] TPTrac - Add user button clicked
[INFO ] 2025-07-10 16:49:09.823 [main] TPTrac - Get user name data
[INFO ] 2025-07-10 16:49:09.867 [main] TPTrac - Get user contact data
[INFO ] 2025-07-10 16:49:09.928 [main] TPTrac - enter first name
[INFO ] 2025-07-10 16:49:09.983 [main] TPTrac - enter last name
[INFO ] 2025-07-10 16:49:10.050 [main] TPTrac - enter email id
[INFO ] 2025-07-10 16:49:10.111 [main] TPTrac - Get user role data
[INFO ] 2025-07-10 16:49:10.217 [main] TPTrac - Entered User ID
[INFO ] 2025-07-10 16:49:10.387 [main] TPTrac - Entered First Name
[INFO ] 2025-07-10 16:49:10.580 [main] TPTrac - Entered Last Name
[INFO ] 2025-07-10 16:49:10.849 [main] TPTrac - Entered Email ID
[INFO ] 2025-07-10 16:49:15.525 [main] TPTrac - Entered user contact
[INFO ] 2025-07-10 16:49:22.058 [main] TPTrac - Role selected
[INFO ] 2025-07-10 16:49:24.318 [main] TPTrac - Clicked on Add Button
[INFO ] 2025-07-10 16:49:24.454 [main] TPTrac - Search user field is clickable
[INFO ] 2025-07-10 16:49:24.592 [main] TPTrac - Sent keys to search user using JavaScript
[INFO ] 2025-07-10 16:49:24.716 [main] TPTrac - Verified Actual user successfully
[INFO ] 2025-07-10 16:49:24.724 [main] TPTrac - Start Auditor User Update validation
[INFO ] 2025-07-10 16:49:28.043 [main] TPTrac - User tab selected
[INFO ] 2025-07-10 16:49:30.522 [main] TPTrac - User selected to update the data
[INFO ] 2025-07-10 16:49:34.999 [main] TPTrac - Phone number cleared
[INFO ] 2025-07-10 16:49:35.193 [main] TPTrac - New phone number entered: 7134567999
[INFO ] 2025-07-10 16:49:35.390 [main] TPTrac - Clicked on Save button
[INFO ] 2025-07-10 16:49:35.455 [main] TPTrac - Verified updated user successfully
[INFO ] 2025-07-10 16:49:35.460 [main] TPTrac - Started user list validation
[INFO ] 2025-07-10 16:49:38.601 [main] TPTrac - Clicked on user tab
[INFO ] 2025-07-10 16:49:58.702 [main] TPTrac - Start Search User validation
[INFO ] 2025-07-10 16:49:58.878 [main] TPTrac - Get valid data
[INFO ] 2025-07-10 16:49:59.048 [main] TPTrac - Get invalid data
[INFO ] 2025-07-10 16:50:02.175 [main] TPTrac - User tab selected
[INFO ] 2025-07-10 16:50:12.904 [main] TPTrac - Verified search user functionality successfully
[INFO ] 2025-07-10 16:50:16.053 [main] TPTrac - User tab selected
[INFO ] 2025-07-10 16:50:16.247 [main] TPTrac - Add user button clicked
[INFO ] 2025-07-10 16:50:16.356 [main] TPTrac - Get user name data
[INFO ] 2025-07-10 16:50:16.472 [main] TPTrac - Get user contact data
[INFO ] 2025-07-10 16:50:16.605 [main] TPTrac - enter first name
[INFO ] 2025-07-10 16:50:16.723 [main] TPTrac - enter last name
[INFO ] 2025-07-10 16:50:16.815 [main] TPTrac - enter email id
[INFO ] 2025-07-10 16:50:16.915 [main] TPTrac - Get user role data
[INFO ] 2025-07-10 16:50:17.051 [main] TPTrac - Entered User ID
[INFO ] 2025-07-10 16:50:17.224 [main] TPTrac - Entered First Name
[INFO ] 2025-07-10 16:50:17.389 [main] TPTrac - Entered Last Name
[INFO ] 2025-07-10 16:50:17.589 [main] TPTrac - Entered Email ID
[INFO ] 2025-07-10 16:50:22.261 [main] TPTrac - Entered user contact
[INFO ] 2025-07-10 16:50:30.839 [main] TPTrac - Role selected
[INFO ] 2025-07-10 16:50:33.024 [main] TPTrac - Clicked on Add Button
[INFO ] 2025-07-10 16:50:42.457 [main] TPTrac - Yes button displayed: true
[INFO ] 2025-07-10 16:50:42.489 [main] TPTrac - Yes button enabled: true
[INFO ] 2025-07-10 16:50:52.736 [main] TPTrac - Yes button clicked successfully.
[INFO ] 2025-07-10 16:50:52.862 [main] TPTrac - Get invalid data
[INFO ] 2025-07-10 16:51:03.136 [main] TPTrac - Verified successfully
[INFO ] 2025-07-10 16:51:06.307 [main] TPTrac - User tab selected
[INFO ] 2025-07-10 16:51:06.410 [main] TPTrac - Get user name data
[INFO ] 2025-07-10 16:51:26.555 [main] TPTrac - Get invalid data
[INFO ] 2025-07-10 16:51:36.799 [main] TPTrac - User activate successfully
[INFO ] 2025-07-10 16:51:46.288 [main] TPTrac - User tab selected
[INFO ] 2025-07-10 16:52:25.427 [main] TPTrac - URL opened
[INFO ] 2025-07-10 16:52:33.042 [main] TPTrac - Click on vendor menu
[INFO ] 2025-07-10 16:52:33.573 [main] TPTrac - Click on vendor category management 
[INFO ] 2025-07-10 16:52:33.995 [main] TPTrac - Click on add new vendor category management 
[INFO ] 2025-07-10 16:52:36.105 [main] TPTrac - entered vendor category name 
[INFO ] 2025-07-10 16:52:36.213 [main] TPTrac - entered vendor category code 
[INFO ] 2025-07-10 16:52:36.284 [main] TPTrac - Added a new vendor category management successfully 
[INFO ] 2025-07-10 16:52:39.666 [main] TPTrac - Click on vendor menu
[INFO ] 2025-07-10 16:52:40.203 [main] TPTrac - Click on vendor category management 
[INFO ] 2025-07-10 16:52:40.577 [main] TPTrac - Click on add new vendor category management 
[INFO ] 2025-07-10 16:52:42.768 [main] TPTrac - entered vendor category name 
[INFO ] 2025-07-10 16:52:42.952 [main] TPTrac - entered vendor category code 
[INFO ] 2025-07-10 16:53:31.071 [main] TPTrac - Verfied successfully
[INFO ] 2025-07-10 16:53:34.311 [main] TPTrac - Click on vendor menu
[INFO ] 2025-07-10 16:53:34.734 [main] TPTrac - Click on vendor category management 
[INFO ] 2025-07-10 16:53:35.082 [main] TPTrac - Click on add new vendor category management 
[INFO ] 2025-07-10 16:53:37.246 [main] TPTrac - entered vendor category name 
[INFO ] 2025-07-10 16:53:37.330 [main] TPTrac - entered vendor category code 
[INFO ] 2025-07-10 16:53:37.396 [main] TPTrac - Added a new vendor category management successfully 
[INFO ] 2025-07-10 16:54:06.126 [main] TPTrac - URL opened
[INFO ] 2025-07-10 16:54:13.773 [main] TPTrac - Click on vendor menu
[INFO ] 2025-07-10 16:54:28.997 [main] TPTrac - Verfied successfully
[INFO ] 2025-07-10 16:54:57.792 [main] TPTrac - URL opened
[INFO ] 2025-07-10 16:55:05.363 [main] TPTrac - Click on vendor menu
[INFO ] 2025-07-10 16:55:05.865 [main] TPTrac - Click on vendor category management 
[INFO ] 2025-07-10 16:55:47.410 [main] TPTrac - URL opened
[INFO ] 2025-07-10 16:56:48.144 [main] TPTrac - URL opened
[INFO ] 2025-07-10 17:06:51.802 [main] TPTrac - URL opened
[INFO ] 2025-07-10 17:07:01.258 [main] TPTrac - User tab selected
[INFO ] 2025-07-10 17:07:01.452 [main] TPTrac - Add user button clicked
[INFO ] 2025-07-10 17:07:03.801 [main] TPTrac - Clicked on Add Button
[INFO ] 2025-07-10 17:07:11.148 [main] TPTrac - User tab selected
[INFO ] 2025-07-10 17:07:11.392 [main] TPTrac - Department Button clicked and verified successfully
[INFO ] 2025-07-10 17:07:14.592 [main] TPTrac - User tab selected
[INFO ] 2025-07-10 17:07:16.837 [main] TPTrac - Department Button clicked and verified successfully
[INFO ] 2025-07-10 17:07:24.759 [main] TPTrac - User tab selected
[INFO ] 2025-07-10 17:07:26.980 [main] TPTrac - Department Button clicked and verified successfully
[INFO ] 2025-07-10 17:07:28.858 [main] TPTrac - Clicked on Add Button
[INFO ] 2025-07-10 17:07:32.003 [main] TPTrac - User tab selected
[INFO ] 2025-07-10 17:07:32.486 [main] TPTrac - Add user button clicked
[INFO ] 2025-07-10 17:07:32.666 [main] TPTrac - Get user name data
[INFO ] 2025-07-10 17:07:32.832 [main] TPTrac - Get user contact data
[INFO ] 2025-07-10 17:07:32.978 [main] TPTrac - enter first name
[INFO ] 2025-07-10 17:07:33.122 [main] TPTrac - enter last name
[INFO ] 2025-07-10 17:07:33.293 [main] TPTrac - enter email id
[INFO ] 2025-07-10 17:07:33.456 [main] TPTrac - Get user role data
[INFO ] 2025-07-10 17:07:33.608 [main] TPTrac - Entered User ID
[INFO ] 2025-07-10 17:07:33.756 [main] TPTrac - Entered First Name
[INFO ] 2025-07-10 17:07:33.932 [main] TPTrac - Entered Last Name
[INFO ] 2025-07-10 17:07:34.161 [main] TPTrac - Entered Email ID
[INFO ] 2025-07-10 17:07:38.847 [main] TPTrac - Entered user contact
[INFO ] 2025-07-10 17:07:45.406 [main] TPTrac - Role selected
[INFO ] 2025-07-10 17:07:47.609 [main] TPTrac - Clicked on Add Button
[INFO ] 2025-07-10 17:07:47.699 [main] TPTrac - Search user field is clickable
[INFO ] 2025-07-10 17:07:47.765 [main] TPTrac - Sent keys to search user using JavaScript
[INFO ] 2025-07-10 17:07:48.998 [main] TPTrac - Verified Actual user successfully
[INFO ] 2025-07-10 17:07:49.015 [main] TPTrac - Start Auditor User Update validation
[INFO ] 2025-07-10 17:07:52.500 [main] TPTrac - User tab selected
[INFO ] 2025-07-10 17:07:54.906 [main] TPTrac - User selected to update the data
[INFO ] 2025-07-10 17:07:59.421 [main] TPTrac - Phone number cleared
[INFO ] 2025-07-10 17:07:59.717 [main] TPTrac - New phone number entered: 7134567999
[INFO ] 2025-07-10 17:07:59.886 [main] TPTrac - Clicked on Save button
[INFO ] 2025-07-10 17:07:59.926 [main] TPTrac - Verified updated user successfully
[INFO ] 2025-07-10 17:07:59.933 [main] TPTrac - Started user list validation
[INFO ] 2025-07-10 17:08:03.091 [main] TPTrac - Clicked on user tab
[INFO ] 2025-07-10 17:08:23.158 [main] TPTrac - Start Search User validation
[INFO ] 2025-07-10 17:08:23.212 [main] TPTrac - Get valid data
[INFO ] 2025-07-10 17:08:23.257 [main] TPTrac - Get invalid data
[INFO ] 2025-07-10 17:08:26.398 [main] TPTrac - User tab selected
[INFO ] 2025-07-10 17:08:37.041 [main] TPTrac - Verified search user functionality successfully
[INFO ] 2025-07-10 17:08:40.163 [main] TPTrac - User tab selected
[INFO ] 2025-07-10 17:08:40.358 [main] TPTrac - Add user button clicked
[INFO ] 2025-07-10 17:08:40.408 [main] TPTrac - Get user name data
[INFO ] 2025-07-10 17:08:40.443 [main] TPTrac - Get user contact data
[INFO ] 2025-07-10 17:08:40.485 [main] TPTrac - enter first name
[INFO ] 2025-07-10 17:08:40.528 [main] TPTrac - enter last name
[INFO ] 2025-07-10 17:08:40.572 [main] TPTrac - enter email id
[INFO ] 2025-07-10 17:08:40.613 [main] TPTrac - Get user role data
[INFO ] 2025-07-10 17:08:40.748 [main] TPTrac - Entered User ID
[INFO ] 2025-07-10 17:08:40.937 [main] TPTrac - Entered First Name
[INFO ] 2025-07-10 17:08:41.086 [main] TPTrac - Entered Last Name
[INFO ] 2025-07-10 17:08:41.285 [main] TPTrac - Entered Email ID
[INFO ] 2025-07-10 17:08:45.905 [main] TPTrac - Entered user contact
[INFO ] 2025-07-10 17:08:54.319 [main] TPTrac - Role selected
[INFO ] 2025-07-10 17:08:56.437 [main] TPTrac - Clicked on Add Button
[INFO ] 2025-07-10 17:09:05.465 [main] TPTrac - Yes button displayed: true
[INFO ] 2025-07-10 17:09:05.481 [main] TPTrac - Yes button enabled: true
[INFO ] 2025-07-10 17:09:15.595 [main] TPTrac - Yes button clicked successfully.
[INFO ] 2025-07-10 17:09:15.652 [main] TPTrac - Get invalid data
[INFO ] 2025-07-10 17:09:25.849 [main] TPTrac - Verified successfully
[INFO ] 2025-07-10 17:09:29.309 [main] TPTrac - User tab selected
[INFO ] 2025-07-10 17:09:29.382 [main] TPTrac - Get user name data
[INFO ] 2025-07-10 17:09:48.857 [main] TPTrac - Get invalid data
[INFO ] 2025-07-10 17:09:59.029 [main] TPTrac - User activate successfully
[INFO ] 2025-07-10 17:10:08.266 [main] TPTrac - User tab selected
[INFO ] 2025-07-10 17:10:46.761 [main] TPTrac - URL opened
[INFO ] 2025-07-10 17:10:54.197 [main] TPTrac - Click on vendor menu
[INFO ] 2025-07-10 17:10:54.744 [main] TPTrac - Click on vendor category management 
[INFO ] 2025-07-10 17:10:55.111 [main] TPTrac - Click on add new vendor category management 
[INFO ] 2025-07-10 17:10:57.195 [main] TPTrac - entered vendor category name 
[INFO ] 2025-07-10 17:10:57.272 [main] TPTrac - entered vendor category code 
[INFO ] 2025-07-10 17:10:57.320 [main] TPTrac - Added a new vendor category management successfully 
[INFO ] 2025-07-10 17:11:00.655 [main] TPTrac - Click on vendor menu
[INFO ] 2025-07-10 17:11:01.108 [main] TPTrac - Click on vendor category management 
[INFO ] 2025-07-10 17:11:01.471 [main] TPTrac - Click on add new vendor category management 
[INFO ] 2025-07-10 17:11:03.574 [main] TPTrac - entered vendor category name 
[INFO ] 2025-07-10 17:11:03.637 [main] TPTrac - entered vendor category code 
[INFO ] 2025-07-10 17:11:51.346 [main] TPTrac - Verfied successfully
[INFO ] 2025-07-10 17:11:54.551 [main] TPTrac - Click on vendor menu
[INFO ] 2025-07-10 17:11:55.001 [main] TPTrac - Click on vendor category management 
[INFO ] 2025-07-10 17:11:55.359 [main] TPTrac - Click on add new vendor category management 
[INFO ] 2025-07-10 17:11:57.480 [main] TPTrac - entered vendor category name 
[INFO ] 2025-07-10 17:11:57.533 [main] TPTrac - entered vendor category code 
[INFO ] 2025-07-10 17:11:57.581 [main] TPTrac - Added a new vendor category management successfully 
[INFO ] 2025-07-10 17:12:26.094 [main] TPTrac - URL opened
[INFO ] 2025-07-10 17:12:33.638 [main] TPTrac - Click on vendor menu
[INFO ] 2025-07-10 17:12:48.791 [main] TPTrac - Verfied successfully
[INFO ] 2025-07-10 17:13:17.314 [main] TPTrac - URL opened
[INFO ] 2025-07-10 17:13:25.082 [main] TPTrac - Click on vendor menu
[INFO ] 2025-07-10 17:13:25.332 [main] TPTrac - Click on vendor category management 
[INFO ] 2025-07-10 17:14:05.737 [main] TPTrac - URL opened
[INFO ] 2025-07-10 17:16:28.068 [main] TPTrac - URL opened
[INFO ] 2025-07-10 17:16:35.826 [main] TPTrac - Framework Menu Clicked
[INFO ] 2025-07-10 17:16:36.086 [main] TPTrac - Clicked Add Framework button
[INFO ] 2025-07-10 17:16:37.188 [main] TPTrac - Entered Framework Name
[INFO ] 2025-07-10 17:16:37.282 [main] TPTrac - Entered Descriptions
[INFO ] 2025-07-10 17:16:37.391 [main] TPTrac - Entered Hiearchy Level
[INFO ] 2025-07-10 17:16:37.524 [main] TPTrac - Add button clicked successfully.
[INFO ] 2025-07-10 17:19:29.599 [main] TPTrac - URL opened
[INFO ] 2025-07-10 17:19:36.954 [main] TPTrac - Click on vendor menu
[INFO ] 2025-07-10 17:19:37.503 [main] TPTrac - Click on vendor category management 
[INFO ] 2025-07-10 17:19:37.942 [main] TPTrac - Click on add new vendor category management 
[INFO ] 2025-07-10 17:19:39.070 [main] TPTrac - entered vendor category name 
[INFO ] 2025-07-10 17:19:39.164 [main] TPTrac - entered vendor category code 
[INFO ] 2025-07-10 17:19:39.240 [main] TPTrac - Added a new vendor category management successfully 
[INFO ] 2025-07-10 17:20:22.595 [main] TPTrac - Upload a file successfully
[INFO ] 2025-07-10 17:20:25.739 [main] TPTrac - Clicked ok on alert popup
[INFO ] 2025-07-10 17:20:57.681 [main] TPTrac - URL opened
[INFO ] 2025-07-10 17:21:05.238 [main] TPTrac - select user tab
[INFO ] 2025-07-10 17:21:05.846 [main] TPTrac - open vendor user management tab
[INFO ] 2025-07-10 17:21:06.209 [main] TPTrac - open vendor user page
[INFO ] 2025-07-10 17:21:06.239 [main] TPTrac - Read vendor category from the excel successfully
[INFO ] 2025-07-10 17:21:06.254 [main] TPTrac - Read vendor name from the excel successfully
[INFO ] 2025-07-10 17:21:06.285 [main] TPTrac - Read vendor user id from the excel successfully
[INFO ] 2025-07-10 17:21:06.307 [main] TPTrac - Read vendor contact from the excel successfully
[INFO ] 2025-07-10 17:21:06.327 [main] TPTrac - Read first name from the excel successfully
[INFO ] 2025-07-10 17:21:06.343 [main] TPTrac - Read last name from the excel successfully
[INFO ] 2025-07-10 17:21:06.375 [main] TPTrac - Read email from the excel successfully
[INFO ] 2025-07-10 17:21:08.610 [main] TPTrac - Select Vendor category 
[INFO ] 2025-07-10 17:21:10.839 [main] TPTrac - Select Vendor Name 
[INFO ] 2025-07-10 17:21:11.045 [main] TPTrac - Read contact number from the excel 
[INFO ] 2025-07-10 17:21:11.513 [main] TPTrac - Entered Vendor Contact Number 
[INFO ] 2025-07-10 17:21:11.656 [main] TPTrac - Search user field is clickable
[INFO ] 2025-07-10 17:21:11.732 [main] TPTrac - Sent keys to search user using JavaScript
[INFO ] 2025-07-10 17:21:11.732 [main] TPTrac - Click on Add button successfully 
[INFO ] 2025-07-10 17:21:11.772 [main] TPTrac - Verified added vendor user successfully 
[INFO ] 2025-07-10 17:21:14.874 [main] TPTrac - User menu selected 
[INFO ] 2025-07-10 17:21:15.351 [main] TPTrac - Vendor User Management clicked 
[INFO ] 2025-07-10 17:21:39.745 [main] TPTrac - clearing the data
[INFO ] 2025-07-10 17:21:39.831 [main] TPTrac - updated first name 
[INFO ] 2025-07-10 17:21:39.896 [main] TPTrac - clearing the data
[INFO ] 2025-07-10 17:21:39.981 [main] TPTrac - Updated last name
[INFO ] 2025-07-10 17:21:40.064 [main] TPTrac - clearing the data
[INFO ] 2025-07-10 17:21:40.166 [main] TPTrac - entered new emailid
[INFO ] 2025-07-10 17:21:40.255 [main] TPTrac - Click on Save
[INFO ] 2025-07-10 17:21:40.430 [main] TPTrac - Verified updated vendor user successfully 
[INFO ] 2025-07-10 17:22:00.584 [main] TPTrac - Verfied successfully
[INFO ] 2025-07-10 17:22:03.762 [main] TPTrac - select user tab
[INFO ] 2025-07-10 17:22:04.245 [main] TPTrac - open vendor user management tab
[INFO ] 2025-07-10 17:22:04.739 [main] TPTrac - open vendor user page
[INFO ] 2025-07-10 17:22:04.811 [main] TPTrac - Read vendor category from the excel successfully
[INFO ] 2025-07-10 17:22:04.891 [main] TPTrac - Read vendor name from the excel successfully
[INFO ] 2025-07-10 17:22:04.948 [main] TPTrac - Read vendor user id from the excel successfully
[INFO ] 2025-07-10 17:22:05.041 [main] TPTrac - Read vendor contact from the excel successfully
[INFO ] 2025-07-10 17:22:05.128 [main] TPTrac - Read first name from the excel successfully
[INFO ] 2025-07-10 17:22:05.201 [main] TPTrac - Read last name from the excel successfully
[INFO ] 2025-07-10 17:22:05.274 [main] TPTrac - Read email from the excel successfully
[INFO ] 2025-07-10 17:22:07.823 [main] TPTrac - Select Vendor category 
[INFO ] 2025-07-10 17:22:28.540 [main] TPTrac - Export to Excel test started
[INFO ] 2025-07-10 17:22:40.652 [main] TPTrac - URL opened
[INFO ] 2025-07-10 17:22:45.023 [main] TPTrac - Add Assessment review
[INFO ] 2025-07-10 17:24:51.353 [main] TPTrac - URL opened
[INFO ] 2025-07-10 17:25:00.799 [main] TPTrac - User tab selected
[INFO ] 2025-07-10 17:25:00.989 [main] TPTrac - Add user button clicked
[INFO ] 2025-07-10 17:25:03.225 [main] TPTrac - Clicked on Add Button
[INFO ] 2025-07-10 17:25:09.296 [main] TPTrac - User tab selected
[INFO ] 2025-07-10 17:25:09.446 [main] TPTrac - Department Button clicked and verified successfully
[INFO ] 2025-07-10 17:25:12.564 [main] TPTrac - User tab selected
[INFO ] 2025-07-10 17:25:14.748 [main] TPTrac - Department Button clicked and verified successfully
[INFO ] 2025-07-10 17:25:22.706 [main] TPTrac - User tab selected
[INFO ] 2025-07-10 17:25:24.963 [main] TPTrac - Department Button clicked and verified successfully
[INFO ] 2025-07-10 17:25:26.765 [main] TPTrac - Clicked on Add Button
[INFO ] 2025-07-10 17:25:29.972 [main] TPTrac - User tab selected
[INFO ] 2025-07-10 17:25:30.456 [main] TPTrac - Add user button clicked
[INFO ] 2025-07-10 17:25:30.625 [main] TPTrac - Get user name data
[INFO ] 2025-07-10 17:25:30.794 [main] TPTrac - Get user contact data
[INFO ] 2025-07-10 17:25:30.961 [main] TPTrac - enter first name
[INFO ] 2025-07-10 17:25:31.112 [main] TPTrac - enter last name
[INFO ] 2025-07-10 17:25:31.255 [main] TPTrac - enter email id
[INFO ] 2025-07-10 17:25:31.398 [main] TPTrac - Get user role data
[INFO ] 2025-07-10 17:25:31.560 [main] TPTrac - Entered User ID
[INFO ] 2025-07-10 17:25:31.744 [main] TPTrac - Entered First Name
[INFO ] 2025-07-10 17:25:31.909 [main] TPTrac - Entered Last Name
[INFO ] 2025-07-10 17:25:32.180 [main] TPTrac - Entered Email ID
[INFO ] 2025-07-10 17:25:36.822 [main] TPTrac - Entered user contact
[INFO ] 2025-07-10 17:25:43.344 [main] TPTrac - Role selected
[INFO ] 2025-07-10 17:25:45.508 [main] TPTrac - Clicked on Add Button
[INFO ] 2025-07-10 17:25:45.578 [main] TPTrac - Search user field is clickable
[INFO ] 2025-07-10 17:25:45.642 [main] TPTrac - Sent keys to search user using JavaScript
[WARN ] 2025-07-10 17:25:48.509 [main] TPTrac - StaleElementReferenceException encountered, retrying...
[INFO ] 2025-07-10 17:25:49.554 [main] TPTrac - Verified Actual user successfully
[INFO ] 2025-07-10 17:25:49.556 [main] TPTrac - Start Auditor User Update validation
[INFO ] 2025-07-10 17:25:52.749 [main] TPTrac - User tab selected
[INFO ] 2025-07-10 17:25:55.095 [main] TPTrac - User selected to update the data
[INFO ] 2025-07-10 17:25:59.477 [main] TPTrac - Phone number cleared
[INFO ] 2025-07-10 17:25:59.741 [main] TPTrac - New phone number entered: 7134567999
[INFO ] 2025-07-10 17:25:59.923 [main] TPTrac - Clicked on Save button
[INFO ] 2025-07-10 17:25:59.952 [main] TPTrac - Verified updated user successfully
[INFO ] 2025-07-10 17:25:59.963 [main] TPTrac - Started user list validation
[INFO ] 2025-07-10 17:26:03.030 [main] TPTrac - Clicked on user tab
[INFO ] 2025-07-10 17:26:23.128 [main] TPTrac - Start Search User validation
[INFO ] 2025-07-10 17:26:23.271 [main] TPTrac - Get valid data
[INFO ] 2025-07-10 17:26:23.431 [main] TPTrac - Get invalid data
[INFO ] 2025-07-10 17:26:26.587 [main] TPTrac - User tab selected
[INFO ] 2025-07-10 17:26:37.261 [main] TPTrac - Verified search user functionality successfully
[INFO ] 2025-07-10 17:26:40.386 [main] TPTrac - User tab selected
[INFO ] 2025-07-10 17:26:40.552 [main] TPTrac - Add user button clicked
[INFO ] 2025-07-10 17:26:40.681 [main] TPTrac - Get user name data
[INFO ] 2025-07-10 17:26:40.790 [main] TPTrac - Get user contact data
[INFO ] 2025-07-10 17:26:40.915 [main] TPTrac - enter first name
[INFO ] 2025-07-10 17:26:41.015 [main] TPTrac - enter last name
[INFO ] 2025-07-10 17:26:41.115 [main] TPTrac - enter email id
[INFO ] 2025-07-10 17:26:41.230 [main] TPTrac - Get user role data
[INFO ] 2025-07-10 17:26:41.364 [main] TPTrac - Entered User ID
[INFO ] 2025-07-10 17:26:41.512 [main] TPTrac - Entered First Name
[INFO ] 2025-07-10 17:26:41.695 [main] TPTrac - Entered Last Name
[INFO ] 2025-07-10 17:26:41.864 [main] TPTrac - Entered Email ID
[INFO ] 2025-07-10 17:26:46.497 [main] TPTrac - Entered user contact
[INFO ] 2025-07-10 17:26:55.012 [main] TPTrac - Role selected
[INFO ] 2025-07-10 17:26:57.179 [main] TPTrac - Clicked on Add Button
[INFO ] 2025-07-10 17:27:06.511 [main] TPTrac - Yes button displayed: true
[INFO ] 2025-07-10 17:27:06.544 [main] TPTrac - Yes button enabled: true
[INFO ] 2025-07-10 17:27:16.735 [main] TPTrac - Yes button clicked successfully.
[INFO ] 2025-07-10 17:27:16.877 [main] TPTrac - Get invalid data
[INFO ] 2025-07-10 17:27:27.063 [main] TPTrac - Verified successfully
[INFO ] 2025-07-10 17:27:30.196 [main] TPTrac - User tab selected
[INFO ] 2025-07-10 17:27:30.299 [main] TPTrac - Get user name data
[INFO ] 2025-07-10 17:27:50.426 [main] TPTrac - Get invalid data
[INFO ] 2025-07-10 17:28:00.693 [main] TPTrac - User activate successfully
[INFO ] 2025-07-10 17:28:10.065 [main] TPTrac - User tab selected
[INFO ] 2025-07-10 17:28:49.681 [main] TPTrac - URL opened
[INFO ] 2025-07-10 17:28:57.527 [main] TPTrac - Click on vendor menu
[INFO ] 2025-07-10 17:28:58.162 [main] TPTrac - Click on vendor category management 
[INFO ] 2025-07-10 17:28:58.602 [main] TPTrac - Click on add new vendor category management 
[INFO ] 2025-07-10 17:29:00.863 [main] TPTrac - entered vendor category name 
[INFO ] 2025-07-10 17:29:01.064 [main] TPTrac - entered vendor category code 
[INFO ] 2025-07-10 17:29:01.258 [main] TPTrac - Added a new vendor category management successfully 
[INFO ] 2025-07-10 17:29:04.945 [main] TPTrac - Click on vendor menu
[INFO ] 2025-07-10 17:29:05.545 [main] TPTrac - Click on vendor category management 
[INFO ] 2025-07-10 17:29:05.885 [main] TPTrac - Click on add new vendor category management 
[INFO ] 2025-07-10 17:29:08.145 [main] TPTrac - entered vendor category name 
[INFO ] 2025-07-10 17:29:08.337 [main] TPTrac - entered vendor category code 
[INFO ] 2025-07-10 17:29:56.868 [main] TPTrac - Verfied successfully
[INFO ] 2025-07-10 17:30:00.141 [main] TPTrac - Click on vendor menu
[INFO ] 2025-07-10 17:30:00.637 [main] TPTrac - Click on vendor category management 
[INFO ] 2025-07-10 17:30:01.048 [main] TPTrac - Click on add new vendor category management 
[INFO ] 2025-07-10 17:30:03.290 [main] TPTrac - entered vendor category name 
[INFO ] 2025-07-10 17:30:03.443 [main] TPTrac - entered vendor category code 
[INFO ] 2025-07-10 17:30:03.615 [main] TPTrac - Added a new vendor category management successfully 
[INFO ] 2025-07-10 17:30:32.461 [main] TPTrac - URL opened
[INFO ] 2025-07-10 17:30:40.276 [main] TPTrac - Click on vendor menu
[INFO ] 2025-07-10 17:30:55.408 [main] TPTrac - Verfied successfully
[INFO ] 2025-07-10 17:31:23.687 [main] TPTrac - URL opened
[INFO ] 2025-07-10 17:31:31.271 [main] TPTrac - Click on vendor menu
[INFO ] 2025-07-10 17:31:31.815 [main] TPTrac - Click on vendor category management 
[INFO ] 2025-07-10 17:32:12.961 [main] TPTrac - URL opened
[INFO ] 2025-07-10 17:42:32.561 [main] TPTrac - URL opened
[INFO ] 2025-07-10 17:42:41.849 [main] TPTrac - User tab selected
[INFO ] 2025-07-10 17:42:42.080 [main] TPTrac - Add user button clicked
[INFO ] 2025-07-10 17:42:44.375 [main] TPTrac - Clicked on Add Button
[INFO ] 2025-07-10 17:42:51.665 [main] TPTrac - User tab selected
[INFO ] 2025-07-10 17:42:51.910 [main] TPTrac - Department Button clicked and verified successfully
[INFO ] 2025-07-10 17:42:55.060 [main] TPTrac - User tab selected
[INFO ] 2025-07-10 17:42:57.274 [main] TPTrac - Department Button clicked and verified successfully
[INFO ] 2025-07-10 17:43:05.279 [main] TPTrac - User tab selected
[INFO ] 2025-07-10 17:43:07.535 [main] TPTrac - Department Button clicked and verified successfully
[INFO ] 2025-07-10 17:43:09.396 [main] TPTrac - Clicked on Add Button
[INFO ] 2025-07-10 17:43:12.546 [main] TPTrac - User tab selected
[INFO ] 2025-07-10 17:43:13.077 [main] TPTrac - Add user button clicked
[INFO ] 2025-07-10 17:43:13.263 [main] TPTrac - Get user name data
[INFO ] 2025-07-10 17:43:13.441 [main] TPTrac - Get user contact data
[INFO ] 2025-07-10 17:43:13.614 [main] TPTrac - enter first name
[INFO ] 2025-07-10 17:43:13.764 [main] TPTrac - enter last name
[INFO ] 2025-07-10 17:43:13.947 [main] TPTrac - enter email id
[INFO ] 2025-07-10 17:43:14.106 [main] TPTrac - Get user role data
[INFO ] 2025-07-10 17:43:14.243 [main] TPTrac - Entered User ID
[INFO ] 2025-07-10 17:43:14.408 [main] TPTrac - Entered First Name
[INFO ] 2025-07-10 17:43:14.574 [main] TPTrac - Entered Last Name
[INFO ] 2025-07-10 17:43:14.756 [main] TPTrac - Entered Email ID
[INFO ] 2025-07-10 17:43:19.326 [main] TPTrac - Entered user contact
[INFO ] 2025-07-10 17:43:25.892 [main] TPTrac - Role selected
[INFO ] 2025-07-10 17:43:28.105 [main] TPTrac - Clicked on Add Button
[INFO ] 2025-07-10 17:43:28.172 [main] TPTrac - Search user field is clickable
[INFO ] 2025-07-10 17:43:28.260 [main] TPTrac - Sent keys to search user using JavaScript
[WARN ] 2025-07-10 17:43:28.319 [main] TPTrac - StaleElementReferenceException encountered, retrying...
[INFO ] 2025-07-10 17:43:29.385 [main] TPTrac - Verified Actual user successfully
[INFO ] 2025-07-10 17:43:29.385 [main] TPTrac - Start Auditor User Update validation
[INFO ] 2025-07-10 17:43:32.796 [main] TPTrac - User tab selected
[INFO ] 2025-07-10 17:43:35.257 [main] TPTrac - User selected to update the data
[INFO ] 2025-07-10 17:43:39.758 [main] TPTrac - Phone number cleared
[INFO ] 2025-07-10 17:43:40.045 [main] TPTrac - New phone number entered: 7134567999
[INFO ] 2025-07-10 17:43:40.265 [main] TPTrac - Clicked on Save button
[INFO ] 2025-07-10 17:43:40.308 [main] TPTrac - Verified updated user successfully
[INFO ] 2025-07-10 17:43:40.308 [main] TPTrac - Started user list validation
[INFO ] 2025-07-10 17:43:43.454 [main] TPTrac - Clicked on user tab
[INFO ] 2025-07-10 17:44:03.548 [main] TPTrac - Start Search User validation
[INFO ] 2025-07-10 17:44:03.660 [main] TPTrac - Get valid data
[INFO ] 2025-07-10 17:44:03.836 [main] TPTrac - Get invalid data
[INFO ] 2025-07-10 17:44:06.972 [main] TPTrac - User tab selected
[INFO ] 2025-07-10 17:44:17.630 [main] TPTrac - Verified search user functionality successfully
[INFO ] 2025-07-10 17:44:20.773 [main] TPTrac - User tab selected
[INFO ] 2025-07-10 17:44:20.965 [main] TPTrac - Add user button clicked
[INFO ] 2025-07-10 17:44:21.070 [main] TPTrac - Get user name data
[INFO ] 2025-07-10 17:44:21.189 [main] TPTrac - Get user contact data
[INFO ] 2025-07-10 17:44:21.296 [main] TPTrac - enter first name
[INFO ] 2025-07-10 17:44:21.395 [main] TPTrac - enter last name
[INFO ] 2025-07-10 17:44:21.494 [main] TPTrac - enter email id
[INFO ] 2025-07-10 17:44:21.606 [main] TPTrac - Get user role data
[INFO ] 2025-07-10 17:44:21.791 [main] TPTrac - Entered User ID
[INFO ] 2025-07-10 17:44:21.955 [main] TPTrac - Entered First Name
[INFO ] 2025-07-10 17:44:22.107 [main] TPTrac - Entered Last Name
[INFO ] 2025-07-10 17:44:22.273 [main] TPTrac - Entered Email ID
[INFO ] 2025-07-10 17:44:26.898 [main] TPTrac - Entered user contact
[INFO ] 2025-07-10 17:44:35.477 [main] TPTrac - Role selected
[INFO ] 2025-07-10 17:44:37.646 [main] TPTrac - Clicked on Add Button
[INFO ] 2025-07-10 17:44:47.052 [main] TPTrac - Yes button displayed: true
[INFO ] 2025-07-10 17:44:47.084 [main] TPTrac - Yes button enabled: true
[INFO ] 2025-07-10 17:44:57.266 [main] TPTrac - Yes button clicked successfully.
[INFO ] 2025-07-10 17:44:57.359 [main] TPTrac - Get invalid data
[INFO ] 2025-07-10 17:45:07.616 [main] TPTrac - Verified successfully
[INFO ] 2025-07-10 17:45:10.779 [main] TPTrac - User tab selected
[INFO ] 2025-07-10 17:45:10.878 [main] TPTrac - Get user name data
[INFO ] 2025-07-10 17:45:31.127 [main] TPTrac - Get invalid data
[INFO ] 2025-07-10 17:45:41.411 [main] TPTrac - User activate successfully
[INFO ] 2025-07-10 17:45:50.971 [main] TPTrac - User tab selected
[INFO ] 2025-07-10 17:46:30.741 [main] TPTrac - URL opened
[INFO ] 2025-07-10 17:46:38.426 [main] TPTrac - Click on vendor menu
[INFO ] 2025-07-10 17:46:39.264 [main] TPTrac - Click on vendor category management 
[INFO ] 2025-07-10 17:46:39.759 [main] TPTrac - Click on add new vendor category management 
[INFO ] 2025-07-10 17:46:42.096 [main] TPTrac - entered vendor category name 
[INFO ] 2025-07-10 17:46:42.281 [main] TPTrac - entered vendor category code 
[INFO ] 2025-07-10 17:46:42.429 [main] TPTrac - Added a new vendor category management successfully 
[INFO ] 2025-07-10 17:46:45.884 [main] TPTrac - Click on vendor menu
[INFO ] 2025-07-10 17:46:46.454 [main] TPTrac - Click on vendor category management 
[INFO ] 2025-07-10 17:46:46.809 [main] TPTrac - Click on add new vendor category management 
[INFO ] 2025-07-10 17:46:49.010 [main] TPTrac - entered vendor category name 
[INFO ] 2025-07-10 17:46:49.168 [main] TPTrac - entered vendor category code 
[INFO ] 2025-07-10 17:47:37.768 [main] TPTrac - Verfied successfully
[INFO ] 2025-07-10 17:47:41.122 [main] TPTrac - Click on vendor menu
[INFO ] 2025-07-10 17:47:41.623 [main] TPTrac - Click on vendor category management 
[INFO ] 2025-07-10 17:47:42.016 [main] TPTrac - Click on add new vendor category management 
[INFO ] 2025-07-10 17:47:44.361 [main] TPTrac - entered vendor category name 
[INFO ] 2025-07-10 17:47:44.491 [main] TPTrac - entered vendor category code 
[INFO ] 2025-07-10 17:47:44.645 [main] TPTrac - Added a new vendor category management successfully 
[INFO ] 2025-07-10 17:48:13.815 [main] TPTrac - URL opened
[INFO ] 2025-07-10 17:48:21.447 [main] TPTrac - Click on vendor menu
[INFO ] 2025-07-10 17:48:36.752 [main] TPTrac - Verfied successfully
[INFO ] 2025-07-10 17:49:05.161 [main] TPTrac - URL opened
[INFO ] 2025-07-10 17:49:12.772 [main] TPTrac - Click on vendor menu
[INFO ] 2025-07-10 17:49:13.348 [main] TPTrac - Click on vendor category management 
[INFO ] 2025-07-10 17:49:54.323 [main] TPTrac - URL opened
[INFO ] 2025-07-10 18:10:47.219 [main] TPTrac - URL opened
[INFO ] 2025-07-10 18:10:56.796 [main] TPTrac - User tab selected
[INFO ] 2025-07-10 18:10:57.001 [main] TPTrac - Add user button clicked
[INFO ] 2025-07-10 18:10:59.364 [main] TPTrac - Clicked on Add Button
[INFO ] 2025-07-10 18:11:06.754 [main] TPTrac - User tab selected
[INFO ] 2025-07-10 18:11:07.019 [main] TPTrac - Department Button clicked and verified successfully
[INFO ] 2025-07-10 18:11:10.183 [main] TPTrac - User tab selected
[INFO ] 2025-07-10 18:11:12.405 [main] TPTrac - Department Button clicked and verified successfully
[INFO ] 2025-07-10 18:11:20.300 [main] TPTrac - User tab selected
[INFO ] 2025-07-10 18:11:22.556 [main] TPTrac - Department Button clicked and verified successfully
[INFO ] 2025-07-10 18:11:24.580 [main] TPTrac - Clicked on Add Button
[INFO ] 2025-07-10 18:11:27.735 [main] TPTrac - User tab selected
[INFO ] 2025-07-10 18:11:28.216 [main] TPTrac - Add user button clicked
[INFO ] 2025-07-10 18:11:28.397 [main] TPTrac - Get user name data
[INFO ] 2025-07-10 18:11:28.544 [main] TPTrac - Get user contact data
[INFO ] 2025-07-10 18:11:28.710 [main] TPTrac - enter first name
[INFO ] 2025-07-10 18:11:28.854 [main] TPTrac - enter last name
[INFO ] 2025-07-10 18:11:29.046 [main] TPTrac - enter email id
[INFO ] 2025-07-10 18:11:29.205 [main] TPTrac - Get user role data
[INFO ] 2025-07-10 18:11:29.424 [main] TPTrac - Entered User ID
[INFO ] 2025-07-10 18:11:29.578 [main] TPTrac - Entered First Name
[INFO ] 2025-07-10 18:11:29.741 [main] TPTrac - Entered Last Name
[INFO ] 2025-07-10 18:11:29.941 [main] TPTrac - Entered Email ID
[INFO ] 2025-07-10 18:11:34.561 [main] TPTrac - Entered user contact
[INFO ] 2025-07-10 18:11:41.098 [main] TPTrac - Role selected
[INFO ] 2025-07-10 18:11:43.309 [main] TPTrac - Clicked on Add Button
[INFO ] 2025-07-10 18:11:43.394 [main] TPTrac - Search user field is clickable
[INFO ] 2025-07-10 18:11:43.495 [main] TPTrac - Sent keys to search user using JavaScript
[WARN ] 2025-07-10 18:11:48.874 [main] TPTrac - StaleElementReferenceException encountered, retrying...
[INFO ] 2025-07-10 18:11:49.931 [main] TPTrac - Verified Actual user successfully
[INFO ] 2025-07-10 18:11:49.944 [main] TPTrac - Start Auditor User Update validation
[INFO ] 2025-07-10 18:11:53.351 [main] TPTrac - User tab selected
[INFO ] 2025-07-10 18:11:55.772 [main] TPTrac - User selected to update the data
[INFO ] 2025-07-10 18:12:00.217 [main] TPTrac - Phone number cleared
[INFO ] 2025-07-10 18:12:00.489 [main] TPTrac - New phone number entered: 7134567999
[INFO ] 2025-07-10 18:12:00.736 [main] TPTrac - Clicked on Save button
[INFO ] 2025-07-10 18:12:00.776 [main] TPTrac - Verified updated user successfully
[INFO ] 2025-07-10 18:12:00.779 [main] TPTrac - Started user list validation
[INFO ] 2025-07-10 18:12:03.933 [main] TPTrac - Clicked on user tab
[INFO ] 2025-07-10 18:12:24.033 [main] TPTrac - Start Search User validation
[INFO ] 2025-07-10 18:12:24.176 [main] TPTrac - Get valid data
[INFO ] 2025-07-10 18:12:24.304 [main] TPTrac - Get invalid data
[INFO ] 2025-07-10 18:12:27.447 [main] TPTrac - User tab selected
[INFO ] 2025-07-10 18:12:38.055 [main] TPTrac - Verified search user functionality successfully
[INFO ] 2025-07-10 18:12:41.204 [main] TPTrac - User tab selected
[INFO ] 2025-07-10 18:12:41.452 [main] TPTrac - Add user button clicked
[INFO ] 2025-07-10 18:12:41.586 [main] TPTrac - Get user name data
[INFO ] 2025-07-10 18:12:41.694 [main] TPTrac - Get user contact data
[INFO ] 2025-07-10 18:12:41.830 [main] TPTrac - enter first name
[INFO ] 2025-07-10 18:12:41.943 [main] TPTrac - enter last name
[INFO ] 2025-07-10 18:12:42.019 [main] TPTrac - enter email id
[INFO ] 2025-07-10 18:12:42.130 [main] TPTrac - Get user role data
[INFO ] 2025-07-10 18:12:42.296 [main] TPTrac - Entered User ID
[INFO ] 2025-07-10 18:12:42.445 [main] TPTrac - Entered First Name
[INFO ] 2025-07-10 18:12:42.628 [main] TPTrac - Entered Last Name
[INFO ] 2025-07-10 18:12:42.828 [main] TPTrac - Entered Email ID
[INFO ] 2025-07-10 18:12:47.467 [main] TPTrac - Entered user contact
[INFO ] 2025-07-10 18:12:55.977 [main] TPTrac - Role selected
[INFO ] 2025-07-10 18:12:58.182 [main] TPTrac - Clicked on Add Button
[INFO ] 2025-07-10 18:13:07.678 [main] TPTrac - Yes button displayed: true
[INFO ] 2025-07-10 18:13:07.726 [main] TPTrac - Yes button enabled: true
[INFO ] 2025-07-10 18:13:17.895 [main] TPTrac - Yes button clicked successfully.
[INFO ] 2025-07-10 18:13:17.990 [main] TPTrac - Get invalid data
[INFO ] 2025-07-10 18:13:28.234 [main] TPTrac - Verified successfully
[INFO ] 2025-07-10 18:13:31.384 [main] TPTrac - User tab selected
[INFO ] 2025-07-10 18:13:31.487 [main] TPTrac - Get user name data
[INFO ] 2025-07-10 18:13:51.760 [main] TPTrac - Get invalid data
[INFO ] 2025-07-10 18:14:01.966 [main] TPTrac - User activate successfully
[INFO ] 2025-07-10 18:14:11.387 [main] TPTrac - User tab selected
[INFO ] 2025-07-10 18:14:51.199 [main] TPTrac - URL opened
[INFO ] 2025-07-10 18:14:59.014 [main] TPTrac - Click on vendor menu
[INFO ] 2025-07-10 18:14:59.565 [main] TPTrac - Click on vendor category management 
[INFO ] 2025-07-10 18:14:59.949 [main] TPTrac - Click on add new vendor category management 
[INFO ] 2025-07-10 18:15:02.168 [main] TPTrac - entered vendor category name 
[INFO ] 2025-07-10 18:15:02.346 [main] TPTrac - entered vendor category code 
[INFO ] 2025-07-10 18:15:02.506 [main] TPTrac - Added a new vendor category management successfully 
[INFO ] 2025-07-10 18:15:06.047 [main] TPTrac - Click on vendor menu
[INFO ] 2025-07-10 18:15:06.583 [main] TPTrac - Click on vendor category management 
[INFO ] 2025-07-10 18:15:06.898 [main] TPTrac - Click on add new vendor category management 
[INFO ] 2025-07-10 18:15:09.061 [main] TPTrac - entered vendor category name 
[INFO ] 2025-07-10 18:15:09.198 [main] TPTrac - entered vendor category code 
[INFO ] 2025-07-10 18:15:57.425 [main] TPTrac - Verfied successfully
[INFO ] 2025-07-10 18:16:00.744 [main] TPTrac - Click on vendor menu
[INFO ] 2025-07-10 18:16:01.266 [main] TPTrac - Click on vendor category management 
[INFO ] 2025-07-10 18:16:01.588 [main] TPTrac - Click on add new vendor category management 
[INFO ] 2025-07-10 18:16:03.835 [main] TPTrac - entered vendor category name 
[INFO ] 2025-07-10 18:16:04.014 [main] TPTrac - entered vendor category code 
[INFO ] 2025-07-10 18:16:04.188 [main] TPTrac - Added a new vendor category management successfully 
[INFO ] 2025-07-10 18:16:33.208 [main] TPTrac - URL opened
[INFO ] 2025-07-10 18:16:41.227 [main] TPTrac - Click on vendor menu
[INFO ] 2025-07-10 18:16:57.575 [main] TPTrac - Verfied successfully
[INFO ] 2025-07-10 18:17:26.545 [main] TPTrac - URL opened
[INFO ] 2025-07-10 18:17:34.338 [main] TPTrac - Click on vendor menu
[INFO ] 2025-07-10 18:17:34.886 [main] TPTrac - Click on vendor category management 
[INFO ] 2025-07-10 18:18:16.044 [main] TPTrac - URL opened
[INFO ] 2025-07-10 18:19:30.534 [main] TPTrac - URL opened
[INFO ] 2025-07-10 18:28:34.425 [main] TPTrac - URL opened
[INFO ] 2025-07-10 18:28:44.155 [main] TPTrac - User tab selected
[INFO ] 2025-07-10 18:28:44.423 [main] TPTrac - Add user button clicked
[INFO ] 2025-07-10 18:28:46.800 [main] TPTrac - Clicked on Add Button
[INFO ] 2025-07-10 18:28:54.055 [main] TPTrac - User tab selected
[INFO ] 2025-07-10 18:28:54.316 [main] TPTrac - Department Button clicked and verified successfully
[INFO ] 2025-07-10 18:28:57.588 [main] TPTrac - User tab selected
[INFO ] 2025-07-10 18:28:59.854 [main] TPTrac - Department Button clicked and verified successfully
[INFO ] 2025-07-10 18:29:07.998 [main] TPTrac - User tab selected
[INFO ] 2025-07-10 18:29:10.297 [main] TPTrac - Department Button clicked and verified successfully
[INFO ] 2025-07-10 18:29:12.355 [main] TPTrac - Clicked on Add Button
[INFO ] 2025-07-10 18:29:15.597 [main] TPTrac - User tab selected
[INFO ] 2025-07-10 18:29:16.081 [main] TPTrac - Add user button clicked
[INFO ] 2025-07-10 18:29:16.250 [main] TPTrac - Get user name data
[INFO ] 2025-07-10 18:29:16.422 [main] TPTrac - Get user contact data
[INFO ] 2025-07-10 18:29:16.609 [main] TPTrac - enter first name
[INFO ] 2025-07-10 18:29:16.741 [main] TPTrac - enter last name
[INFO ] 2025-07-10 18:29:16.889 [main] TPTrac - enter email id
[INFO ] 2025-07-10 18:29:17.024 [main] TPTrac - Get user role data
[INFO ] 2025-07-10 18:29:17.222 [main] TPTrac - Entered User ID
[INFO ] 2025-07-10 18:29:17.424 [main] TPTrac - Entered First Name
[INFO ] 2025-07-10 18:29:17.643 [main] TPTrac - Entered Last Name
[INFO ] 2025-07-10 18:29:17.943 [main] TPTrac - Entered Email ID
[INFO ] 2025-07-10 18:29:22.588 [main] TPTrac - Entered user contact
[INFO ] 2025-07-10 18:29:29.286 [main] TPTrac - Role selected
[INFO ] 2025-07-10 18:29:31.489 [main] TPTrac - Clicked on Add Button
[INFO ] 2025-07-10 18:29:31.638 [main] TPTrac - Search user field is clickable
[INFO ] 2025-07-10 18:29:31.770 [main] TPTrac - Sent keys to search user using JavaScript
[INFO ] 2025-07-10 18:29:31.923 [main] TPTrac - Verified Actual user successfully
[INFO ] 2025-07-10 18:29:31.930 [main] TPTrac - Start Auditor User Update validation
[INFO ] 2025-07-10 18:29:35.476 [main] TPTrac - User tab selected
[INFO ] 2025-07-10 18:29:37.981 [main] TPTrac - User selected to update the data
[INFO ] 2025-07-10 18:29:42.479 [main] TPTrac - Phone number cleared
[INFO ] 2025-07-10 18:29:42.794 [main] TPTrac - New phone number entered: 7134567999
[INFO ] 2025-07-10 18:29:43.022 [main] TPTrac - Clicked on Save button
[INFO ] 2025-07-10 18:29:43.074 [main] TPTrac - Verified updated user successfully
[INFO ] 2025-07-10 18:29:43.079 [main] TPTrac - Started user list validation
[INFO ] 2025-07-10 18:29:46.186 [main] TPTrac - Clicked on user tab
[INFO ] 2025-07-10 18:30:06.272 [main] TPTrac - Start Search User validation
[INFO ] 2025-07-10 18:30:06.410 [main] TPTrac - Get valid data
[INFO ] 2025-07-10 18:30:06.539 [main] TPTrac - Get invalid data
[INFO ] 2025-07-10 18:30:09.667 [main] TPTrac - User tab selected
[INFO ] 2025-07-10 18:30:20.363 [main] TPTrac - Verified search user functionality successfully
[INFO ] 2025-07-10 18:30:23.518 [main] TPTrac - User tab selected
[INFO ] 2025-07-10 18:30:23.690 [main] TPTrac - Add user button clicked
[INFO ] 2025-07-10 18:30:23.810 [main] TPTrac - Get user name data
[INFO ] 2025-07-10 18:30:23.933 [main] TPTrac - Get user contact data
[INFO ] 2025-07-10 18:30:24.089 [main] TPTrac - enter first name
[INFO ] 2025-07-10 18:30:24.223 [main] TPTrac - enter last name
[INFO ] 2025-07-10 18:30:24.329 [main] TPTrac - enter email id
[INFO ] 2025-07-10 18:30:24.445 [main] TPTrac - Get user role data
[INFO ] 2025-07-10 18:30:24.595 [main] TPTrac - Entered User ID
[INFO ] 2025-07-10 18:30:24.773 [main] TPTrac - Entered First Name
[INFO ] 2025-07-10 18:30:25.005 [main] TPTrac - Entered Last Name
[INFO ] 2025-07-10 18:30:25.220 [main] TPTrac - Entered Email ID
[INFO ] 2025-07-10 18:30:29.800 [main] TPTrac - Entered user contact
[INFO ] 2025-07-10 18:30:38.316 [main] TPTrac - Role selected
[INFO ] 2025-07-10 18:30:40.538 [main] TPTrac - Clicked on Add Button
[INFO ] 2025-07-10 18:30:49.927 [main] TPTrac - Yes button displayed: true
[INFO ] 2025-07-10 18:30:49.968 [main] TPTrac - Yes button enabled: true
[INFO ] 2025-07-10 18:31:00.229 [main] TPTrac - Yes button clicked successfully.
[INFO ] 2025-07-10 18:31:00.351 [main] TPTrac - Get invalid data
[INFO ] 2025-07-10 18:31:10.557 [main] TPTrac - Verified successfully
[INFO ] 2025-07-10 18:31:13.666 [main] TPTrac - User tab selected
[INFO ] 2025-07-10 18:31:13.714 [main] TPTrac - Get user name data
[INFO ] 2025-07-10 18:31:33.339 [main] TPTrac - Get invalid data
[INFO ] 2025-07-10 18:31:43.558 [main] TPTrac - User activate successfully
[INFO ] 2025-07-10 18:31:52.887 [main] TPTrac - User tab selected
[INFO ] 2025-07-10 18:32:31.939 [main] TPTrac - URL opened
[INFO ] 2025-07-10 18:32:39.781 [main] TPTrac - Click on vendor menu
[INFO ] 2025-07-10 18:32:40.329 [main] TPTrac - Click on vendor category management 
[INFO ] 2025-07-10 18:32:40.691 [main] TPTrac - Click on add new vendor category management 
[INFO ] 2025-07-10 18:32:42.867 [main] TPTrac - entered vendor category name 
[INFO ] 2025-07-10 18:32:43.022 [main] TPTrac - entered vendor category code 
[INFO ] 2025-07-10 18:32:43.123 [main] TPTrac - Added a new vendor category management successfully 
[INFO ] 2025-07-10 18:32:46.589 [main] TPTrac - Click on vendor menu
[INFO ] 2025-07-10 18:32:47.043 [main] TPTrac - Click on vendor category management 
[INFO ] 2025-07-10 18:32:47.413 [main] TPTrac - Click on add new vendor category management 
[INFO ] 2025-07-10 18:32:49.604 [main] TPTrac - entered vendor category name 
[INFO ] 2025-07-10 18:32:49.772 [main] TPTrac - entered vendor category code 
[INFO ] 2025-07-10 18:33:38.070 [main] TPTrac - Verfied successfully
[INFO ] 2025-07-10 18:33:41.409 [main] TPTrac - Click on vendor menu
[INFO ] 2025-07-10 18:33:41.897 [main] TPTrac - Click on vendor category management 
[INFO ] 2025-07-10 18:33:42.246 [main] TPTrac - Click on add new vendor category management 
[INFO ] 2025-07-10 18:33:44.437 [main] TPTrac - entered vendor category name 
[INFO ] 2025-07-10 18:33:44.572 [main] TPTrac - entered vendor category code 
[INFO ] 2025-07-10 18:33:44.688 [main] TPTrac - Added a new vendor category management successfully 
[INFO ] 2025-07-10 18:34:13.528 [main] TPTrac - URL opened
[INFO ] 2025-07-10 18:34:21.465 [main] TPTrac - Click on vendor menu
[INFO ] 2025-07-10 18:34:37.286 [main] TPTrac - Verfied successfully
[INFO ] 2025-07-10 18:35:05.614 [main] TPTrac - URL opened
[INFO ] 2025-07-10 18:35:13.400 [main] TPTrac - Click on vendor menu
[INFO ] 2025-07-10 18:35:14.153 [main] TPTrac - Click on vendor category management 
[INFO ] 2025-07-10 18:35:55.272 [main] TPTrac - URL opened
[INFO ] 2025-07-10 18:36:42.897 [main] TPTrac - Verfied successfully
[INFO ] 2025-07-10 18:37:15.844 [main] TPTrac - URL opened
[INFO ] 2025-07-11 10:54:33.379 [main] TPTrac - URL opened
[INFO ] 2025-07-11 10:54:42.566 [main] TPTrac - User tab selected
[INFO ] 2025-07-11 10:54:42.698 [main] TPTrac - Add user button clicked
[INFO ] 2025-07-11 10:54:44.872 [main] TPTrac - Clicked on Add Button
[INFO ] 2025-07-11 10:54:51.637 [main] TPTrac - User tab selected
[INFO ] 2025-07-11 10:54:51.791 [main] TPTrac - Department Button clicked and verified successfully
[INFO ] 2025-07-11 10:54:54.878 [main] TPTrac - User tab selected
[INFO ] 2025-07-11 10:54:56.981 [main] TPTrac - Department Button clicked and verified successfully
[INFO ] 2025-07-11 10:55:04.479 [main] TPTrac - User tab selected
[INFO ] 2025-07-11 10:55:06.605 [main] TPTrac - Department Button clicked and verified successfully
[INFO ] 2025-07-11 10:55:07.883 [main] TPTrac - Clicked on Add Button
[INFO ] 2025-07-11 10:55:10.952 [main] TPTrac - User tab selected
[INFO ] 2025-07-11 10:55:11.406 [main] TPTrac - Add user button clicked
[INFO ] 2025-07-11 10:55:11.535 [main] TPTrac - Get user name data
[INFO ] 2025-07-11 10:55:11.650 [main] TPTrac - Get user contact data
[INFO ] 2025-07-11 10:55:11.769 [main] TPTrac - enter first name
[INFO ] 2025-07-11 10:55:11.866 [main] TPTrac - enter last name
[INFO ] 2025-07-11 10:55:11.959 [main] TPTrac - enter email id
[INFO ] 2025-07-11 10:55:12.053 [main] TPTrac - Get user role data
[INFO ] 2025-07-11 10:55:12.128 [main] TPTrac - Entered User ID
[INFO ] 2025-07-11 10:55:12.212 [main] TPTrac - Entered First Name
[INFO ] 2025-07-11 10:55:12.289 [main] TPTrac - Entered Last Name
[INFO ] 2025-07-11 10:55:12.382 [main] TPTrac - Entered Email ID
[INFO ] 2025-07-11 10:55:16.675 [main] TPTrac - Entered user contact
[INFO ] 2025-07-11 10:55:22.949 [main] TPTrac - Role selected
[INFO ] 2025-07-11 10:55:25.036 [main] TPTrac - Clicked on Add Button
[INFO ] 2025-07-11 10:55:25.081 [main] TPTrac - Search user field is clickable
[INFO ] 2025-07-11 10:55:25.135 [main] TPTrac - Sent keys to search user using JavaScript
[INFO ] 2025-07-11 10:55:25.266 [main] TPTrac - Verified Actual user successfully
[INFO ] 2025-07-11 10:55:25.283 [main] TPTrac - Start Auditor User Update validation
[INFO ] 2025-07-11 10:55:28.621 [main] TPTrac - User tab selected
[INFO ] 2025-07-11 10:55:30.798 [main] TPTrac - User selected to update the data
[INFO ] 2025-07-11 10:55:35.000 [main] TPTrac - Phone number cleared
[INFO ] 2025-07-11 10:55:35.160 [main] TPTrac - New phone number entered: 7134567999
[INFO ] 2025-07-11 10:55:35.248 [main] TPTrac - Clicked on Save button
[INFO ] 2025-07-11 10:55:35.282 [main] TPTrac - Verified updated user successfully
[INFO ] 2025-07-11 10:55:35.282 [main] TPTrac - Started user list validation
[INFO ] 2025-07-11 10:55:38.368 [main] TPTrac - Clicked on user tab
[INFO ] 2025-07-11 10:55:58.409 [main] TPTrac - Start Search User validation
[INFO ] 2025-07-11 10:55:58.504 [main] TPTrac - Get valid data
[INFO ] 2025-07-11 10:55:58.584 [main] TPTrac - Get invalid data
[INFO ] 2025-07-11 10:56:01.653 [main] TPTrac - User tab selected
[INFO ] 2025-07-11 10:56:11.981 [main] TPTrac - Verified search user functionality successfully
[INFO ] 2025-07-11 10:56:15.037 [main] TPTrac - User tab selected
[INFO ] 2025-07-11 10:56:15.148 [main] TPTrac - Add user button clicked
[INFO ] 2025-07-11 10:56:15.215 [main] TPTrac - Get user name data
[INFO ] 2025-07-11 10:56:15.295 [main] TPTrac - Get user contact data
[INFO ] 2025-07-11 10:56:15.365 [main] TPTrac - enter first name
[INFO ] 2025-07-11 10:56:15.455 [main] TPTrac - enter last name
[INFO ] 2025-07-11 10:56:15.530 [main] TPTrac - enter email id
[INFO ] 2025-07-11 10:56:15.606 [main] TPTrac - Get user role data
[INFO ] 2025-07-11 10:56:15.688 [main] TPTrac - Entered User ID
[INFO ] 2025-07-11 10:56:15.749 [main] TPTrac - Entered First Name
[INFO ] 2025-07-11 10:56:15.832 [main] TPTrac - Entered Last Name
[INFO ] 2025-07-11 10:56:15.915 [main] TPTrac - Entered Email ID
[INFO ] 2025-07-11 10:56:20.173 [main] TPTrac - Entered user contact
[INFO ] 2025-07-11 10:56:28.407 [main] TPTrac - Role selected
[INFO ] 2025-07-11 10:56:30.516 [main] TPTrac - Clicked on Add Button
[INFO ] 2025-07-11 10:56:41.593 [main] TPTrac - Yes button displayed: true
[INFO ] 2025-07-11 10:56:41.609 [main] TPTrac - Yes button enabled: true
[INFO ] 2025-07-11 10:56:51.703 [main] TPTrac - Yes button clicked successfully.
[INFO ] 2025-07-11 10:56:51.773 [main] TPTrac - Get invalid data
[INFO ] 2025-07-11 10:57:01.897 [main] TPTrac - Verified successfully
[INFO ] 2025-07-11 10:57:04.971 [main] TPTrac - User tab selected
[INFO ] 2025-07-11 10:57:05.030 [main] TPTrac - Get user name data
[INFO ] 2025-07-11 10:57:24.431 [main] TPTrac - Get invalid data
[INFO ] 2025-07-11 10:57:34.596 [main] TPTrac - User activate successfully
[INFO ] 2025-07-11 10:57:43.764 [main] TPTrac - User tab selected
[INFO ] 2025-07-11 10:58:22.147 [main] TPTrac - URL opened
[INFO ] 2025-07-11 10:58:29.530 [main] TPTrac - Click on vendor menu
[INFO ] 2025-07-11 10:58:30.037 [main] TPTrac - Click on vendor category management 
[INFO ] 2025-07-11 10:58:30.384 [main] TPTrac - Click on add new vendor category management 
[INFO ] 2025-07-11 10:58:32.488 [main] TPTrac - entered vendor category name 
[INFO ] 2025-07-11 10:58:32.555 [main] TPTrac - entered vendor category code 
[INFO ] 2025-07-11 10:58:32.613 [main] TPTrac - Added a new vendor category management successfully 
[INFO ] 2025-07-11 10:58:35.915 [main] TPTrac - Click on vendor menu
[INFO ] 2025-07-11 10:58:36.328 [main] TPTrac - Click on vendor category management 
[INFO ] 2025-07-11 10:58:36.667 [main] TPTrac - Click on add new vendor category management 
[INFO ] 2025-07-11 10:58:38.754 [main] TPTrac - entered vendor category name 
[INFO ] 2025-07-11 10:58:38.801 [main] TPTrac - entered vendor category code 
[INFO ] 2025-07-11 10:59:03.283 [main] TPTrac - URL opened
[INFO ] 2025-07-11 10:59:10.699 [main] TPTrac - Click on vendor menu
[INFO ] 2025-07-11 10:59:25.679 [main] TPTrac - Verfied successfully
[INFO ] 2025-07-11 10:59:53.716 [main] TPTrac - URL opened
[INFO ] 2025-07-11 11:00:01.295 [main] TPTrac - Click on vendor menu
[INFO ] 2025-07-11 11:00:01.951 [main] TPTrac - Click on vendor category management 
[INFO ] 2025-07-11 11:00:42.356 [main] TPTrac - URL opened
[INFO ] 2025-07-11 11:03:14.606 [main] TPTrac - URL opened
[INFO ] 2025-07-11 11:03:23.710 [main] TPTrac - User tab selected
[INFO ] 2025-07-11 11:03:23.849 [main] TPTrac - Add user button clicked
[INFO ] 2025-07-11 11:03:26.002 [main] TPTrac - Clicked on Add Button
[INFO ] 2025-07-11 11:03:32.449 [main] TPTrac - User tab selected
[INFO ] 2025-07-11 11:03:32.534 [main] TPTrac - Department Button clicked and verified successfully
[INFO ] 2025-07-11 11:03:35.610 [main] TPTrac - User tab selected
[INFO ] 2025-07-11 11:03:37.734 [main] TPTrac - Department Button clicked and verified successfully
[INFO ] 2025-07-11 11:03:45.553 [main] TPTrac - User tab selected
[INFO ] 2025-07-11 11:03:47.745 [main] TPTrac - Department Button clicked and verified successfully
[INFO ] 2025-07-11 11:03:49.058 [main] TPTrac - Clicked on Add Button
[INFO ] 2025-07-11 11:03:52.350 [main] TPTrac - User tab selected
[INFO ] 2025-07-11 11:03:52.763 [main] TPTrac - Add user button clicked
[INFO ] 2025-07-11 11:03:52.875 [main] TPTrac - Get user name data
[INFO ] 2025-07-11 11:03:52.989 [main] TPTrac - Get user contact data
[INFO ] 2025-07-11 11:03:53.106 [main] TPTrac - enter first name
[INFO ] 2025-07-11 11:03:53.210 [main] TPTrac - enter last name
[INFO ] 2025-07-11 11:03:53.290 [main] TPTrac - enter email id
[INFO ] 2025-07-11 11:03:53.385 [main] TPTrac - Get user role data
[INFO ] 2025-07-11 11:03:53.462 [main] TPTrac - Entered User ID
[INFO ] 2025-07-11 11:03:53.539 [main] TPTrac - Entered First Name
[INFO ] 2025-07-11 11:03:53.607 [main] TPTrac - Entered Last Name
[INFO ] 2025-07-11 11:03:53.719 [main] TPTrac - Entered Email ID
[INFO ] 2025-07-11 11:03:58.153 [main] TPTrac - Entered user contact
[INFO ] 2025-07-11 11:04:04.589 [main] TPTrac - Role selected
[INFO ] 2025-07-11 11:04:06.818 [main] TPTrac - Clicked on Add Button
[INFO ] 2025-07-11 11:04:06.857 [main] TPTrac - Search user field is clickable
[INFO ] 2025-07-11 11:04:06.908 [main] TPTrac - Sent keys to search user using JavaScript
[WARN ] 2025-07-11 11:04:06.944 [main] TPTrac - StaleElementReferenceException encountered, retrying...
[INFO ] 2025-07-11 11:04:07.976 [main] TPTrac - Verified Actual user successfully
[INFO ] 2025-07-11 11:04:07.992 [main] TPTrac - Start Auditor User Update validation
[INFO ] 2025-07-11 11:04:11.322 [main] TPTrac - User tab selected
[INFO ] 2025-07-11 11:04:13.526 [main] TPTrac - User selected to update the data
[INFO ] 2025-07-11 11:04:17.850 [main] TPTrac - Phone number cleared
[INFO ] 2025-07-11 11:04:18.009 [main] TPTrac - New phone number entered: 7134567999
[INFO ] 2025-07-11 11:04:18.102 [main] TPTrac - Clicked on Save button
[INFO ] 2025-07-11 11:04:18.124 [main] TPTrac - Verified updated user successfully
[INFO ] 2025-07-11 11:04:18.124 [main] TPTrac - Started user list validation
[INFO ] 2025-07-11 11:04:21.258 [main] TPTrac - Clicked on user tab
[INFO ] 2025-07-11 11:04:41.398 [main] TPTrac - Start Search User validation
[INFO ] 2025-07-11 11:04:41.541 [main] TPTrac - Get valid data
[INFO ] 2025-07-11 11:04:41.621 [main] TPTrac - Get invalid data
[INFO ] 2025-07-11 11:04:44.699 [main] TPTrac - User tab selected
[INFO ] 2025-07-11 11:04:55.015 [main] TPTrac - Verified search user functionality successfully
[INFO ] 2025-07-11 11:04:58.132 [main] TPTrac - User tab selected
[INFO ] 2025-07-11 11:04:58.229 [main] TPTrac - Add user button clicked
[INFO ] 2025-07-11 11:04:58.297 [main] TPTrac - Get user name data
[INFO ] 2025-07-11 11:04:58.362 [main] TPTrac - Get user contact data
[INFO ] 2025-07-11 11:04:58.443 [main] TPTrac - enter first name
[INFO ] 2025-07-11 11:04:58.508 [main] TPTrac - enter last name
[INFO ] 2025-07-11 11:04:58.601 [main] TPTrac - enter email id
[INFO ] 2025-07-11 11:04:58.695 [main] TPTrac - Get user role data
[INFO ] 2025-07-11 11:04:58.789 [main] TPTrac - Entered User ID
[INFO ] 2025-07-11 11:04:58.894 [main] TPTrac - Entered First Name
[INFO ] 2025-07-11 11:04:58.997 [main] TPTrac - Entered Last Name
[INFO ] 2025-07-11 11:04:59.164 [main] TPTrac - Entered Email ID
[INFO ] 2025-07-11 11:05:03.544 [main] TPTrac - Entered user contact
[INFO ] 2025-07-11 11:05:11.958 [main] TPTrac - Role selected
[INFO ] 2025-07-11 11:05:14.113 [main] TPTrac - Clicked on Add Button
[INFO ] 2025-07-11 11:05:23.345 [main] TPTrac - Yes button displayed: true
[INFO ] 2025-07-11 11:05:23.370 [main] TPTrac - Yes button enabled: true
[INFO ] 2025-07-11 11:05:33.502 [main] TPTrac - Yes button clicked successfully.
[INFO ] 2025-07-11 11:05:33.559 [main] TPTrac - Get invalid data
[INFO ] 2025-07-11 11:05:43.788 [main] TPTrac - Verified successfully
[INFO ] 2025-07-11 11:05:46.909 [main] TPTrac - User tab selected
[INFO ] 2025-07-11 11:05:46.967 [main] TPTrac - Get user name data
[INFO ] 2025-07-11 11:06:06.359 [main] TPTrac - Get invalid data
[INFO ] 2025-07-11 11:06:16.517 [main] TPTrac - User activate successfully
[INFO ] 2025-07-11 11:06:25.760 [main] TPTrac - User tab selected
[INFO ] 2025-07-11 11:07:04.339 [main] TPTrac - URL opened
[INFO ] 2025-07-11 11:07:11.836 [main] TPTrac - Click on vendor menu
[INFO ] 2025-07-11 11:07:12.354 [main] TPTrac - Click on vendor category management 
[INFO ] 2025-07-11 11:07:12.730 [main] TPTrac - Click on add new vendor category management 
[INFO ] 2025-07-11 11:07:14.862 [main] TPTrac - entered vendor category name 
[INFO ] 2025-07-11 11:07:14.967 [main] TPTrac - entered vendor category code 
[INFO ] 2025-07-11 11:07:15.045 [main] TPTrac - Added a new vendor category management successfully 
[INFO ] 2025-07-11 11:07:18.407 [main] TPTrac - Click on vendor menu
[INFO ] 2025-07-11 11:07:18.816 [main] TPTrac - Click on vendor category management 
[INFO ] 2025-07-11 11:07:19.119 [main] TPTrac - Click on add new vendor category management 
[INFO ] 2025-07-11 11:07:21.248 [main] TPTrac - entered vendor category name 
[INFO ] 2025-07-11 11:07:21.318 [main] TPTrac - entered vendor category code 
[INFO ] 2025-07-11 11:08:09.115 [main] TPTrac - Verfied successfully
[INFO ] 2025-07-11 11:08:12.352 [main] TPTrac - Click on vendor menu
[INFO ] 2025-07-11 11:08:12.814 [main] TPTrac - Click on vendor category management 
[INFO ] 2025-07-11 11:08:13.175 [main] TPTrac - Click on add new vendor category management 
[INFO ] 2025-07-11 11:08:15.392 [main] TPTrac - entered vendor category name 
[INFO ] 2025-07-11 11:08:15.557 [main] TPTrac - entered vendor category code 
[INFO ] 2025-07-11 11:08:15.701 [main] TPTrac - Added a new vendor category management successfully 
[INFO ] 2025-07-11 11:08:43.971 [main] TPTrac - URL opened
[INFO ] 2025-07-11 11:08:51.416 [main] TPTrac - Click on vendor menu
[INFO ] 2025-07-11 11:09:07.145 [main] TPTrac - Verfied successfully
[INFO ] 2025-07-11 11:09:35.368 [main] TPTrac - URL opened
[INFO ] 2025-07-11 11:09:42.839 [main] TPTrac - Click on vendor menu
[INFO ] 2025-07-11 11:09:43.489 [main] TPTrac - Click on vendor category management 
[INFO ] 2025-07-11 11:10:24.688 [main] TPTrac - URL opened
[INFO ] 2025-07-11 12:00:55.630 [main] TPTrac - URL opened
[INFO ] 2025-07-11 12:01:05.063 [main] TPTrac - User tab selected
[INFO ] 2025-07-11 12:01:05.350 [main] TPTrac - Add user button clicked
[INFO ] 2025-07-11 12:01:07.841 [main] TPTrac - Clicked on Add Button
[INFO ] 2025-07-11 12:01:16.410 [main] TPTrac - User tab selected
[INFO ] 2025-07-11 12:01:16.644 [main] TPTrac - Department Button clicked and verified successfully
[INFO ] 2025-07-11 12:01:19.856 [main] TPTrac - User tab selected
[INFO ] 2025-07-11 12:01:22.231 [main] TPTrac - Department Button clicked and verified successfully
[INFO ] 2025-07-11 12:01:30.391 [main] TPTrac - User tab selected
[INFO ] 2025-07-11 12:01:32.739 [main] TPTrac - Department Button clicked and verified successfully
[INFO ] 2025-07-11 12:01:34.923 [main] TPTrac - Clicked on Add Button
[INFO ] 2025-07-11 12:01:38.114 [main] TPTrac - User tab selected
[INFO ] 2025-07-11 12:01:38.657 [main] TPTrac - Add user button clicked
[INFO ] 2025-07-11 12:01:38.883 [main] TPTrac - Get user name data
[INFO ] 2025-07-11 12:01:39.064 [main] TPTrac - Get user contact data
[INFO ] 2025-07-11 12:01:39.222 [main] TPTrac - enter first name
[INFO ] 2025-07-11 12:01:39.371 [main] TPTrac - enter last name
[INFO ] 2025-07-11 12:01:39.570 [main] TPTrac - enter email id
[INFO ] 2025-07-11 12:01:39.786 [main] TPTrac - Get user role data
[INFO ] 2025-07-11 12:01:39.975 [main] TPTrac - Entered User ID
[INFO ] 2025-07-11 12:01:40.164 [main] TPTrac - Entered First Name
[INFO ] 2025-07-11 12:01:40.352 [main] TPTrac - Entered Last Name
[INFO ] 2025-07-11 12:01:40.665 [main] TPTrac - Entered Email ID
[INFO ] 2025-07-11 12:01:45.448 [main] TPTrac - Entered user contact
[INFO ] 2025-07-11 12:01:52.099 [main] TPTrac - Role selected
[INFO ] 2025-07-11 12:01:54.369 [main] TPTrac - Clicked on Add Button
[INFO ] 2025-07-11 12:01:54.486 [main] TPTrac - Search user field is clickable
[INFO ] 2025-07-11 12:01:54.600 [main] TPTrac - Sent keys to search user using JavaScript
[WARN ] 2025-07-11 12:01:57.157 [main] TPTrac - StaleElementReferenceException encountered, retrying...
[INFO ] 2025-07-11 12:01:58.239 [main] TPTrac - Verified Actual user successfully
[INFO ] 2025-07-11 12:01:58.245 [main] TPTrac - Start Auditor User Update validation
[INFO ] 2025-07-11 12:02:01.732 [main] TPTrac - User tab selected
[INFO ] 2025-07-11 12:02:04.168 [main] TPTrac - User selected to update the data
[INFO ] 2025-07-11 12:02:08.780 [main] TPTrac - Phone number cleared
[INFO ] 2025-07-11 12:02:09.107 [main] TPTrac - New phone number entered: 7134567999
[INFO ] 2025-07-11 12:02:09.373 [main] TPTrac - Clicked on Save button
[INFO ] 2025-07-11 12:02:09.485 [main] TPTrac - Verified updated user successfully
[INFO ] 2025-07-11 12:02:09.485 [main] TPTrac - Started user list validation
[INFO ] 2025-07-11 12:02:12.696 [main] TPTrac - Clicked on user tab
[INFO ] 2025-07-11 12:02:32.783 [main] TPTrac - Start Search User validation
[INFO ] 2025-07-11 12:02:32.980 [main] TPTrac - Get valid data
[INFO ] 2025-07-11 12:02:33.132 [main] TPTrac - Get invalid data
[INFO ] 2025-07-11 12:02:36.277 [main] TPTrac - User tab selected
[INFO ] 2025-07-11 12:02:47.248 [main] TPTrac - Verified search user functionality successfully
[INFO ] 2025-07-11 12:02:50.423 [main] TPTrac - User tab selected
[INFO ] 2025-07-11 12:02:50.626 [main] TPTrac - Add user button clicked
[INFO ] 2025-07-11 12:02:50.809 [main] TPTrac - Get user name data
[INFO ] 2025-07-11 12:02:50.957 [main] TPTrac - Get user contact data
[INFO ] 2025-07-11 12:02:51.079 [main] TPTrac - enter first name
[INFO ] 2025-07-11 12:02:51.184 [main] TPTrac - enter last name
[INFO ] 2025-07-11 12:02:51.365 [main] TPTrac - enter email id
[INFO ] 2025-07-11 12:02:51.488 [main] TPTrac - Get user role data
[INFO ] 2025-07-11 12:02:51.728 [main] TPTrac - Entered User ID
[INFO ] 2025-07-11 12:02:51.928 [main] TPTrac - Entered First Name
[INFO ] 2025-07-11 12:02:52.136 [main] TPTrac - Entered Last Name
[INFO ] 2025-07-11 12:02:52.399 [main] TPTrac - Entered Email ID
[INFO ] 2025-07-11 12:02:57.038 [main] TPTrac - Entered user contact
[INFO ] 2025-07-11 12:03:05.603 [main] TPTrac - Role selected
[INFO ] 2025-07-11 12:03:07.833 [main] TPTrac - Clicked on Add Button
[INFO ] 2025-07-11 12:03:17.352 [main] TPTrac - Yes button displayed: true
[INFO ] 2025-07-11 12:03:17.393 [main] TPTrac - Yes button enabled: true
[INFO ] 2025-07-11 12:03:27.618 [main] TPTrac - Yes button clicked successfully.
[INFO ] 2025-07-11 12:03:27.781 [main] TPTrac - Get invalid data
[INFO ] 2025-07-11 12:03:38.075 [main] TPTrac - Verified successfully
[INFO ] 2025-07-11 12:03:41.237 [main] TPTrac - User tab selected
[INFO ] 2025-07-11 12:03:41.344 [main] TPTrac - Get user name data
[INFO ] 2025-07-11 12:04:45.418 [main] TPTrac - URL opened
[INFO ] 2025-07-11 12:04:54.880 [main] TPTrac - User tab selected
[INFO ] 2025-07-11 12:04:55.159 [main] TPTrac - Add user button clicked
[INFO ] 2025-07-11 12:04:57.649 [main] TPTrac - Clicked on Add Button
[INFO ] 2025-07-11 12:05:06.409 [main] TPTrac - User tab selected
[INFO ] 2025-07-11 12:05:06.623 [main] TPTrac - Department Button clicked and verified successfully
[INFO ] 2025-07-11 12:05:09.736 [main] TPTrac - User tab selected
[INFO ] 2025-07-11 12:05:11.916 [main] TPTrac - Department Button clicked and verified successfully
[INFO ] 2025-07-11 12:05:19.584 [main] TPTrac - User tab selected
[INFO ] 2025-07-11 12:05:21.862 [main] TPTrac - Department Button clicked and verified successfully
[INFO ] 2025-07-11 12:05:23.197 [main] TPTrac - Clicked on Add Button
[INFO ] 2025-07-11 12:05:26.326 [main] TPTrac - User tab selected
[INFO ] 2025-07-11 12:05:26.902 [main] TPTrac - Add user button clicked
[INFO ] 2025-07-11 12:05:26.981 [main] TPTrac - Get user name data
[INFO ] 2025-07-11 12:05:27.035 [main] TPTrac - Get user contact data
[INFO ] 2025-07-11 12:05:27.111 [main] TPTrac - enter first name
[INFO ] 2025-07-11 12:05:27.178 [main] TPTrac - enter last name
[INFO ] 2025-07-11 12:05:27.244 [main] TPTrac - enter email id
[INFO ] 2025-07-11 12:05:27.309 [main] TPTrac - Get user role data
[INFO ] 2025-07-11 12:05:27.429 [main] TPTrac - Entered User ID
[INFO ] 2025-07-11 12:05:27.645 [main] TPTrac - Entered First Name
[INFO ] 2025-07-11 12:05:27.849 [main] TPTrac - Entered Last Name
[INFO ] 2025-07-11 12:05:28.144 [main] TPTrac - Entered Email ID
[INFO ] 2025-07-11 12:05:32.726 [main] TPTrac - Entered user contact
[INFO ] 2025-07-11 12:05:39.286 [main] TPTrac - Role selected
[INFO ] 2025-07-11 12:05:41.523 [main] TPTrac - Clicked on Add Button
[INFO ] 2025-07-11 12:05:41.651 [main] TPTrac - Search user field is clickable
[INFO ] 2025-07-11 12:05:41.768 [main] TPTrac - Sent keys to search user using JavaScript
[WARN ] 2025-07-11 12:05:44.257 [main] TPTrac - StaleElementReferenceException encountered, retrying...
[INFO ] 2025-07-11 12:05:45.340 [main] TPTrac - Verified Actual user successfully
[INFO ] 2025-07-11 12:05:45.356 [main] TPTrac - Start Auditor User Update validation
[INFO ] 2025-07-11 12:05:48.979 [main] TPTrac - User tab selected
[INFO ] 2025-07-11 12:05:51.618 [main] TPTrac - User selected to update the data
[INFO ] 2025-07-11 12:05:56.270 [main] TPTrac - Phone number cleared
[INFO ] 2025-07-11 12:05:56.721 [main] TPTrac - New phone number entered: 7134567999
[INFO ] 2025-07-11 12:05:56.946 [main] TPTrac - Clicked on Save button
[INFO ] 2025-07-11 12:05:57.016 [main] TPTrac - Verified updated user successfully
[INFO ] 2025-07-11 12:05:57.018 [main] TPTrac - Started user list validation
[INFO ] 2025-07-11 12:12:27.786 [main] TPTrac - URL opened
[INFO ] 2025-07-11 12:12:37.383 [main] TPTrac - User tab selected
[INFO ] 2025-07-11 12:12:37.579 [main] TPTrac - Add user button clicked
[INFO ] 2025-07-11 12:12:39.835 [main] TPTrac - Clicked on Add Button
[INFO ] 2025-07-11 12:12:48.078 [main] TPTrac - User tab selected
[INFO ] 2025-07-11 12:12:48.283 [main] TPTrac - Department Button clicked and verified successfully
[INFO ] 2025-07-11 12:12:51.427 [main] TPTrac - User tab selected
[INFO ] 2025-07-11 12:12:53.646 [main] TPTrac - Department Button clicked and verified successfully
[INFO ] 2025-07-11 12:13:01.725 [main] TPTrac - User tab selected
[INFO ] 2025-07-11 12:13:03.929 [main] TPTrac - Department Button clicked and verified successfully
[INFO ] 2025-07-11 12:13:06.238 [main] TPTrac - Clicked on Add Button
[INFO ] 2025-07-11 12:13:09.380 [main] TPTrac - User tab selected
[INFO ] 2025-07-11 12:13:09.882 [main] TPTrac - Add user button clicked
[INFO ] 2025-07-11 12:13:10.155 [main] TPTrac - Get user name data
[INFO ] 2025-07-11 12:13:10.330 [main] TPTrac - Get user contact data
[INFO ] 2025-07-11 12:13:10.484 [main] TPTrac - enter first name
[INFO ] 2025-07-11 12:13:10.636 [main] TPTrac - enter last name
[INFO ] 2025-07-11 12:13:10.788 [main] TPTrac - enter email id
[INFO ] 2025-07-11 12:13:10.922 [main] TPTrac - Get user role data
[INFO ] 2025-07-11 12:13:11.097 [main] TPTrac - Entered User ID
[INFO ] 2025-07-11 12:13:11.239 [main] TPTrac - Entered First Name
[INFO ] 2025-07-11 12:13:11.388 [main] TPTrac - Entered Last Name
[INFO ] 2025-07-11 12:13:11.586 [main] TPTrac - Entered Email ID
[INFO ] 2025-07-11 12:13:16.219 [main] TPTrac - Entered user contact
[INFO ] 2025-07-11 12:13:22.804 [main] TPTrac - Role selected
[INFO ] 2025-07-11 12:13:25.036 [main] TPTrac - Clicked on Add Button
[INFO ] 2025-07-11 12:13:25.203 [main] TPTrac - Search user field is clickable
[INFO ] 2025-07-11 12:13:25.293 [main] TPTrac - Sent keys to search user using JavaScript
[INFO ] 2025-07-11 12:13:25.430 [main] TPTrac - Verified Actual user successfully
[INFO ] 2025-07-11 12:13:25.437 [main] TPTrac - Start Auditor User Update validation
[INFO ] 2025-07-11 12:13:28.909 [main] TPTrac - User tab selected
[INFO ] 2025-07-11 12:13:31.397 [main] TPTrac - User selected to update the data
[INFO ] 2025-07-11 12:13:35.890 [main] TPTrac - Phone number cleared
[INFO ] 2025-07-11 12:13:36.199 [main] TPTrac - New phone number entered: 7134567999
[INFO ] 2025-07-11 12:13:36.440 [main] TPTrac - Clicked on Save button
[INFO ] 2025-07-11 12:13:36.486 [main] TPTrac - Verified updated user successfully
[INFO ] 2025-07-11 12:13:36.486 [main] TPTrac - Started user list validation
[INFO ] 2025-07-11 12:13:39.619 [main] TPTrac - Clicked on user tab
[INFO ] 2025-07-11 12:13:59.706 [main] TPTrac - Start Search User validation
[INFO ] 2025-07-11 12:13:59.928 [main] TPTrac - Get valid data
[INFO ] 2025-07-11 12:14:00.056 [main] TPTrac - Get invalid data
[INFO ] 2025-07-11 12:14:03.189 [main] TPTrac - User tab selected
[INFO ] 2025-07-11 12:14:13.995 [main] TPTrac - Verified search user functionality successfully
[INFO ] 2025-07-11 12:14:17.139 [main] TPTrac - User tab selected
[INFO ] 2025-07-11 12:14:17.322 [main] TPTrac - Add user button clicked
[INFO ] 2025-07-11 12:14:17.440 [main] TPTrac - Get user name data
[INFO ] 2025-07-11 12:14:17.612 [main] TPTrac - Get user contact data
[INFO ] 2025-07-11 12:14:17.792 [main] TPTrac - enter first name
[INFO ] 2025-07-11 12:14:17.908 [main] TPTrac - enter last name
[INFO ] 2025-07-11 12:14:18.025 [main] TPTrac - enter email id
[INFO ] 2025-07-11 12:14:18.154 [main] TPTrac - Get user role data
[INFO ] 2025-07-11 12:14:18.278 [main] TPTrac - Entered User ID
[INFO ] 2025-07-11 12:14:18.441 [main] TPTrac - Entered First Name
[INFO ] 2025-07-11 12:14:18.582 [main] TPTrac - Entered Last Name
[INFO ] 2025-07-11 12:14:18.728 [main] TPTrac - Entered Email ID
[INFO ] 2025-07-11 12:14:23.274 [main] TPTrac - Entered user contact
[INFO ] 2025-07-11 12:14:31.771 [main] TPTrac - Role selected
[INFO ] 2025-07-11 12:14:33.951 [main] TPTrac - Clicked on Add Button
[INFO ] 2025-07-11 12:14:41.881 [main] TPTrac - User tab selected
[INFO ] 2025-07-11 12:14:41.976 [main] TPTrac - Get user name data
[INFO ] 2025-07-11 12:15:18.760 [main] TPTrac - User tab selected
[INFO ] 2025-07-11 12:15:58.065 [main] TPTrac - URL opened
[INFO ] 2025-07-11 12:16:05.961 [main] TPTrac - Click on vendor menu
[INFO ] 2025-07-11 12:16:06.796 [main] TPTrac - Click on vendor category management 
[INFO ] 2025-07-11 12:16:07.314 [main] TPTrac - Click on add new vendor category management 
[INFO ] 2025-07-11 12:16:09.686 [main] TPTrac - entered vendor category name 
[INFO ] 2025-07-11 12:16:09.842 [main] TPTrac - entered vendor category code 
[INFO ] 2025-07-11 12:16:10.026 [main] TPTrac - Added a new vendor category management successfully 
[INFO ] 2025-07-11 12:16:13.703 [main] TPTrac - Click on vendor menu
[INFO ] 2025-07-11 12:16:14.255 [main] TPTrac - Click on vendor category management 
[INFO ] 2025-07-11 12:16:14.610 [main] TPTrac - Click on add new vendor category management 
[INFO ] 2025-07-11 12:16:16.940 [main] TPTrac - entered vendor category name 
[INFO ] 2025-07-11 12:16:17.104 [main] TPTrac - entered vendor category code 
[INFO ] 2025-07-11 12:17:05.222 [main] TPTrac - Verfied successfully
[INFO ] 2025-07-11 12:17:08.451 [main] TPTrac - Click on vendor menu
[INFO ] 2025-07-11 12:17:08.989 [main] TPTrac - Click on vendor category management 
[INFO ] 2025-07-11 12:17:09.378 [main] TPTrac - Click on add new vendor category management 
[INFO ] 2025-07-11 12:17:11.589 [main] TPTrac - entered vendor category name 
[INFO ] 2025-07-11 12:17:11.759 [main] TPTrac - entered vendor category code 
[INFO ] 2025-07-11 12:17:11.936 [main] TPTrac - Added a new vendor category management successfully 
[INFO ] 2025-07-11 12:17:40.379 [main] TPTrac - URL opened
[INFO ] 2025-07-11 12:17:47.965 [main] TPTrac - Click on vendor menu
[INFO ] 2025-07-11 12:18:04.455 [main] TPTrac - Verfied successfully
[INFO ] 2025-07-11 12:18:32.840 [main] TPTrac - URL opened
[INFO ] 2025-07-11 12:18:40.417 [main] TPTrac - Click on vendor menu
[INFO ] 2025-07-11 12:18:41.192 [main] TPTrac - Click on vendor category management 
[INFO ] 2025-07-11 12:19:22.089 [main] TPTrac - URL opened
[INFO ] 2025-07-11 12:20:11.338 [main] TPTrac - Verfied successfully
[INFO ] 2025-07-11 12:20:43.943 [main] TPTrac - URL opened
[INFO ] 2025-07-11 12:20:51.947 [main] TPTrac - Framework Menu Clicked
[INFO ] 2025-07-11 12:20:52.412 [main] TPTrac - Clicked Add Framework button
[INFO ] 2025-07-11 12:20:53.602 [main] TPTrac - Entered Framework Name
[INFO ] 2025-07-11 12:20:53.791 [main] TPTrac - Entered Descriptions
[INFO ] 2025-07-11 12:20:53.998 [main] TPTrac - Entered Hiearchy Level
[INFO ] 2025-07-11 12:20:54.223 [main] TPTrac - Add button clicked successfully.
[ERROR] 2025-07-11 12:20:55.399 [main] TPTrac - Standard click failed: element click intercepted: Element <button _ngcontent-pfw-c151="" type="submit" data-automation-id="framework-27" class="modalbutton btn-default deepwhite submit">...</button> is not clickable at point (1106, 495). Other element would receive the click: <ngb-modal-window role="dialog" tabindex="-1" aria-modal="true" class="d-block modal myCustomModalClass fade show">...</ngb-modal-window>
  (Session info: chrome=138.0.7204.101)
Build info: version: '4.17.0', revision: 'e52b1be057*'
System info: os.name: 'Windows 11', os.arch: 'amd64', os.version: '10.0', java.version: '17.0.6'
Driver info: org.openqa.selenium.chrome.ChromeDriver
Command: [8af8992d34cb4300def2affe00b243ec, clickElement {id=f.FE338D9D28B9ED340CBF4EDD8AC05356.d.C64EA6CA594F3BEFB94B9EBBC4FCB41D.e.124}]
Capabilities {acceptInsecureCerts: false, browserName: chrome, browserVersion: 138.0.7204.101, chrome: {chromedriverVersion: 138.0.7204.49 (d2b48fd5f781..., userDataDir: C:\Users\NIRANJ~1\AppData\L...}, fedcm:accounts: true, goog:chromeOptions: {debuggerAddress: localhost:61359}, networkConnectionEnabled: false, pageLoadStrategy: normal, platformName: windows, proxy: Proxy(), se:cdp: ws://localhost:61359/devtoo..., se:cdpVersion: 138.0.7204.101, setWindowRect: true, strictFileInteractability: false, timeouts: {implicit: 0, pageLoad: 300000, script: 30000}, unhandledPromptBehavior: dismiss and notify, webauthn:extension:credBlob: true, webauthn:extension:largeBlob: true, webauthn:extension:minPinLength: true, webauthn:extension:prf: true, webauthn:virtualAuthenticators: true}
Element: [[ChromeDriver: chrome on windows (8af8992d34cb4300def2affe00b243ec)] -> css selector: [data-automation-id='framework-27']]
Session ID: 8af8992d34cb4300def2affe00b243ec
[INFO ] 2025-07-11 12:20:55.450 [main] TPTrac - Add button clicked using JavaScript.
[INFO ] 2025-07-11 12:22:07.950 [main] TPTrac - URL opened
[INFO ] 2025-07-11 12:22:17.808 [main] TPTrac - User tab selected
[INFO ] 2025-07-11 12:22:18.077 [main] TPTrac - Add user button clicked
[INFO ] 2025-07-11 12:22:20.437 [main] TPTrac - Clicked on Add Button
[INFO ] 2025-07-11 12:22:28.534 [main] TPTrac - User tab selected
[INFO ] 2025-07-11 12:22:28.743 [main] TPTrac - Department Button clicked and verified successfully
[INFO ] 2025-07-11 12:22:31.950 [main] TPTrac - User tab selected
[INFO ] 2025-07-11 12:22:34.224 [main] TPTrac - Department Button clicked and verified successfully
[INFO ] 2025-07-11 12:22:42.576 [main] TPTrac - User tab selected
[INFO ] 2025-07-11 12:22:44.761 [main] TPTrac - Department Button clicked and verified successfully
[INFO ] 2025-07-11 12:22:46.588 [main] TPTrac - Clicked on Add Button
[INFO ] 2025-07-11 12:22:49.704 [main] TPTrac - User tab selected
[INFO ] 2025-07-11 12:22:50.158 [main] TPTrac - Add user button clicked
[INFO ] 2025-07-11 12:22:50.375 [main] TPTrac - Get user name data
[INFO ] 2025-07-11 12:22:50.557 [main] TPTrac - Get user contact data
[INFO ] 2025-07-11 12:22:50.711 [main] TPTrac - enter first name
[INFO ] 2025-07-11 12:22:50.894 [main] TPTrac - enter last name
[INFO ] 2025-07-11 12:22:51.094 [main] TPTrac - enter email id
[INFO ] 2025-07-11 12:22:51.253 [main] TPTrac - Get user role data
[INFO ] 2025-07-11 12:22:51.417 [main] TPTrac - Entered User ID
[INFO ] 2025-07-11 12:22:51.589 [main] TPTrac - Entered First Name
[INFO ] 2025-07-11 12:22:51.723 [main] TPTrac - Entered Last Name
[INFO ] 2025-07-11 12:22:51.924 [main] TPTrac - Entered Email ID
[INFO ] 2025-07-11 12:22:56.459 [main] TPTrac - Entered user contact
[INFO ] 2025-07-11 12:23:02.864 [main] TPTrac - Role selected
[INFO ] 2025-07-11 12:23:04.976 [main] TPTrac - Clicked on Add Button
[INFO ] 2025-07-11 12:23:05.032 [main] TPTrac - Search user field is clickable
[INFO ] 2025-07-11 12:23:05.107 [main] TPTrac - Sent keys to search user using JavaScript
[WARN ] 2025-07-11 12:23:05.435 [main] TPTrac - StaleElementReferenceException encountered, retrying...
[INFO ] 2025-07-11 12:23:06.486 [main] TPTrac - Verified Actual user successfully
[INFO ] 2025-07-11 12:23:06.502 [main] TPTrac - Start Auditor User Update validation
[INFO ] 2025-07-11 12:23:09.924 [main] TPTrac - User tab selected
[INFO ] 2025-07-11 12:23:12.284 [main] TPTrac - User selected to update the data
[INFO ] 2025-07-11 12:23:16.855 [main] TPTrac - Phone number cleared
[INFO ] 2025-07-11 12:23:17.109 [main] TPTrac - New phone number entered: 7134567999
[INFO ] 2025-07-11 12:23:17.324 [main] TPTrac - Clicked on Save button
[INFO ] 2025-07-11 12:23:17.357 [main] TPTrac - Verified updated user successfully
[INFO ] 2025-07-11 12:23:17.372 [main] TPTrac - Started user list validation
[INFO ] 2025-07-11 12:23:20.446 [main] TPTrac - Clicked on user tab
[INFO ] 2025-07-11 12:23:40.546 [main] TPTrac - Start Search User validation
[INFO ] 2025-07-11 12:23:40.608 [main] TPTrac - Get valid data
[INFO ] 2025-07-11 12:23:40.674 [main] TPTrac - Get invalid data
[INFO ] 2025-07-11 12:23:43.780 [main] TPTrac - User tab selected
[INFO ] 2025-07-11 12:23:54.450 [main] TPTrac - Verified search user functionality successfully
[INFO ] 2025-07-11 12:23:57.550 [main] TPTrac - User tab selected
[INFO ] 2025-07-11 12:23:57.725 [main] TPTrac - Add user button clicked
[INFO ] 2025-07-11 12:23:57.777 [main] TPTrac - Get user name data
[INFO ] 2025-07-11 12:23:57.818 [main] TPTrac - Get user contact data
[INFO ] 2025-07-11 12:23:57.863 [main] TPTrac - enter first name
[INFO ] 2025-07-11 12:23:57.900 [main] TPTrac - enter last name
[INFO ] 2025-07-11 12:23:57.942 [main] TPTrac - enter email id
[INFO ] 2025-07-11 12:23:57.972 [main] TPTrac - Get user role data
[INFO ] 2025-07-11 12:23:58.116 [main] TPTrac - Entered User ID
[INFO ] 2025-07-11 12:23:58.329 [main] TPTrac - Entered First Name
[INFO ] 2025-07-11 12:23:58.513 [main] TPTrac - Entered Last Name
[INFO ] 2025-07-11 12:23:58.746 [main] TPTrac - Entered Email ID
[INFO ] 2025-07-11 12:24:03.278 [main] TPTrac - Entered user contact
[INFO ] 2025-07-11 12:24:11.710 [main] TPTrac - Role selected
[INFO ] 2025-07-11 12:24:13.879 [main] TPTrac - Clicked on Add Button
[INFO ] 2025-07-11 12:24:23.353 [main] TPTrac - Yes button displayed: true
[INFO ] 2025-07-11 12:24:23.389 [main] TPTrac - Yes button enabled: true
[INFO ] 2025-07-11 12:24:33.577 [main] TPTrac - Yes button clicked successfully.
[INFO ] 2025-07-11 12:24:33.620 [main] TPTrac - Get invalid data
[INFO ] 2025-07-11 12:24:43.811 [main] TPTrac - Verified successfully
[INFO ] 2025-07-11 12:24:46.900 [main] TPTrac - User tab selected
[INFO ] 2025-07-11 12:24:47.022 [main] TPTrac - Get user name data
[INFO ] 2025-07-11 12:25:06.989 [main] TPTrac - Get invalid data
[INFO ] 2025-07-11 12:25:17.250 [main] TPTrac - User activate successfully
[INFO ] 2025-07-11 12:25:26.496 [main] TPTrac - User tab selected
[INFO ] 2025-07-11 12:26:04.975 [main] TPTrac - URL opened
[INFO ] 2025-07-11 12:26:12.541 [main] TPTrac - Click on vendor menu
[INFO ] 2025-07-11 12:26:13.112 [main] TPTrac - Click on vendor category management 
[INFO ] 2025-07-11 12:26:13.539 [main] TPTrac - Click on add new vendor category management 
[INFO ] 2025-07-11 12:26:15.641 [main] TPTrac - entered vendor category name 
[INFO ] 2025-07-11 12:26:15.725 [main] TPTrac - entered vendor category code 
[INFO ] 2025-07-11 12:26:15.826 [main] TPTrac - Added a new vendor category management successfully 
[INFO ] 2025-07-11 12:26:19.302 [main] TPTrac - Click on vendor menu
[INFO ] 2025-07-11 12:26:19.746 [main] TPTrac - Click on vendor category management 
[INFO ] 2025-07-11 12:26:20.102 [main] TPTrac - Click on add new vendor category management 
[INFO ] 2025-07-11 12:26:22.237 [main] TPTrac - entered vendor category name 
[INFO ] 2025-07-11 12:26:22.308 [main] TPTrac - entered vendor category code 
[INFO ] 2025-07-11 12:27:10.809 [main] TPTrac - Verfied successfully
[INFO ] 2025-07-11 12:27:14.061 [main] TPTrac - Click on vendor menu
[INFO ] 2025-07-11 12:27:14.573 [main] TPTrac - Click on vendor category management 
[INFO ] 2025-07-11 12:27:14.942 [main] TPTrac - Click on add new vendor category management 
[INFO ] 2025-07-11 12:27:17.189 [main] TPTrac - entered vendor category name 
[INFO ] 2025-07-11 12:27:17.363 [main] TPTrac - entered vendor category code 
[INFO ] 2025-07-11 12:27:17.533 [main] TPTrac - Added a new vendor category management successfully 
[INFO ] 2025-07-11 12:27:25.346 [main] TPTrac - URL opened
[INFO ] 2025-07-11 12:27:33.330 [main] TPTrac - Click on vendor menu
[INFO ] 2025-07-11 12:27:49.910 [main] TPTrac - Verfied successfully
[INFO ] 2025-07-11 12:28:18.324 [main] TPTrac - URL opened
[INFO ] 2025-07-11 12:28:25.850 [main] TPTrac - Click on vendor menu
[INFO ] 2025-07-11 12:28:26.425 [main] TPTrac - Click on vendor category management 
[INFO ] 2025-07-11 12:29:07.128 [main] TPTrac - URL opened
[INFO ] 2025-07-11 12:30:28.714 [main] TPTrac - Verfied successfully
[INFO ] 2025-07-11 12:31:01.495 [main] TPTrac - URL opened
[INFO ] 2025-07-11 12:31:09.165 [main] TPTrac - Framework Menu Clicked
[INFO ] 2025-07-11 12:31:09.715 [main] TPTrac - Clicked Add Framework button
[INFO ] 2025-07-11 12:31:10.873 [main] TPTrac - Entered Framework Name
[INFO ] 2025-07-11 12:31:10.972 [main] TPTrac - Entered Descriptions
[INFO ] 2025-07-11 12:31:11.110 [main] TPTrac - Entered Hiearchy Level
[INFO ] 2025-07-11 12:31:11.220 [main] TPTrac - Add button clicked successfully.
[INFO ] 2025-07-11 12:32:58.028 [main] TPTrac - URL opened
[INFO ] 2025-07-11 12:33:07.464 [main] TPTrac - User tab selected
[INFO ] 2025-07-11 12:33:07.740 [main] TPTrac - Add user button clicked
[INFO ] 2025-07-11 12:33:10.106 [main] TPTrac - Clicked on Add Button
[INFO ] 2025-07-11 12:33:17.861 [main] TPTrac - User tab selected
[INFO ] 2025-07-11 12:33:18.037 [main] TPTrac - Department Button clicked and verified successfully
[INFO ] 2025-07-11 12:33:21.180 [main] TPTrac - User tab selected
[INFO ] 2025-07-11 12:33:23.363 [main] TPTrac - Department Button clicked and verified successfully
[INFO ] 2025-07-11 12:33:31.607 [main] TPTrac - User tab selected
[INFO ] 2025-07-11 12:33:33.798 [main] TPTrac - Department Button clicked and verified successfully
[INFO ] 2025-07-11 12:33:36.092 [main] TPTrac - Clicked on Add Button
[INFO ] 2025-07-11 12:33:39.215 [main] TPTrac - User tab selected
[INFO ] 2025-07-11 12:33:39.661 [main] TPTrac - Add user button clicked
[INFO ] 2025-07-11 12:33:39.967 [main] TPTrac - Get user name data
[INFO ] 2025-07-11 12:33:40.126 [main] TPTrac - Get user contact data
[INFO ] 2025-07-11 12:33:40.444 [main] TPTrac - enter first name
[INFO ] 2025-07-11 12:33:40.796 [main] TPTrac - enter last name
[INFO ] 2025-07-11 12:33:41.086 [main] TPTrac - enter email id
[INFO ] 2025-07-11 12:33:41.242 [main] TPTrac - Get user role data
[INFO ] 2025-07-11 12:33:41.365 [main] TPTrac - Entered User ID
[INFO ] 2025-07-11 12:33:41.511 [main] TPTrac - Entered First Name
[INFO ] 2025-07-11 12:33:41.673 [main] TPTrac - Entered Last Name
[INFO ] 2025-07-11 12:33:41.872 [main] TPTrac - Entered Email ID
[INFO ] 2025-07-11 12:33:46.341 [main] TPTrac - Entered user contact
[INFO ] 2025-07-11 12:33:52.742 [main] TPTrac - Role selected
[INFO ] 2025-07-11 12:33:54.894 [main] TPTrac - Clicked on Add Button
[INFO ] 2025-07-11 12:33:54.956 [main] TPTrac - Search user field is clickable
[INFO ] 2025-07-11 12:33:55.024 [main] TPTrac - Sent keys to search user using JavaScript
[INFO ] 2025-07-11 12:33:55.407 [main] TPTrac - Verified Actual user successfully
[INFO ] 2025-07-11 12:33:55.424 [main] TPTrac - Start Auditor User Update validation
[INFO ] 2025-07-11 12:33:58.863 [main] TPTrac - User tab selected
[INFO ] 2025-07-11 12:34:01.236 [main] TPTrac - User selected to update the data
[INFO ] 2025-07-11 12:34:05.553 [main] TPTrac - Phone number cleared
[INFO ] 2025-07-11 12:34:05.908 [main] TPTrac - New phone number entered: 7134567999
[INFO ] 2025-07-11 12:34:06.109 [main] TPTrac - Clicked on Save button
[INFO ] 2025-07-11 12:34:06.142 [main] TPTrac - Verified updated user successfully
[INFO ] 2025-07-11 12:34:06.158 [main] TPTrac - Started user list validation
[INFO ] 2025-07-11 12:34:09.271 [main] TPTrac - Clicked on user tab
[INFO ] 2025-07-11 12:34:29.349 [main] TPTrac - Start Search User validation
[INFO ] 2025-07-11 12:34:29.508 [main] TPTrac - Get valid data
[INFO ] 2025-07-11 12:34:29.651 [main] TPTrac - Get invalid data
[INFO ] 2025-07-11 12:34:32.765 [main] TPTrac - User tab selected
[INFO ] 2025-07-11 12:34:43.411 [main] TPTrac - Verified search user functionality successfully
[INFO ] 2025-07-11 12:34:46.487 [main] TPTrac - User tab selected
[INFO ] 2025-07-11 12:34:46.641 [main] TPTrac - Add user button clicked
[INFO ] 2025-07-11 12:34:46.744 [main] TPTrac - Get user name data
[INFO ] 2025-07-11 12:34:46.874 [main] TPTrac - Get user contact data
[INFO ] 2025-07-11 12:34:47.000 [main] TPTrac - enter first name
[INFO ] 2025-07-11 12:34:47.100 [main] TPTrac - enter last name
[INFO ] 2025-07-11 12:34:47.204 [main] TPTrac - enter email id
[INFO ] 2025-07-11 12:34:47.411 [main] TPTrac - Get user role data
[INFO ] 2025-07-11 12:34:47.575 [main] TPTrac - Entered User ID
[INFO ] 2025-07-11 12:34:47.690 [main] TPTrac - Entered First Name
[INFO ] 2025-07-11 12:34:47.974 [main] TPTrac - Entered Last Name
[INFO ] 2025-07-11 12:34:48.225 [main] TPTrac - Entered Email ID
[INFO ] 2025-07-11 12:34:52.629 [main] TPTrac - Entered user contact
[INFO ] 2025-07-11 12:35:00.993 [main] TPTrac - Role selected
[INFO ] 2025-07-11 12:35:03.194 [main] TPTrac - Clicked on Add Button
[INFO ] 2025-07-11 12:35:12.440 [main] TPTrac - Yes button displayed: true
[INFO ] 2025-07-11 12:35:12.473 [main] TPTrac - Yes button enabled: true
[INFO ] 2025-07-11 12:35:22.651 [main] TPTrac - Yes button clicked successfully.
[INFO ] 2025-07-11 12:35:22.747 [main] TPTrac - Get invalid data
[INFO ] 2025-07-11 12:35:32.998 [main] TPTrac - Verified successfully
[INFO ] 2025-07-11 12:35:36.119 [main] TPTrac - User tab selected
[INFO ] 2025-07-11 12:35:36.210 [main] TPTrac - Get user name data
[INFO ] 2025-07-11 12:35:55.790 [main] TPTrac - Get invalid data
[INFO ] 2025-07-11 12:36:05.928 [main] TPTrac - User activate successfully
[INFO ] 2025-07-11 12:36:15.235 [main] TPTrac - User tab selected
[INFO ] 2025-07-11 12:36:53.836 [main] TPTrac - URL opened
[INFO ] 2025-07-11 12:37:01.366 [main] TPTrac - Click on vendor menu
[INFO ] 2025-07-11 12:37:01.990 [main] TPTrac - Click on vendor category management 
[INFO ] 2025-07-11 12:37:02.453 [main] TPTrac - Click on add new vendor category management 
[INFO ] 2025-07-11 12:37:04.640 [main] TPTrac - entered vendor category name 
[INFO ] 2025-07-11 12:37:04.805 [main] TPTrac - entered vendor category code 
[INFO ] 2025-07-11 12:37:05.002 [main] TPTrac - Added a new vendor category management successfully 
[INFO ] 2025-07-11 12:37:08.584 [main] TPTrac - Click on vendor menu
[INFO ] 2025-07-11 12:37:09.169 [main] TPTrac - Click on vendor category management 
[INFO ] 2025-07-11 12:37:09.497 [main] TPTrac - Click on add new vendor category management 
[INFO ] 2025-07-11 12:37:11.730 [main] TPTrac - entered vendor category name 
[INFO ] 2025-07-11 12:37:11.829 [main] TPTrac - entered vendor category code 
[INFO ] 2025-07-11 12:38:00.276 [main] TPTrac - Verfied successfully
[INFO ] 2025-07-11 12:38:03.542 [main] TPTrac - Click on vendor menu
[INFO ] 2025-07-11 12:38:04.101 [main] TPTrac - Click on vendor category management 
[INFO ] 2025-07-11 12:38:04.455 [main] TPTrac - Click on add new vendor category management 
[INFO ] 2025-07-11 12:38:06.658 [main] TPTrac - entered vendor category name 
[INFO ] 2025-07-11 12:38:06.808 [main] TPTrac - entered vendor category code 
[INFO ] 2025-07-11 12:38:06.940 [main] TPTrac - Added a new vendor category management successfully 
[INFO ] 2025-07-11 12:38:35.428 [main] TPTrac - URL opened
[INFO ] 2025-07-11 12:38:42.986 [main] TPTrac - Click on vendor menu
[INFO ] 2025-07-11 12:38:59.344 [main] TPTrac - Verfied successfully
[INFO ] 2025-07-11 12:39:27.433 [main] TPTrac - URL opened
[INFO ] 2025-07-11 12:39:35.023 [main] TPTrac - Click on vendor menu
[INFO ] 2025-07-11 12:39:35.875 [main] TPTrac - Click on vendor category management 
[INFO ] 2025-07-11 12:40:16.708 [main] TPTrac - URL opened
[INFO ] 2025-07-11 12:41:41.982 [main] TPTrac - URL opened
[INFO ] 2025-07-11 12:41:50.203 [main] TPTrac - Framework Menu Clicked
[INFO ] 2025-07-11 12:41:50.563 [main] TPTrac - Clicked Add Framework button
[INFO ] 2025-07-11 12:41:51.727 [main] TPTrac - Entered Framework Name
[INFO ] 2025-07-11 12:41:51.873 [main] TPTrac - Entered Descriptions
[INFO ] 2025-07-11 12:41:52.042 [main] TPTrac - Entered Hiearchy Level
[INFO ] 2025-07-11 12:41:52.190 [main] TPTrac - Add button clicked successfully.
[INFO ] 2025-07-11 12:44:49.312 [main] TPTrac - URL opened
[INFO ] 2025-07-11 12:44:56.843 [main] TPTrac - Click on vendor menu
[INFO ] 2025-07-11 12:44:57.425 [main] TPTrac - Click on vendor category management 
[INFO ] 2025-07-11 12:44:57.814 [main] TPTrac - Click on add new vendor category management 
[INFO ] 2025-07-11 12:44:58.974 [main] TPTrac - entered vendor category name 
[INFO ] 2025-07-11 12:44:59.060 [main] TPTrac - entered vendor category code 
[INFO ] 2025-07-11 12:44:59.137 [main] TPTrac - Added a new vendor category management successfully 
[INFO ] 2025-07-11 12:45:41.187 [main] TPTrac - Upload a file successfully
[INFO ] 2025-07-11 12:45:44.277 [main] TPTrac - Clicked ok on alert popup
[INFO ] 2025-07-11 12:46:15.847 [main] TPTrac - URL opened
[INFO ] 2025-07-11 12:46:23.388 [main] TPTrac - select user tab
[INFO ] 2025-07-11 12:46:24.062 [main] TPTrac - open vendor user management tab
[INFO ] 2025-07-11 12:46:24.482 [main] TPTrac - open vendor user page
[INFO ] 2025-07-11 12:46:24.495 [main] TPTrac - Read vendor category from the excel successfully
[INFO ] 2025-07-11 12:46:24.531 [main] TPTrac - Read vendor name from the excel successfully
[INFO ] 2025-07-11 12:46:24.547 [main] TPTrac - Read vendor user id from the excel successfully
[INFO ] 2025-07-11 12:46:24.571 [main] TPTrac - Read vendor contact from the excel successfully
[INFO ] 2025-07-11 12:46:24.594 [main] TPTrac - Read first name from the excel successfully
[INFO ] 2025-07-11 12:46:24.604 [main] TPTrac - Read last name from the excel successfully
[INFO ] 2025-07-11 12:46:24.670 [main] TPTrac - Read email from the excel successfully
[INFO ] 2025-07-11 12:46:26.912 [main] TPTrac - Select Vendor category 
[INFO ] 2025-07-11 12:46:29.118 [main] TPTrac - Select Vendor Name 
[INFO ] 2025-07-11 12:46:29.335 [main] TPTrac - Read contact number from the excel 
[INFO ] 2025-07-11 12:46:29.723 [main] TPTrac - Entered Vendor Contact Number 
[INFO ] 2025-07-11 12:46:29.890 [main] TPTrac - Search user field is clickable
[INFO ] 2025-07-11 12:46:29.958 [main] TPTrac - Sent keys to search user using JavaScript
[INFO ] 2025-07-11 12:46:29.958 [main] TPTrac - Click on Add button successfully 
[INFO ] 2025-07-11 12:46:29.990 [main] TPTrac - Verified added vendor user successfully 
[INFO ] 2025-07-11 12:46:33.122 [main] TPTrac - User menu selected 
[INFO ] 2025-07-11 12:46:33.600 [main] TPTrac - Vendor User Management clicked 
[INFO ] 2025-07-11 12:46:58.114 [main] TPTrac - clearing the data
[INFO ] 2025-07-11 12:46:58.217 [main] TPTrac - updated first name 
[INFO ] 2025-07-11 12:46:58.317 [main] TPTrac - clearing the data
[INFO ] 2025-07-11 12:46:58.434 [main] TPTrac - Updated last name
[INFO ] 2025-07-11 12:46:58.523 [main] TPTrac - clearing the data
[INFO ] 2025-07-11 12:46:58.648 [main] TPTrac - entered new emailid
[INFO ] 2025-07-11 12:46:58.734 [main] TPTrac - Click on Save
[INFO ] 2025-07-11 12:46:58.890 [main] TPTrac - Verified updated vendor user successfully 
[INFO ] 2025-07-11 12:47:18.843 [main] TPTrac - Verfied successfully
[INFO ] 2025-07-11 12:47:21.961 [main] TPTrac - select user tab
[INFO ] 2025-07-11 12:47:22.415 [main] TPTrac - open vendor user management tab
[INFO ] 2025-07-11 12:47:22.912 [main] TPTrac - open vendor user page
[INFO ] 2025-07-11 12:47:22.942 [main] TPTrac - Read vendor category from the excel successfully
[INFO ] 2025-07-11 12:47:22.961 [main] TPTrac - Read vendor name from the excel successfully
[INFO ] 2025-07-11 12:47:22.991 [main] TPTrac - Read vendor user id from the excel successfully
[INFO ] 2025-07-11 12:47:23.015 [main] TPTrac - Read vendor contact from the excel successfully
[INFO ] 2025-07-11 12:47:23.038 [main] TPTrac - Read first name from the excel successfully
[INFO ] 2025-07-11 12:47:23.065 [main] TPTrac - Read last name from the excel successfully
[INFO ] 2025-07-11 12:47:23.101 [main] TPTrac - Read email from the excel successfully
[INFO ] 2025-07-11 12:47:25.366 [main] TPTrac - Select Vendor category 
[INFO ] 2025-07-11 12:47:45.808 [main] TPTrac - Export to Excel test started
[INFO ] 2025-07-11 12:47:57.719 [main] TPTrac - URL opened
[INFO ] 2025-07-11 12:48:02.091 [main] TPTrac - Add Assessment review
[INFO ] 2025-07-11 12:50:18.703 [main] TPTrac - URL opened
[INFO ] 2025-07-11 12:50:28.044 [main] TPTrac - User tab selected
[INFO ] 2025-07-11 12:50:28.173 [main] TPTrac - Add user button clicked
[INFO ] 2025-07-11 12:50:30.423 [main] TPTrac - Clicked on Add Button
[INFO ] 2025-07-11 12:50:36.507 [main] TPTrac - User tab selected
[INFO ] 2025-07-11 12:50:36.645 [main] TPTrac - Department Button clicked and verified successfully
[INFO ] 2025-07-11 12:50:39.719 [main] TPTrac - User tab selected
[INFO ] 2025-07-11 12:50:41.985 [main] TPTrac - Department Button clicked and verified successfully
[INFO ] 2025-07-11 12:50:50.200 [main] TPTrac - User tab selected
[INFO ] 2025-07-11 12:50:52.465 [main] TPTrac - Department Button clicked and verified successfully
[INFO ] 2025-07-11 12:50:54.385 [main] TPTrac - Clicked on Add Button
[INFO ] 2025-07-11 12:50:57.534 [main] TPTrac - User tab selected
[INFO ] 2025-07-11 12:50:58.037 [main] TPTrac - Add user button clicked
[INFO ] 2025-07-11 12:50:58.273 [main] TPTrac - Get user name data
[INFO ] 2025-07-11 12:50:58.441 [main] TPTrac - Get user contact data
[INFO ] 2025-07-11 12:50:58.586 [main] TPTrac - enter first name
[INFO ] 2025-07-11 12:50:58.734 [main] TPTrac - enter last name
[INFO ] 2025-07-11 12:50:58.908 [main] TPTrac - enter email id
[INFO ] 2025-07-11 12:50:59.130 [main] TPTrac - Get user role data
[INFO ] 2025-07-11 12:50:59.242 [main] TPTrac - Entered User ID
[INFO ] 2025-07-11 12:50:59.390 [main] TPTrac - Entered First Name
[INFO ] 2025-07-11 12:50:59.557 [main] TPTrac - Entered Last Name
[INFO ] 2025-07-11 12:50:59.707 [main] TPTrac - Entered Email ID
[INFO ] 2025-07-11 12:51:04.145 [main] TPTrac - Entered user contact
[INFO ] 2025-07-11 12:51:10.422 [main] TPTrac - Role selected
[INFO ] 2025-07-11 12:51:12.527 [main] TPTrac - Clicked on Add Button
[INFO ] 2025-07-11 12:51:12.573 [main] TPTrac - Search user field is clickable
[INFO ] 2025-07-11 12:51:12.608 [main] TPTrac - Sent keys to search user using JavaScript
[WARN ] 2025-07-11 12:51:14.093 [main] TPTrac - StaleElementReferenceException encountered, retrying...
[INFO ] 2025-07-11 12:51:15.157 [main] TPTrac - Verified Actual user successfully
[INFO ] 2025-07-11 12:51:15.173 [main] TPTrac - Start Auditor User Update validation
[INFO ] 2025-07-11 12:51:18.463 [main] TPTrac - User tab selected
[INFO ] 2025-07-11 12:51:20.696 [main] TPTrac - User selected to update the data
[INFO ] 2025-07-11 12:51:24.897 [main] TPTrac - Phone number cleared
[INFO ] 2025-07-11 12:51:25.049 [main] TPTrac - New phone number entered: 7134567999
[INFO ] 2025-07-11 12:51:25.132 [main] TPTrac - Clicked on Save button
[INFO ] 2025-07-11 12:51:25.143 [main] TPTrac - Verified updated user successfully
[INFO ] 2025-07-11 12:51:25.158 [main] TPTrac - Started user list validation
[INFO ] 2025-07-11 12:51:28.279 [main] TPTrac - Clicked on user tab
[INFO ] 2025-07-11 12:51:48.383 [main] TPTrac - Start Search User validation
[INFO ] 2025-07-11 12:51:48.457 [main] TPTrac - Get valid data
[INFO ] 2025-07-11 12:51:48.520 [main] TPTrac - Get invalid data
[INFO ] 2025-07-11 12:51:51.588 [main] TPTrac - User tab selected
[INFO ] 2025-07-11 12:52:01.903 [main] TPTrac - Verified search user functionality successfully
[INFO ] 2025-07-11 12:52:04.981 [main] TPTrac - User tab selected
[INFO ] 2025-07-11 12:52:05.059 [main] TPTrac - Add user button clicked
[INFO ] 2025-07-11 12:52:05.125 [main] TPTrac - Get user name data
[INFO ] 2025-07-11 12:52:05.204 [main] TPTrac - Get user contact data
[INFO ] 2025-07-11 12:52:05.326 [main] TPTrac - enter first name
[INFO ] 2025-07-11 12:52:05.435 [main] TPTrac - enter last name
[INFO ] 2025-07-11 12:52:05.504 [main] TPTrac - enter email id
[INFO ] 2025-07-11 12:52:05.565 [main] TPTrac - Get user role data
[INFO ] 2025-07-11 12:52:05.636 [main] TPTrac - Entered User ID
[INFO ] 2025-07-11 12:52:05.707 [main] TPTrac - Entered First Name
[INFO ] 2025-07-11 12:52:05.790 [main] TPTrac - Entered Last Name
[INFO ] 2025-07-11 12:52:05.873 [main] TPTrac - Entered Email ID
[INFO ] 2025-07-11 12:52:10.165 [main] TPTrac - Entered user contact
[INFO ] 2025-07-11 12:52:18.381 [main] TPTrac - Role selected
[INFO ] 2025-07-11 12:52:20.505 [main] TPTrac - Clicked on Add Button
[INFO ] 2025-07-11 12:52:29.590 [main] TPTrac - Yes button displayed: true
[INFO ] 2025-07-11 12:52:29.608 [main] TPTrac - Yes button enabled: true
[INFO ] 2025-07-11 12:52:39.731 [main] TPTrac - Yes button clicked successfully.
[INFO ] 2025-07-11 12:52:39.774 [main] TPTrac - Get invalid data
[INFO ] 2025-07-11 12:52:49.939 [main] TPTrac - Verified successfully
[INFO ] 2025-07-11 12:52:52.998 [main] TPTrac - User tab selected
[INFO ] 2025-07-11 12:52:53.079 [main] TPTrac - Get user name data
[INFO ] 2025-07-11 12:53:12.407 [main] TPTrac - Get invalid data
[INFO ] 2025-07-11 12:53:22.554 [main] TPTrac - User activate successfully
[INFO ] 2025-07-11 12:53:31.720 [main] TPTrac - User tab selected
[INFO ] 2025-07-11 12:54:09.968 [main] TPTrac - URL opened
[INFO ] 2025-07-11 12:54:17.554 [main] TPTrac - Click on vendor menu
[INFO ] 2025-07-11 12:54:18.125 [main] TPTrac - Click on vendor category management 
[INFO ] 2025-07-11 12:54:18.495 [main] TPTrac - Click on add new vendor category management 
[INFO ] 2025-07-11 12:54:20.674 [main] TPTrac - entered vendor category name 
[INFO ] 2025-07-11 12:54:20.774 [main] TPTrac - entered vendor category code 
[INFO ] 2025-07-11 12:54:20.850 [main] TPTrac - Added a new vendor category management successfully 
[INFO ] 2025-07-11 12:54:24.309 [main] TPTrac - Click on vendor menu
[INFO ] 2025-07-11 12:54:24.764 [main] TPTrac - Click on vendor category management 
[INFO ] 2025-07-11 12:54:25.121 [main] TPTrac - Click on add new vendor category management 
[INFO ] 2025-07-11 12:54:27.391 [main] TPTrac - entered vendor category name 
[INFO ] 2025-07-11 12:54:27.525 [main] TPTrac - entered vendor category code 
[INFO ] 2025-07-11 12:55:15.660 [main] TPTrac - Verfied successfully
[INFO ] 2025-07-11 12:55:18.910 [main] TPTrac - Click on vendor menu
[INFO ] 2025-07-11 12:55:19.362 [main] TPTrac - Click on vendor category management 
[INFO ] 2025-07-11 12:55:19.709 [main] TPTrac - Click on add new vendor category management 
[INFO ] 2025-07-11 12:55:21.810 [main] TPTrac - entered vendor category name 
[INFO ] 2025-07-11 12:55:21.858 [main] TPTrac - entered vendor category code 
[INFO ] 2025-07-11 12:55:21.898 [main] TPTrac - Added a new vendor category management successfully 
[INFO ] 2025-07-11 12:55:49.949 [main] TPTrac - URL opened
[INFO ] 2025-07-11 12:55:57.337 [main] TPTrac - Click on vendor menu
[INFO ] 2025-07-11 12:56:12.239 [main] TPTrac - Verfied successfully
[INFO ] 2025-07-11 12:56:40.073 [main] TPTrac - URL opened
[INFO ] 2025-07-11 12:56:47.434 [main] TPTrac - Click on vendor menu
[INFO ] 2025-07-11 12:56:48.002 [main] TPTrac - Click on vendor category management 
[INFO ] 2025-07-11 12:57:28.257 [main] TPTrac - URL opened
[INFO ] 2025-07-11 13:04:35.203 [main] TPTrac - URL opened
[INFO ] 2025-07-11 13:04:44.484 [main] TPTrac - User tab selected
[INFO ] 2025-07-11 13:04:44.600 [main] TPTrac - Add user button clicked
[INFO ] 2025-07-11 13:04:46.774 [main] TPTrac - Clicked on Add Button
[INFO ] 2025-07-11 13:04:52.773 [main] TPTrac - User tab selected
[INFO ] 2025-07-11 13:04:52.918 [main] TPTrac - Department Button clicked and verified successfully
[INFO ] 2025-07-11 13:04:56.042 [main] TPTrac - User tab selected
[INFO ] 2025-07-11 13:04:58.256 [main] TPTrac - Department Button clicked and verified successfully
[INFO ] 2025-07-11 13:05:06.739 [main] TPTrac - User tab selected
[INFO ] 2025-07-11 13:05:09.007 [main] TPTrac - Department Button clicked and verified successfully
[INFO ] 2025-07-11 13:05:11.123 [main] TPTrac - Clicked on Add Button
[INFO ] 2025-07-11 13:05:14.327 [main] TPTrac - User tab selected
[INFO ] 2025-07-11 13:05:14.824 [main] TPTrac - Add user button clicked
[INFO ] 2025-07-11 13:05:15.024 [main] TPTrac - Get user name data
[INFO ] 2025-07-11 13:05:15.190 [main] TPTrac - Get user contact data
[INFO ] 2025-07-11 13:05:15.351 [main] TPTrac - enter first name
[INFO ] 2025-07-11 13:05:15.504 [main] TPTrac - enter last name
[INFO ] 2025-07-11 13:05:15.710 [main] TPTrac - enter email id
[INFO ] 2025-07-11 13:05:15.885 [main] TPTrac - Get user role data
[INFO ] 2025-07-11 13:05:16.089 [main] TPTrac - Entered User ID
[INFO ] 2025-07-11 13:05:16.274 [main] TPTrac - Entered First Name
[INFO ] 2025-07-11 13:05:16.502 [main] TPTrac - Entered Last Name
[INFO ] 2025-07-11 13:05:16.773 [main] TPTrac - Entered Email ID
[INFO ] 2025-07-11 13:05:21.455 [main] TPTrac - Entered user contact
[INFO ] 2025-07-11 13:05:28.072 [main] TPTrac - Role selected
[INFO ] 2025-07-11 13:05:30.263 [main] TPTrac - Clicked on Add Button
[INFO ] 2025-07-11 13:05:30.373 [main] TPTrac - Search user field is clickable
[INFO ] 2025-07-11 13:05:30.457 [main] TPTrac - Sent keys to search user using JavaScript
[WARN ] 2025-07-11 13:05:31.190 [main] TPTrac - StaleElementReferenceException encountered, retrying...
[INFO ] 2025-07-11 13:05:32.284 [main] TPTrac - Verified Actual user successfully
[INFO ] 2025-07-11 13:05:32.290 [main] TPTrac - Start Auditor User Update validation
[INFO ] 2025-07-11 13:05:35.988 [main] TPTrac - User tab selected
[INFO ] 2025-07-11 13:05:38.490 [main] TPTrac - User selected to update the data
[INFO ] 2025-07-11 13:05:43.065 [main] TPTrac - Phone number cleared
[INFO ] 2025-07-11 13:05:43.389 [main] TPTrac - New phone number entered: 7134567999
[INFO ] 2025-07-11 13:05:43.609 [main] TPTrac - Clicked on Save button
[INFO ] 2025-07-11 13:05:43.641 [main] TPTrac - Verified updated user successfully
[INFO ] 2025-07-11 13:05:43.641 [main] TPTrac - Started user list validation
[INFO ] 2025-07-11 13:05:46.779 [main] TPTrac - Clicked on user tab
[INFO ] 2025-07-11 13:06:06.905 [main] TPTrac - Start Search User validation
[INFO ] 2025-07-11 13:06:07.056 [main] TPTrac - Get valid data
[INFO ] 2025-07-11 13:06:07.239 [main] TPTrac - Get invalid data
[INFO ] 2025-07-11 13:06:10.397 [main] TPTrac - User tab selected
[INFO ] 2025-07-11 13:06:21.172 [main] TPTrac - Verified search user functionality successfully
[INFO ] 2025-07-11 13:06:24.312 [main] TPTrac - User tab selected
[INFO ] 2025-07-11 13:06:24.517 [main] TPTrac - Add user button clicked
[INFO ] 2025-07-11 13:06:24.666 [main] TPTrac - Get user name data
[INFO ] 2025-07-11 13:06:24.796 [main] TPTrac - Get user contact data
[INFO ] 2025-07-11 13:06:24.968 [main] TPTrac - enter first name
[INFO ] 2025-07-11 13:06:25.110 [main] TPTrac - enter last name
[INFO ] 2025-07-11 13:06:25.236 [main] TPTrac - enter email id
[INFO ] 2025-07-11 13:06:25.364 [main] TPTrac - Get user role data
[INFO ] 2025-07-11 13:06:25.528 [main] TPTrac - Entered User ID
[INFO ] 2025-07-11 13:06:25.743 [main] TPTrac - Entered First Name
[INFO ] 2025-07-11 13:06:25.913 [main] TPTrac - Entered Last Name
[INFO ] 2025-07-11 13:06:26.143 [main] TPTrac - Entered Email ID
[INFO ] 2025-07-11 13:06:30.756 [main] TPTrac - Entered user contact
[INFO ] 2025-07-11 13:06:39.058 [main] TPTrac - Role selected
[INFO ] 2025-07-11 13:06:41.172 [main] TPTrac - Clicked on Add Button
[INFO ] 2025-07-11 13:06:50.184 [main] TPTrac - Yes button displayed: true
[INFO ] 2025-07-11 13:06:50.198 [main] TPTrac - Yes button enabled: true
[INFO ] 2025-07-11 13:07:00.352 [main] TPTrac - Yes button clicked successfully.
[INFO ] 2025-07-11 13:07:00.377 [main] TPTrac - Get invalid data
[INFO ] 2025-07-11 13:07:10.555 [main] TPTrac - Verified successfully
[INFO ] 2025-07-11 13:07:13.650 [main] TPTrac - User tab selected
[INFO ] 2025-07-11 13:07:13.681 [main] TPTrac - Get user name data
[INFO ] 2025-07-11 13:07:33.308 [main] TPTrac - Get invalid data
[INFO ] 2025-07-11 13:07:43.440 [main] TPTrac - User activate successfully
[INFO ] 2025-07-11 13:07:52.705 [main] TPTrac - User tab selected
[INFO ] 2025-07-11 13:08:31.086 [main] TPTrac - URL opened
[INFO ] 2025-07-11 13:08:38.537 [main] TPTrac - Click on vendor menu
[INFO ] 2025-07-11 13:08:39.028 [main] TPTrac - Click on vendor category management 
[INFO ] 2025-07-11 13:08:39.374 [main] TPTrac - Click on add new vendor category management 
[INFO ] 2025-07-11 13:08:41.526 [main] TPTrac - entered vendor category name 
[INFO ] 2025-07-11 13:08:41.655 [main] TPTrac - entered vendor category code 
[INFO ] 2025-07-11 13:08:41.723 [main] TPTrac - Added a new vendor category management successfully 
[INFO ] 2025-07-11 13:08:45.088 [main] TPTrac - Click on vendor menu
[INFO ] 2025-07-11 13:08:45.563 [main] TPTrac - Click on vendor category management 
[INFO ] 2025-07-11 13:08:45.922 [main] TPTrac - Click on add new vendor category management 
[INFO ] 2025-07-11 13:08:48.031 [main] TPTrac - entered vendor category name 
[INFO ] 2025-07-11 13:08:48.150 [main] TPTrac - entered vendor category code 
[INFO ] 2025-07-11 13:09:35.836 [main] TPTrac - Verfied successfully
[INFO ] 2025-07-11 13:09:39.065 [main] TPTrac - Click on vendor menu
[INFO ] 2025-07-11 13:09:39.512 [main] TPTrac - Click on vendor category management 
[INFO ] 2025-07-11 13:09:39.827 [main] TPTrac - Click on add new vendor category management 
[INFO ] 2025-07-11 13:09:41.937 [main] TPTrac - entered vendor category name 
[INFO ] 2025-07-11 13:09:42.005 [main] TPTrac - entered vendor category code 
[INFO ] 2025-07-11 13:09:42.056 [main] TPTrac - Added a new vendor category management successfully 
[INFO ] 2025-07-11 13:10:09.958 [main] TPTrac - URL opened
[INFO ] 2025-07-11 13:10:17.383 [main] TPTrac - Click on vendor menu
[INFO ] 2025-07-11 13:10:32.202 [main] TPTrac - Verfied successfully
[INFO ] 2025-07-11 13:10:59.992 [main] TPTrac - URL opened
[INFO ] 2025-07-11 13:11:07.401 [main] TPTrac - Click on vendor menu
[INFO ] 2025-07-11 13:11:07.899 [main] TPTrac - Click on vendor category management 
[INFO ] 2025-07-11 13:11:48.159 [main] TPTrac - URL opened
[INFO ] 2025-07-11 13:19:49.932 [main] TPTrac - URL opened
[INFO ] 2025-07-11 13:19:59.126 [main] TPTrac - User tab selected
[INFO ] 2025-07-11 13:19:59.227 [main] TPTrac - Add user button clicked
[INFO ] 2025-07-11 13:20:01.373 [main] TPTrac - Clicked on Add Button
[INFO ] 2025-07-11 13:20:07.694 [main] TPTrac - User tab selected
[INFO ] 2025-07-11 13:20:07.811 [main] TPTrac - Department Button clicked and verified successfully
[INFO ] 2025-07-11 13:20:10.898 [main] TPTrac - User tab selected
[INFO ] 2025-07-11 13:20:13.024 [main] TPTrac - Department Button clicked and verified successfully
[INFO ] 2025-07-11 13:20:20.540 [main] TPTrac - User tab selected
[INFO ] 2025-07-11 13:20:22.696 [main] TPTrac - Department Button clicked and verified successfully
[INFO ] 2025-07-11 13:20:23.888 [main] TPTrac - Clicked on Add Button
[INFO ] 2025-07-11 13:20:27.024 [main] TPTrac - User tab selected
[INFO ] 2025-07-11 13:20:27.432 [main] TPTrac - Add user button clicked
[INFO ] 2025-07-11 13:20:27.534 [main] TPTrac - Get user name data
[INFO ] 2025-07-11 13:20:27.639 [main] TPTrac - Get user contact data
[INFO ] 2025-07-11 13:20:27.739 [main] TPTrac - enter first name
[INFO ] 2025-07-11 13:20:27.856 [main] TPTrac - enter last name
[INFO ] 2025-07-11 13:20:27.969 [main] TPTrac - enter email id
[INFO ] 2025-07-11 13:20:28.064 [main] TPTrac - Get user role data
[INFO ] 2025-07-11 13:20:28.139 [main] TPTrac - Entered User ID
[INFO ] 2025-07-11 13:20:28.222 [main] TPTrac - Entered First Name
[INFO ] 2025-07-11 13:20:28.305 [main] TPTrac - Entered Last Name
[INFO ] 2025-07-11 13:20:28.421 [main] TPTrac - Entered Email ID
[INFO ] 2025-07-11 13:20:32.743 [main] TPTrac - Entered user contact
[INFO ] 2025-07-11 13:20:39.004 [main] TPTrac - Role selected
[INFO ] 2025-07-11 13:20:41.101 [main] TPTrac - Clicked on Add Button
[INFO ] 2025-07-11 13:20:41.176 [main] TPTrac - Search user field is clickable
[INFO ] 2025-07-11 13:20:41.224 [main] TPTrac - Sent keys to search user using JavaScript
[WARN ] 2025-07-11 13:20:42.573 [main] TPTrac - StaleElementReferenceException encountered, retrying...
[INFO ] 2025-07-11 13:20:43.610 [main] TPTrac - Verified Actual user successfully
[INFO ] 2025-07-11 13:20:43.626 [main] TPTrac - Start Auditor User Update validation
[INFO ] 2025-07-11 13:20:46.869 [main] TPTrac - User tab selected
[INFO ] 2025-07-11 13:20:49.091 [main] TPTrac - User selected to update the data
[INFO ] 2025-07-11 13:20:53.329 [main] TPTrac - Phone number cleared
[INFO ] 2025-07-11 13:20:53.505 [main] TPTrac - New phone number entered: 7134567999
[INFO ] 2025-07-11 13:20:53.605 [main] TPTrac - Clicked on Save button
[INFO ] 2025-07-11 13:20:53.621 [main] TPTrac - Verified updated user successfully
[INFO ] 2025-07-11 13:20:53.621 [main] TPTrac - Started user list validation
[INFO ] 2025-07-11 13:20:56.743 [main] TPTrac - Clicked on user tab
[INFO ] 2025-07-11 13:21:16.807 [main] TPTrac - Start Search User validation
[INFO ] 2025-07-11 13:21:16.870 [main] TPTrac - Get valid data
[INFO ] 2025-07-11 13:21:16.949 [main] TPTrac - Get invalid data
[INFO ] 2025-07-11 13:21:20.017 [main] TPTrac - User tab selected
[INFO ] 2025-07-11 13:21:30.317 [main] TPTrac - Verified search user functionality successfully
[INFO ] 2025-07-11 13:21:33.377 [main] TPTrac - User tab selected
[INFO ] 2025-07-11 13:21:33.467 [main] TPTrac - Add user button clicked
[INFO ] 2025-07-11 13:21:33.538 [main] TPTrac - Get user name data
[INFO ] 2025-07-11 13:21:33.602 [main] TPTrac - Get user contact data
[INFO ] 2025-07-11 13:21:33.671 [main] TPTrac - enter first name
[INFO ] 2025-07-11 13:21:33.754 [main] TPTrac - enter last name
[INFO ] 2025-07-11 13:21:33.823 [main] TPTrac - enter email id
[INFO ] 2025-07-11 13:21:33.897 [main] TPTrac - Get user role data
[INFO ] 2025-07-11 13:21:33.968 [main] TPTrac - Entered User ID
[INFO ] 2025-07-11 13:21:34.056 [main] TPTrac - Entered First Name
[INFO ] 2025-07-11 13:21:34.137 [main] TPTrac - Entered Last Name
[INFO ] 2025-07-11 13:21:34.220 [main] TPTrac - Entered Email ID
[INFO ] 2025-07-11 13:21:38.488 [main] TPTrac - Entered user contact
[INFO ] 2025-07-11 13:21:46.721 [main] TPTrac - Role selected
[INFO ] 2025-07-11 13:21:48.852 [main] TPTrac - Clicked on Add Button
[INFO ] 2025-07-11 13:21:57.892 [main] TPTrac - Yes button displayed: true
[INFO ] 2025-07-11 13:21:57.922 [main] TPTrac - Yes button enabled: true
[INFO ] 2025-07-11 13:22:08.025 [main] TPTrac - Yes button clicked successfully.
[INFO ] 2025-07-11 13:22:08.123 [main] TPTrac - Get invalid data
[INFO ] 2025-07-11 13:22:18.241 [main] TPTrac - Verified successfully
[INFO ] 2025-07-11 13:22:21.301 [main] TPTrac - User tab selected
[INFO ] 2025-07-11 13:22:21.372 [main] TPTrac - Get user name data
[INFO ] 2025-07-11 13:22:40.737 [main] TPTrac - Get invalid data
[INFO ] 2025-07-11 13:22:50.896 [main] TPTrac - User activate successfully
[INFO ] 2025-07-11 13:23:00.159 [main] TPTrac - User tab selected
[INFO ] 2025-07-11 13:23:39.545 [main] TPTrac - URL opened
[INFO ] 2025-07-11 13:23:46.933 [main] TPTrac - Click on vendor menu
[INFO ] 2025-07-11 13:23:47.391 [main] TPTrac - Click on vendor category management 
[INFO ] 2025-07-11 13:23:47.708 [main] TPTrac - Click on add new vendor category management 
[INFO ] 2025-07-11 13:23:49.803 [main] TPTrac - entered vendor category name 
[INFO ] 2025-07-11 13:23:49.878 [main] TPTrac - entered vendor category code 
[INFO ] 2025-07-11 13:23:49.921 [main] TPTrac - Added a new vendor category management successfully 
[INFO ] 2025-07-11 13:23:53.234 [main] TPTrac - Click on vendor menu
[INFO ] 2025-07-11 13:23:53.653 [main] TPTrac - Click on vendor category management 
[INFO ] 2025-07-11 13:23:53.990 [main] TPTrac - Click on add new vendor category management 
[INFO ] 2025-07-11 13:23:56.067 [main] TPTrac - entered vendor category name 
[INFO ] 2025-07-11 13:23:56.124 [main] TPTrac - entered vendor category code 
[INFO ] 2025-07-11 13:24:43.779 [main] TPTrac - Verfied successfully
[INFO ] 2025-07-11 13:24:46.905 [main] TPTrac - Click on vendor menu
[INFO ] 2025-07-11 13:24:47.331 [main] TPTrac - Click on vendor category management 
[INFO ] 2025-07-11 13:24:47.691 [main] TPTrac - Click on add new vendor category management 
[INFO ] 2025-07-11 13:24:49.788 [main] TPTrac - entered vendor category name 
[INFO ] 2025-07-11 13:24:49.839 [main] TPTrac - entered vendor category code 
[INFO ] 2025-07-11 13:24:49.870 [main] TPTrac - Added a new vendor category management successfully 
[INFO ] 2025-07-11 13:25:18.080 [main] TPTrac - URL opened
[INFO ] 2025-07-11 13:25:25.487 [main] TPTrac - Click on vendor menu
[INFO ] 2025-07-11 13:25:40.270 [main] TPTrac - Verfied successfully
[INFO ] 2025-07-11 13:26:08.213 [main] TPTrac - URL opened
[INFO ] 2025-07-11 13:26:15.664 [main] TPTrac - Click on vendor menu
[INFO ] 2025-07-11 13:26:16.174 [main] TPTrac - Click on vendor category management 
[INFO ] 2025-07-11 13:26:56.510 [main] TPTrac - URL opened
[INFO ] 2025-07-11 15:06:01.139 [main] TPTrac - URL opened
[INFO ] 2025-07-11 15:06:11.036 [main] TPTrac - User tab selected
[INFO ] 2025-07-11 15:06:11.315 [main] TPTrac - Add user button clicked
[INFO ] 2025-07-11 15:06:13.733 [main] TPTrac - Clicked on Add Button
[INFO ] 2025-07-11 15:06:21.254 [main] TPTrac - User tab selected
[INFO ] 2025-07-11 15:06:21.487 [main] TPTrac - Department Button clicked and verified successfully
[INFO ] 2025-07-11 15:06:24.726 [main] TPTrac - User tab selected
[INFO ] 2025-07-11 15:06:27.045 [main] TPTrac - Department Button clicked and verified successfully
[INFO ] 2025-07-11 15:06:35.240 [main] TPTrac - User tab selected
[INFO ] 2025-07-11 15:06:37.468 [main] TPTrac - Department Button clicked and verified successfully
[INFO ] 2025-07-11 15:06:39.855 [main] TPTrac - Clicked on Add Button
[INFO ] 2025-07-11 15:06:42.966 [main] TPTrac - User tab selected
[INFO ] 2025-07-11 15:06:43.450 [main] TPTrac - Add user button clicked
[INFO ] 2025-07-11 15:06:43.674 [main] TPTrac - Get user name data
[INFO ] 2025-07-11 15:06:43.874 [main] TPTrac - Get user contact data
[INFO ] 2025-07-11 15:06:44.062 [main] TPTrac - enter first name
[INFO ] 2025-07-11 15:06:44.316 [main] TPTrac - enter last name
[INFO ] 2025-07-11 15:06:44.572 [main] TPTrac - enter email id
[INFO ] 2025-07-11 15:06:44.827 [main] TPTrac - Get user role data
[INFO ] 2025-07-11 15:06:44.972 [main] TPTrac - Entered User ID
[INFO ] 2025-07-11 15:06:45.107 [main] TPTrac - Entered First Name
[INFO ] 2025-07-11 15:06:45.288 [main] TPTrac - Entered Last Name
[INFO ] 2025-07-11 15:06:45.471 [main] TPTrac - Entered Email ID
[INFO ] 2025-07-11 15:06:49.945 [main] TPTrac - Entered user contact
[INFO ] 2025-07-11 15:06:56.346 [main] TPTrac - Role selected
[INFO ] 2025-07-11 15:06:58.516 [main] TPTrac - Clicked on Add Button
[INFO ] 2025-07-11 15:06:58.614 [main] TPTrac - Search user field is clickable
[INFO ] 2025-07-11 15:06:58.709 [main] TPTrac - Sent keys to search user using JavaScript
[INFO ] 2025-07-11 15:06:58.795 [main] TPTrac - Verified Actual user successfully
[INFO ] 2025-07-11 15:06:58.817 [main] TPTrac - Start Auditor User Update validation
[INFO ] 2025-07-11 15:07:02.316 [main] TPTrac - User tab selected
[INFO ] 2025-07-11 15:07:04.641 [main] TPTrac - User selected to update the data
[INFO ] 2025-07-11 15:07:09.016 [main] TPTrac - Phone number cleared
[INFO ] 2025-07-11 15:07:09.344 [main] TPTrac - New phone number entered: 7134567999
[INFO ] 2025-07-11 15:07:09.609 [main] TPTrac - Clicked on Save button
[INFO ] 2025-07-11 15:07:09.640 [main] TPTrac - Verified updated user successfully
[INFO ] 2025-07-11 15:07:09.657 [main] TPTrac - Started user list validation
[INFO ] 2025-07-11 15:07:12.731 [main] TPTrac - Clicked on user tab
[INFO ] 2025-07-11 15:07:32.844 [main] TPTrac - Start Search User validation
[INFO ] 2025-07-11 15:07:32.986 [main] TPTrac - Get valid data
[INFO ] 2025-07-11 15:07:33.177 [main] TPTrac - Get invalid data
[INFO ] 2025-07-11 15:07:36.283 [main] TPTrac - User tab selected
[INFO ] 2025-07-11 15:07:46.857 [main] TPTrac - Verified search user functionality successfully
[INFO ] 2025-07-11 15:07:49.943 [main] TPTrac - User tab selected
[INFO ] 2025-07-11 15:07:50.094 [main] TPTrac - Add user button clicked
[INFO ] 2025-07-11 15:07:50.212 [main] TPTrac - Get user name data
[INFO ] 2025-07-11 15:07:50.340 [main] TPTrac - Get user contact data
[INFO ] 2025-07-11 15:07:50.495 [main] TPTrac - enter first name
[INFO ] 2025-07-11 15:07:50.617 [main] TPTrac - enter last name
[INFO ] 2025-07-11 15:07:50.713 [main] TPTrac - enter email id
[INFO ] 2025-07-11 15:07:50.808 [main] TPTrac - Get user role data
[INFO ] 2025-07-11 15:07:50.974 [main] TPTrac - Entered User ID
[INFO ] 2025-07-11 15:07:51.124 [main] TPTrac - Entered First Name
[INFO ] 2025-07-11 15:07:51.260 [main] TPTrac - Entered Last Name
[INFO ] 2025-07-11 15:07:51.432 [main] TPTrac - Entered Email ID
[INFO ] 2025-07-11 15:07:55.844 [main] TPTrac - Entered user contact
[INFO ] 2025-07-11 15:08:04.225 [main] TPTrac - Role selected
[INFO ] 2025-07-11 15:08:06.406 [main] TPTrac - Clicked on Add Button
[INFO ] 2025-07-11 15:08:15.691 [main] TPTrac - Yes button displayed: true
[INFO ] 2025-07-11 15:08:15.724 [main] TPTrac - Yes button enabled: true
[INFO ] 2025-07-11 15:08:25.912 [main] TPTrac - Yes button clicked successfully.
[INFO ] 2025-07-11 15:08:26.007 [main] TPTrac - Get invalid data
[INFO ] 2025-07-11 15:08:36.265 [main] TPTrac - Verified successfully
[INFO ] 2025-07-11 15:08:39.346 [main] TPTrac - User tab selected
[INFO ] 2025-07-11 15:08:39.477 [main] TPTrac - Get user name data
[INFO ] 2025-07-11 15:08:59.436 [main] TPTrac - Get invalid data
[INFO ] 2025-07-11 15:09:09.681 [main] TPTrac - User activate successfully
[INFO ] 2025-07-11 15:09:19.040 [main] TPTrac - User tab selected
[INFO ] 2025-07-11 15:09:58.146 [main] TPTrac - URL opened
[INFO ] 2025-07-11 15:10:05.660 [main] TPTrac - Click on vendor menu
[INFO ] 2025-07-11 15:10:06.178 [main] TPTrac - Click on vendor category management 
[INFO ] 2025-07-11 15:10:06.567 [main] TPTrac - Click on add new vendor category management 
[INFO ] 2025-07-11 15:10:08.675 [main] TPTrac - entered vendor category name 
[INFO ] 2025-07-11 15:10:08.744 [main] TPTrac - entered vendor category code 
[INFO ] 2025-07-11 15:10:08.799 [main] TPTrac - Added a new vendor category management successfully 
[INFO ] 2025-07-11 15:10:12.094 [main] TPTrac - Click on vendor menu
[INFO ] 2025-07-11 15:10:12.559 [main] TPTrac - Click on vendor category management 
[INFO ] 2025-07-11 15:10:12.956 [main] TPTrac - Click on add new vendor category management 
[INFO ] 2025-07-11 15:10:15.119 [main] TPTrac - entered vendor category name 
[INFO ] 2025-07-11 15:10:15.226 [main] TPTrac - entered vendor category code 
[INFO ] 2025-07-11 15:11:03.245 [main] TPTrac - Verfied successfully
[INFO ] 2025-07-11 15:11:06.587 [main] TPTrac - Click on vendor menu
[INFO ] 2025-07-11 15:11:07.085 [main] TPTrac - Click on vendor category management 
[INFO ] 2025-07-11 15:11:07.458 [main] TPTrac - Click on add new vendor category management 
[INFO ] 2025-07-11 15:11:09.602 [main] TPTrac - entered vendor category name 
[INFO ] 2025-07-11 15:11:09.758 [main] TPTrac - entered vendor category code 
[INFO ] 2025-07-11 15:11:09.881 [main] TPTrac - Added a new vendor category management successfully 
[INFO ] 2025-07-11 15:11:38.643 [main] TPTrac - URL opened
[INFO ] 2025-07-11 15:11:46.338 [main] TPTrac - Click on vendor menu
[INFO ] 2025-07-11 15:12:02.421 [main] TPTrac - Verfied successfully
[INFO ] 2025-07-11 15:12:30.883 [main] TPTrac - URL opened
[INFO ] 2025-07-11 15:12:38.454 [main] TPTrac - Click on vendor menu
[INFO ] 2025-07-11 15:12:38.940 [main] TPTrac - Click on vendor category management 
[INFO ] 2025-07-11 15:13:19.856 [main] TPTrac - URL opened
[INFO ] 2025-07-11 15:16:29.594 [main] TPTrac - Verfied successfully
[INFO ] 2025-07-11 15:17:02.324 [main] TPTrac - URL opened
[INFO ] 2025-07-11 15:17:10.267 [main] TPTrac - Framework Menu Clicked
[INFO ] 2025-07-11 15:17:10.687 [main] TPTrac - Clicked Add Framework button
[INFO ] 2025-07-11 15:17:11.870 [main] TPTrac - Entered Framework Name
[INFO ] 2025-07-11 15:17:12.022 [main] TPTrac - Entered Descriptions
[INFO ] 2025-07-11 15:17:12.172 [main] TPTrac - Entered Hiearchy Level
[INFO ] 2025-07-11 15:17:12.441 [main] TPTrac - Add button clicked successfully.
[ERROR] 2025-07-11 15:17:13.606 [main] TPTrac - Standard click failed: element click intercepted: Element <button _ngcontent-xcg-c151="" type="submit" data-automation-id="framework-27" class="modalbutton btn-default deepwhite submit">...</button> is not clickable at point (1106, 495). Other element would receive the click: <ngb-modal-window role="dialog" tabindex="-1" aria-modal="true" class="d-block modal myCustomModalClass fade show">...</ngb-modal-window>
  (Session info: chrome=138.0.7204.101)
Build info: version: '4.17.0', revision: 'e52b1be057*'
System info: os.name: 'Windows 11', os.arch: 'amd64', os.version: '10.0', java.version: '17.0.6'
Driver info: org.openqa.selenium.chrome.ChromeDriver
Command: [00c97aeb3529409449ad57fcf8ec93d0, clickElement {id=f.7A783EC918E3A31BBC54453419C95A2F.d.0435AFDE5B3C8881DCCB9DAB512A1223.e.123}]
Capabilities {acceptInsecureCerts: false, browserName: chrome, browserVersion: 138.0.7204.101, chrome: {chromedriverVersion: 138.0.7204.49 (d2b48fd5f781..., userDataDir: C:\Users\NIRANJ~1\AppData\L...}, fedcm:accounts: true, goog:chromeOptions: {debuggerAddress: localhost:63387}, networkConnectionEnabled: false, pageLoadStrategy: normal, platformName: windows, proxy: Proxy(), se:cdp: ws://localhost:63387/devtoo..., se:cdpVersion: 138.0.7204.101, setWindowRect: true, strictFileInteractability: false, timeouts: {implicit: 0, pageLoad: 300000, script: 30000}, unhandledPromptBehavior: dismiss and notify, webauthn:extension:credBlob: true, webauthn:extension:largeBlob: true, webauthn:extension:minPinLength: true, webauthn:extension:prf: true, webauthn:virtualAuthenticators: true}
Element: [[ChromeDriver: chrome on windows (00c97aeb3529409449ad57fcf8ec93d0)] -> css selector: [data-automation-id='framework-27']]
Session ID: 00c97aeb3529409449ad57fcf8ec93d0
[INFO ] 2025-07-11 15:17:13.640 [main] TPTrac - Add button clicked using JavaScript.
[INFO ] 2025-07-11 15:20:04.423 [main] TPTrac - URL opened
[INFO ] 2025-07-11 15:20:12.001 [main] TPTrac - Click on vendor menu
[INFO ] 2025-07-11 15:20:12.611 [main] TPTrac - Click on vendor category management 
[INFO ] 2025-07-11 15:20:13.008 [main] TPTrac - Click on add new vendor category management 
[INFO ] 2025-07-11 15:20:14.138 [main] TPTrac - entered vendor category name 
[INFO ] 2025-07-11 15:20:14.245 [main] TPTrac - entered vendor category code 
[INFO ] 2025-07-11 15:20:14.315 [main] TPTrac - Added a new vendor category management successfully 
[INFO ] 2025-07-11 15:20:56.101 [main] TPTrac - Upload a file successfully
[INFO ] 2025-07-11 15:20:59.221 [main] TPTrac - Clicked ok on alert popup
[INFO ] 2025-07-11 15:21:30.488 [main] TPTrac - URL opened
[INFO ] 2025-07-11 15:21:37.857 [main] TPTrac - select user tab
[INFO ] 2025-07-11 15:21:38.383 [main] TPTrac - open vendor user management tab
[INFO ] 2025-07-11 15:21:38.769 [main] TPTrac - open vendor user page
[INFO ] 2025-07-11 15:21:38.816 [main] TPTrac - Read vendor category from the excel successfully
[INFO ] 2025-07-11 15:21:38.861 [main] TPTrac - Read vendor name from the excel successfully
[INFO ] 2025-07-11 15:21:38.913 [main] TPTrac - Read vendor user id from the excel successfully
[INFO ] 2025-07-11 15:21:38.954 [main] TPTrac - Read vendor contact from the excel successfully
[INFO ] 2025-07-11 15:21:38.987 [main] TPTrac - Read first name from the excel successfully
[INFO ] 2025-07-11 15:21:39.054 [main] TPTrac - Read last name from the excel successfully
[INFO ] 2025-07-11 15:21:39.119 [main] TPTrac - Read email from the excel successfully
[INFO ] 2025-07-11 15:21:41.369 [main] TPTrac - Select Vendor category 
[INFO ] 2025-07-11 15:21:43.492 [main] TPTrac - Select Vendor Name 
[INFO ] 2025-07-11 15:21:43.624 [main] TPTrac - Read contact number from the excel 
[INFO ] 2025-07-11 15:21:43.972 [main] TPTrac - Entered Vendor Contact Number 
[INFO ] 2025-07-11 15:21:44.095 [main] TPTrac - Search user field is clickable
[INFO ] 2025-07-11 15:21:44.121 [main] TPTrac - Sent keys to search user using JavaScript
[INFO ] 2025-07-11 15:21:44.121 [main] TPTrac - Click on Add button successfully 
[INFO ] 2025-07-11 15:21:44.243 [main] TPTrac - Verified added vendor user successfully 
[INFO ] 2025-07-11 15:21:47.350 [main] TPTrac - User menu selected 
[INFO ] 2025-07-11 15:21:47.873 [main] TPTrac - Vendor User Management clicked 
[INFO ] 2025-07-11 15:22:12.459 [main] TPTrac - clearing the data
[INFO ] 2025-07-11 15:22:12.561 [main] TPTrac - updated first name 
[INFO ] 2025-07-11 15:22:12.623 [main] TPTrac - clearing the data
[INFO ] 2025-07-11 15:22:12.688 [main] TPTrac - Updated last name
[INFO ] 2025-07-11 15:22:12.756 [main] TPTrac - clearing the data
[INFO ] 2025-07-11 15:22:12.855 [main] TPTrac - entered new emailid
[INFO ] 2025-07-11 15:22:12.938 [main] TPTrac - Click on Save
[INFO ] 2025-07-11 15:22:13.173 [main] TPTrac - Verified updated vendor user successfully 
[INFO ] 2025-07-11 15:22:33.036 [main] TPTrac - Verfied successfully
[INFO ] 2025-07-11 15:22:36.144 [main] TPTrac - select user tab
[INFO ] 2025-07-11 15:22:36.618 [main] TPTrac - open vendor user management tab
[INFO ] 2025-07-11 15:22:37.093 [main] TPTrac - open vendor user page
[INFO ] 2025-07-11 15:22:37.110 [main] TPTrac - Read vendor category from the excel successfully
[INFO ] 2025-07-11 15:22:37.126 [main] TPTrac - Read vendor name from the excel successfully
[INFO ] 2025-07-11 15:22:37.137 [main] TPTrac - Read vendor user id from the excel successfully
[INFO ] 2025-07-11 15:22:37.154 [main] TPTrac - Read vendor contact from the excel successfully
[INFO ] 2025-07-11 15:22:37.176 [main] TPTrac - Read first name from the excel successfully
[INFO ] 2025-07-11 15:22:37.185 [main] TPTrac - Read last name from the excel successfully
[INFO ] 2025-07-11 15:22:37.202 [main] TPTrac - Read email from the excel successfully
[INFO ] 2025-07-11 15:22:39.429 [main] TPTrac - Select Vendor category 
[INFO ] 2025-07-11 15:22:41.568 [main] TPTrac - Select Vendor Name 
[INFO ] 2025-07-11 15:22:41.653 [main] TPTrac - Read contact number from the excel 
[INFO ] 2025-07-11 15:22:41.878 [main] TPTrac - Entered Vendor Contact Number 
[INFO ] 2025-07-11 15:23:04.948 [main] TPTrac - Verified successfully
[INFO ] 2025-07-11 15:23:12.034 [main] TPTrac - select user tab
[INFO ] 2025-07-11 15:23:16.105 [main] TPTrac - open vendor user management tab
[INFO ] 2025-07-11 15:23:34.489 [main] TPTrac - Get invalid data
[INFO ] 2025-07-11 15:23:46.588 [main] TPTrac - User activate successfully
[INFO ] 2025-07-11 15:23:46.598 [main] TPTrac - Export to Excel test started
[INFO ] 2025-07-11 15:23:49.686 [main] TPTrac - User menu opened
[INFO ] 2025-07-11 15:23:50.175 [main] TPTrac - Vendor User Management tab opened
[INFO ] 2025-07-11 15:23:50.203 [main] TPTrac - Dropdown clicked
[INFO ] 2025-07-11 15:23:50.219 [main] TPTrac - All checkbox selected
[INFO ] 2025-07-11 15:23:50.767 [main] TPTrac - Export to Excel button clicked
[INFO ] 2025-07-11 15:23:52.777 [main] TPTrac - Export to Excel test completed
[INFO ] 2025-07-11 15:24:20.637 [main] TPTrac - URL opened
[INFO ] 2025-07-11 15:24:24.860 [main] TPTrac - Add Assessment review
[INFO ] 2025-07-11 15:24:43.314 [main] TPTrac - Start Search User validation
[INFO ] 2025-07-11 15:24:45.337 [main] TPTrac - Get valid data
[INFO ] 2025-07-11 15:24:45.355 [main] TPTrac - Get invalid data
[INFO ] 2025-07-11 15:36:16.270 [main] TPTrac - URL opened
[INFO ] 2025-07-11 15:36:25.907 [main] TPTrac - User tab selected
[INFO ] 2025-07-11 15:36:26.197 [main] TPTrac - Add user button clicked
[INFO ] 2025-07-11 15:36:28.629 [main] TPTrac - Clicked on Add Button
[INFO ] 2025-07-11 15:36:36.084 [main] TPTrac - User tab selected
[INFO ] 2025-07-11 15:36:36.374 [main] TPTrac - Department Button clicked and verified successfully
[INFO ] 2025-07-11 15:36:39.587 [main] TPTrac - User tab selected
[INFO ] 2025-07-11 15:36:41.790 [main] TPTrac - Department Button clicked and verified successfully
[INFO ] 2025-07-11 15:37:14.220 [main] TPTrac - URL opened
[INFO ] 2025-07-11 15:37:23.882 [main] TPTrac - User tab selected
[INFO ] 2025-07-11 15:37:24.193 [main] TPTrac - Add user button clicked
[INFO ] 2025-07-11 15:37:26.576 [main] TPTrac - Clicked on Add Button
[INFO ] 2025-07-11 15:37:34.554 [main] TPTrac - User tab selected
[INFO ] 2025-07-11 15:37:34.771 [main] TPTrac - Department Button clicked and verified successfully
[INFO ] 2025-07-11 15:37:37.931 [main] TPTrac - User tab selected
[INFO ] 2025-07-11 15:37:40.089 [main] TPTrac - Department Button clicked and verified successfully
[INFO ] 2025-07-11 15:37:47.740 [main] TPTrac - User tab selected
[INFO ] 2025-07-11 15:37:49.997 [main] TPTrac - Department Button clicked and verified successfully
[INFO ] 2025-07-11 15:37:51.350 [main] TPTrac - Clicked on Add Button
[INFO ] 2025-07-11 15:37:54.533 [main] TPTrac - User tab selected
[INFO ] 2025-07-11 15:37:54.994 [main] TPTrac - Add user button clicked
[INFO ] 2025-07-11 15:37:55.075 [main] TPTrac - Get user name data
[INFO ] 2025-07-11 15:37:55.133 [main] TPTrac - Get user contact data
[INFO ] 2025-07-11 15:37:55.179 [main] TPTrac - enter first name
[INFO ] 2025-07-11 15:37:55.228 [main] TPTrac - enter last name
[INFO ] 2025-07-11 15:37:55.287 [main] TPTrac - enter email id
[INFO ] 2025-07-11 15:37:55.341 [main] TPTrac - Get user role data
[INFO ] 2025-07-11 15:37:55.479 [main] TPTrac - Entered User ID
[INFO ] 2025-07-11 15:37:55.656 [main] TPTrac - Entered First Name
[INFO ] 2025-07-11 15:37:55.866 [main] TPTrac - Entered Last Name
[INFO ] 2025-07-11 15:37:56.181 [main] TPTrac - Entered Email ID
[INFO ] 2025-07-11 15:38:00.765 [main] TPTrac - Entered user contact
[INFO ] 2025-07-11 15:38:07.251 [main] TPTrac - Role selected
[INFO ] 2025-07-11 15:38:09.433 [main] TPTrac - Clicked on Add Button
[INFO ] 2025-07-11 15:38:09.512 [main] TPTrac - Search user field is clickable
[INFO ] 2025-07-11 15:38:09.594 [main] TPTrac - Sent keys to search user using JavaScript
[WARN ] 2025-07-11 15:38:10.046 [main] TPTrac - StaleElementReferenceException encountered, retrying...
[INFO ] 2025-07-11 15:38:11.107 [main] TPTrac - Verified Actual user successfully
[INFO ] 2025-07-11 15:38:11.110 [main] TPTrac - Start Auditor User Update validation
[INFO ] 2025-07-11 15:38:14.460 [main] TPTrac - User tab selected
[INFO ] 2025-07-11 15:38:16.993 [main] TPTrac - User selected to update the data
[INFO ] 2025-07-11 15:38:21.493 [main] TPTrac - Phone number cleared
[INFO ] 2025-07-11 15:38:21.655 [main] TPTrac - New phone number entered: 7134567999
[INFO ] 2025-07-11 15:38:21.865 [main] TPTrac - Clicked on Save button
[INFO ] 2025-07-11 15:38:21.912 [main] TPTrac - Verified updated user successfully
[INFO ] 2025-07-11 15:38:21.917 [main] TPTrac - Started user list validation
[INFO ] 2025-07-11 15:38:25.060 [main] TPTrac - Clicked on user tab
[INFO ] 2025-07-11 15:38:45.170 [main] TPTrac - Start Search User validation
[INFO ] 2025-07-11 15:38:45.240 [main] TPTrac - Get valid data
[INFO ] 2025-07-11 15:38:45.287 [main] TPTrac - Get invalid data
[INFO ] 2025-07-11 15:38:48.417 [main] TPTrac - User tab selected
[INFO ] 2025-07-11 15:38:59.105 [main] TPTrac - Verified search user functionality successfully
[INFO ] 2025-07-11 15:39:02.261 [main] TPTrac - User tab selected
[INFO ] 2025-07-11 15:39:02.454 [main] TPTrac - Add user button clicked
[INFO ] 2025-07-11 15:39:02.602 [main] TPTrac - Get user name data
[INFO ] 2025-07-11 15:39:02.752 [main] TPTrac - Get user contact data
[INFO ] 2025-07-11 15:39:02.926 [main] TPTrac - enter first name
[INFO ] 2025-07-11 15:39:03.050 [main] TPTrac - enter last name
[INFO ] 2025-07-11 15:39:03.168 [main] TPTrac - enter email id
[INFO ] 2025-07-11 15:39:03.306 [main] TPTrac - Get user role data
[INFO ] 2025-07-11 15:39:03.465 [main] TPTrac - Entered User ID
[INFO ] 2025-07-11 15:39:03.640 [main] TPTrac - Entered First Name
[INFO ] 2025-07-11 15:39:03.807 [main] TPTrac - Entered Last Name
[INFO ] 2025-07-11 15:39:04.009 [main] TPTrac - Entered Email ID
[INFO ] 2025-07-11 15:39:08.654 [main] TPTrac - Entered user contact
[INFO ] 2025-07-11 15:39:17.223 [main] TPTrac - Role selected
[INFO ] 2025-07-11 15:39:19.458 [main] TPTrac - Clicked on Add Button
[INFO ] 2025-07-11 15:39:29.090 [main] TPTrac - Yes button displayed: true
[INFO ] 2025-07-11 15:39:29.115 [main] TPTrac - Yes button enabled: true
[INFO ] 2025-07-11 15:39:39.291 [main] TPTrac - Yes button clicked successfully.
[INFO ] 2025-07-11 15:39:39.329 [main] TPTrac - Get invalid data
[INFO ] 2025-07-11 15:39:49.513 [main] TPTrac - Verified successfully
[INFO ] 2025-07-11 15:39:52.589 [main] TPTrac - User tab selected
[INFO ] 2025-07-11 15:39:52.633 [main] TPTrac - Get user name data
[INFO ] 2025-07-11 15:40:12.167 [main] TPTrac - Get invalid data
[INFO ] 2025-07-11 15:40:22.299 [main] TPTrac - User activate successfully
[INFO ] 2025-07-11 15:40:31.583 [main] TPTrac - User tab selected
[INFO ] 2025-07-11 15:41:10.501 [main] TPTrac - URL opened
[INFO ] 2025-07-11 15:41:18.053 [main] TPTrac - Click on vendor menu
[INFO ] 2025-07-11 15:41:18.719 [main] TPTrac - Click on vendor category management 
[INFO ] 2025-07-11 15:41:19.147 [main] TPTrac - Click on add new vendor category management 
[INFO ] 2025-07-11 15:41:21.301 [main] TPTrac - entered vendor category name 
[INFO ] 2025-07-11 15:41:21.399 [main] TPTrac - entered vendor category code 
[INFO ] 2025-07-11 15:41:21.457 [main] TPTrac - Added a new vendor category management successfully 
[INFO ] 2025-07-11 15:41:24.854 [main] TPTrac - Click on vendor menu
[INFO ] 2025-07-11 15:41:25.464 [main] TPTrac - Click on vendor category management 
[INFO ] 2025-07-11 15:41:25.837 [main] TPTrac - Click on add new vendor category management 
[INFO ] 2025-07-11 15:41:28.059 [main] TPTrac - entered vendor category name 
[INFO ] 2025-07-11 15:41:28.180 [main] TPTrac - entered vendor category code 
[INFO ] 2025-07-11 15:42:16.091 [main] TPTrac - Verfied successfully
[INFO ] 2025-07-11 15:42:19.317 [main] TPTrac - Click on vendor menu
[INFO ] 2025-07-11 15:42:19.799 [main] TPTrac - Click on vendor category management 
[INFO ] 2025-07-11 15:42:20.150 [main] TPTrac - Click on add new vendor category management 
[INFO ] 2025-07-11 15:42:22.314 [main] TPTrac - entered vendor category name 
[INFO ] 2025-07-11 15:42:22.424 [main] TPTrac - entered vendor category code 
[INFO ] 2025-07-11 15:42:22.463 [main] TPTrac - Added a new vendor category management successfully 
[INFO ] 2025-07-11 15:42:51.155 [main] TPTrac - URL opened
[INFO ] 2025-07-11 15:42:58.752 [main] TPTrac - Click on vendor menu
[INFO ] 2025-07-11 15:43:14.101 [main] TPTrac - Verfied successfully
[INFO ] 2025-07-11 15:43:42.554 [main] TPTrac - URL opened
[INFO ] 2025-07-11 15:43:50.118 [main] TPTrac - Click on vendor menu
[INFO ] 2025-07-11 15:43:50.686 [main] TPTrac - Click on vendor category management 
[INFO ] 2025-07-11 15:44:31.752 [main] TPTrac - URL opened
[INFO ] 2025-07-11 15:47:40.907 [main] TPTrac - Verfied successfully
[INFO ] 2025-07-11 15:48:13.801 [main] TPTrac - URL opened
[INFO ] 2025-07-11 15:48:21.429 [main] TPTrac - Framework Menu Clicked
[INFO ] 2025-07-11 15:48:21.879 [main] TPTrac - Clicked Add Framework button
[INFO ] 2025-07-11 15:48:23.045 [main] TPTrac - Entered Framework Name
[INFO ] 2025-07-11 15:48:23.145 [main] TPTrac - Entered Descriptions
[INFO ] 2025-07-11 15:48:23.253 [main] TPTrac - Entered Hiearchy Level
[INFO ] 2025-07-11 15:48:23.375 [main] TPTrac - Add button clicked successfully.
[INFO ] 2025-07-11 15:51:16.701 [main] TPTrac - URL opened
[INFO ] 2025-07-11 15:51:24.328 [main] TPTrac - Click on vendor menu
[INFO ] 2025-07-11 15:51:24.930 [main] TPTrac - Click on vendor category management 
[INFO ] 2025-07-11 15:51:25.333 [main] TPTrac - Click on add new vendor category management 
[INFO ] 2025-07-11 15:51:26.442 [main] TPTrac - entered vendor category name 
[INFO ] 2025-07-11 15:51:26.532 [main] TPTrac - entered vendor category code 
[INFO ] 2025-07-11 15:51:26.603 [main] TPTrac - Added a new vendor category management successfully 
[INFO ] 2025-07-11 15:52:08.461 [main] TPTrac - Upload a file successfully
[INFO ] 2025-07-11 15:52:11.593 [main] TPTrac - Clicked ok on alert popup
[INFO ] 2025-07-11 15:52:43.345 [main] TPTrac - URL opened
[INFO ] 2025-07-11 15:52:50.904 [main] TPTrac - select user tab
[INFO ] 2025-07-11 15:52:51.437 [main] TPTrac - open vendor user management tab
[INFO ] 2025-07-11 15:52:51.880 [main] TPTrac - open vendor user page
[INFO ] 2025-07-11 15:52:51.902 [main] TPTrac - Read vendor category from the excel successfully
[INFO ] 2025-07-11 15:52:51.926 [main] TPTrac - Read vendor name from the excel successfully
[INFO ] 2025-07-11 15:52:51.952 [main] TPTrac - Read vendor user id from the excel successfully
[INFO ] 2025-07-11 15:52:51.977 [main] TPTrac - Read vendor contact from the excel successfully
[INFO ] 2025-07-11 15:52:51.992 [main] TPTrac - Read first name from the excel successfully
[INFO ] 2025-07-11 15:52:52.023 [main] TPTrac - Read last name from the excel successfully
[INFO ] 2025-07-11 15:52:52.059 [main] TPTrac - Read email from the excel successfully
[INFO ] 2025-07-11 15:52:54.339 [main] TPTrac - Select Vendor category 
[INFO ] 2025-07-11 15:52:56.529 [main] TPTrac - Select Vendor Name 
[INFO ] 2025-07-11 15:52:56.752 [main] TPTrac - Read contact number from the excel 
[INFO ] 2025-07-11 15:52:57.139 [main] TPTrac - Entered Vendor Contact Number 
[INFO ] 2025-07-11 15:52:57.277 [main] TPTrac - Search user field is clickable
[INFO ] 2025-07-11 15:52:57.334 [main] TPTrac - Sent keys to search user using JavaScript
[INFO ] 2025-07-11 15:52:57.334 [main] TPTrac - Click on Add button successfully 
[INFO ] 2025-07-11 15:52:57.401 [main] TPTrac - Verified added vendor user successfully 
[INFO ] 2025-07-11 15:53:00.528 [main] TPTrac - User menu selected 
[INFO ] 2025-07-11 15:53:01.010 [main] TPTrac - Vendor User Management clicked 
[INFO ] 2025-07-11 15:53:25.504 [main] TPTrac - clearing the data
[INFO ] 2025-07-11 15:53:25.647 [main] TPTrac - updated first name 
[INFO ] 2025-07-11 15:53:25.763 [main] TPTrac - clearing the data
[INFO ] 2025-07-11 15:53:25.877 [main] TPTrac - Updated last name
[INFO ] 2025-07-11 15:53:25.959 [main] TPTrac - clearing the data
[INFO ] 2025-07-11 15:53:26.135 [main] TPTrac - entered new emailid
[INFO ] 2025-07-11 15:53:26.293 [main] TPTrac - Click on Save
[INFO ] 2025-07-11 15:53:26.470 [main] TPTrac - Verified updated vendor user successfully 
[INFO ] 2025-07-11 15:53:46.405 [main] TPTrac - Verfied successfully
[INFO ] 2025-07-11 15:53:49.516 [main] TPTrac - select user tab
[INFO ] 2025-07-11 15:53:49.994 [main] TPTrac - open vendor user management tab
[INFO ] 2025-07-11 15:53:50.480 [main] TPTrac - open vendor user page
[INFO ] 2025-07-11 15:53:50.505 [main] TPTrac - Read vendor category from the excel successfully
[INFO ] 2025-07-11 15:53:50.529 [main] TPTrac - Read vendor name from the excel successfully
[INFO ] 2025-07-11 15:53:50.554 [main] TPTrac - Read vendor user id from the excel successfully
[INFO ] 2025-07-11 15:53:50.577 [main] TPTrac - Read vendor contact from the excel successfully
[INFO ] 2025-07-11 15:53:50.605 [main] TPTrac - Read first name from the excel successfully
[INFO ] 2025-07-11 15:53:50.626 [main] TPTrac - Read last name from the excel successfully
[INFO ] 2025-07-11 15:53:50.658 [main] TPTrac - Read email from the excel successfully
[INFO ] 2025-07-11 15:53:52.916 [main] TPTrac - Select Vendor category 
[INFO ] 2025-07-11 15:53:55.154 [main] TPTrac - Select Vendor Name 
[INFO ] 2025-07-11 15:53:55.263 [main] TPTrac - Read contact number from the excel 
[INFO ] 2025-07-11 15:53:55.560 [main] TPTrac - Entered Vendor Contact Number 
[INFO ] 2025-07-11 15:54:18.751 [main] TPTrac - Verified successfully
[INFO ] 2025-07-11 15:54:25.901 [main] TPTrac - select user tab
[INFO ] 2025-07-11 15:54:29.990 [main] TPTrac - open vendor user management tab
[INFO ] 2025-07-11 15:54:48.602 [main] TPTrac - Get invalid data
[INFO ] 2025-07-11 15:55:00.762 [main] TPTrac - User activate successfully
[INFO ] 2025-07-11 15:55:00.772 [main] TPTrac - Export to Excel test started
[INFO ] 2025-07-11 15:55:03.890 [main] TPTrac - User menu opened
[INFO ] 2025-07-11 15:55:04.435 [main] TPTrac - Vendor User Management tab opened
[INFO ] 2025-07-11 15:55:04.493 [main] TPTrac - Dropdown clicked
[INFO ] 2025-07-11 15:55:04.527 [main] TPTrac - All checkbox selected
[INFO ] 2025-07-11 15:55:05.136 [main] TPTrac - Export to Excel button clicked
[INFO ] 2025-07-11 15:55:07.139 [main] TPTrac - Export to Excel test completed
[INFO ] 2025-07-11 15:55:35.665 [main] TPTrac - URL opened
[INFO ] 2025-07-11 15:55:40.016 [main] TPTrac - Add Framework based Assessment Calender
[INFO ] 2025-07-11 15:56:58.264 [main] TPTrac - Assessment got successfully scheduled
[INFO ] 2025-07-11 15:57:37.116 [main] TPTrac - Add vendor question
[INFO ] 2025-07-11 15:59:14.674 [main] TPTrac - Vendor submitted ssuccessfully
[INFO ] 2025-07-11 15:59:29.762 [main] TPTrac - Add Assessment review
[INFO ] 2025-07-11 16:01:59.825 [main] TPTrac - Auditor Reviewed successfully
[INFO ] 2025-07-11 16:02:30.178 [main] TPTrac - Add Assessment review
[INFO ] 2025-07-11 16:03:56.918 [main] TPTrac - Vendor submitted ssuccessfully
[INFO ] 2025-07-11 16:04:09.820 [main] TPTrac - Add observation planning
[INFO ] 2025-07-11 16:05:18.089 [main] TPTrac - click on vendor observation
[INFO ] 2025-07-11 16:06:44.913 [main] TPTrac - click on auditor observation
[INFO ] 2025-07-11 16:08:58.481 [main] TPTrac - Start Search User validation
[INFO ] 2025-07-11 16:09:00.508 [main] TPTrac - Get valid data
[INFO ] 2025-07-11 16:09:00.526 [main] TPTrac - Get invalid data
[INFO ] 2025-07-11 16:09:47.074 [main] TPTrac - URL opened
[INFO ] 2025-07-11 16:14:11.162 [main] TPTrac - URL opened
[INFO ] 2025-07-11 16:15:01.927 [main] TPTrac - URL opened
[INFO ] 2025-07-11 16:15:06.209 [main] TPTrac - Add Assessment Calender
[INFO ] 2025-07-11 16:16:40.764 [main] TPTrac - Assessment got successfully scheduled
[INFO ] 2025-07-11 16:17:19.382 [main] TPTrac - Add vendor question
[INFO ] 2025-07-11 16:18:58.747 [main] TPTrac - Vendor submitted ssuccessfully
[INFO ] 2025-07-11 16:19:14.022 [main] TPTrac - Add Assessment review
[INFO ] 2025-07-11 16:21:57.232 [main] TPTrac - Auditor Reviewed ssuccessfully
[INFO ] 2025-07-11 16:22:27.685 [main] TPTrac - Add Assessment review
[INFO ] 2025-07-11 16:23:59.649 [main] TPTrac - Vendor submitted ssuccessfully
[INFO ] 2025-07-11 16:24:12.617 [main] TPTrac - Add observation planning
[INFO ] 2025-07-11 16:25:22.385 [main] TPTrac - click on vendor observation
[INFO ] 2025-07-11 16:26:48.290 [main] TPTrac - click on auditor observation
[INFO ] 2025-07-11 16:28:27.199 [main] TPTrac - Add vendor question
[INFO ] 2025-07-11 16:28:58.425 [main] TPTrac - Add Assessment Calender
[INFO ] 2025-07-11 16:29:06.850 [main] TPTrac - Verfied successfully
[INFO ] 2025-07-11 16:29:35.055 [main] TPTrac - URL opened
[INFO ] 2025-07-11 16:29:50.806 [main] TPTrac - Get onboarding status data
[INFO ] 2025-07-11 16:29:50.825 [main] TPTrac - Get vendor category data
[INFO ] 2025-07-11 16:29:50.842 [main] TPTrac - Get vendor data
[INFO ] 2025-07-11 16:29:50.866 [main] TPTrac - Get assessment data
[INFO ] 2025-07-11 16:29:50.890 [main] TPTrac - Get invalid data
[INFO ] 2025-07-11 16:29:50.910 [main] TPTrac - Get valid data
[INFO ] 2025-07-11 16:30:35.289 [main] TPTrac - URL opened
[INFO ] 2025-07-11 16:30:48.791 [main] TPTrac - Get onboarding status data
[INFO ] 2025-07-11 16:30:48.813 [main] TPTrac - Get vendor category data
[INFO ] 2025-07-11 16:30:48.838 [main] TPTrac - Get vendor data
[INFO ] 2025-07-11 16:30:48.859 [main] TPTrac - Get assessment status data
[INFO ] 2025-07-11 16:30:48.887 [main] TPTrac - Get assessment data
[INFO ] 2025-07-11 16:30:48.909 [main] TPTrac - Get invalid data
[INFO ] 2025-07-11 16:30:48.929 [main] TPTrac - Get frameworkassessment data
[INFO ] 2025-07-11 16:30:48.955 [main] TPTrac - Get risk data
[INFO ] 2025-07-11 16:30:48.978 [main] TPTrac - Get risk data
[INFO ] 2025-07-11 16:30:48.998 [main] TPTrac - Get valid data
[INFO ] 2025-07-15 18:14:52.713 [main] TPTrac - URL opened
[INFO ] 2025-07-15 18:15:06.982 [main] TPTrac - URL opened
[INFO ] 2025-07-15 18:15:16.662 [main] TPTrac - URL opened
[INFO ] 2025-07-15 18:15:19.956 [main] TPTrac - URL opened
[INFO ] 2025-07-15 18:19:10.743 [main] TPTrac - URL opened
[INFO ] 2025-07-15 18:24:56.811 [main] TPTrac - URL opened
[INFO ] 2025-07-15 18:26:23.100 [main] TPTrac - URL opened
[INFO ] 2025-07-15 18:27:41.604 [main] TPTrac - URL opened
[INFO ] 2025-07-15 18:27:50.673 [main] TPTrac - User tab selected
[INFO ] 2025-07-15 18:27:50.864 [main] TPTrac - Add user button clicked
[INFO ] 2025-07-15 18:27:53.149 [main] TPTrac - Clicked on Add Button
[INFO ] 2025-07-15 18:27:59.336 [main] TPTrac - User tab selected
[INFO ] 2025-07-15 18:27:59.508 [main] TPTrac - Department Button clicked and verified successfully
[INFO ] 2025-07-17 14:04:29.583 [main] TPTrac - URL opened
[INFO ] 2025-07-17 14:08:22.704 [main] TPTrac - URL opened
[INFO ] 2025-07-17 14:15:11.252 [main] TPTrac - URL opened
[INFO ] 2025-07-17 14:16:28.754 [main] TPTrac - URL opened
[INFO ] 2025-07-17 14:19:46.370 [main] TPTrac - URL opened
[INFO ] 2025-07-17 14:19:55.637 [main] TPTrac - User tab selected
[INFO ] 2025-07-17 14:19:55.909 [main] TPTrac - Add user button clicked
[INFO ] 2025-07-17 14:19:58.228 [main] TPTrac - Clicked on Add Button
[INFO ] 2025-07-17 14:21:57.175 [main] TPTrac - URL opened
[INFO ] 2025-09-29 14:38:22.302 [main] TPTrac - URL opened
[INFO ] 2025-09-29 14:44:45.798 [main] TPTrac - URL opened
[INFO ] 2025-09-29 14:45:53.502 [main] TPTrac - URL opened
[INFO ] 2025-09-29 14:49:17.181 [main] TPTrac - URL opened
[INFO ] 2025-09-29 14:49:26.033 [main] TPTrac - User tab selected
[INFO ] 2025-09-29 14:49:30.726 [main] TPTrac - User tab selected
[INFO ] 2025-09-29 14:49:30.862 [main] TPTrac - Add user button clicked
[INFO ] 2025-09-29 14:49:34.160 [main] TPTrac - Get user name data
[INFO ] 2025-09-29 14:49:34.901 [main] TPTrac - Get user contact data
[INFO ] 2025-09-29 14:49:35.116 [main] TPTrac - enter first name
[INFO ] 2025-09-29 14:49:35.322 [main] TPTrac - enter last name
[INFO ] 2025-09-29 14:49:35.541 [main] TPTrac - enter email id
[INFO ] 2025-09-29 14:49:35.703 [main] TPTrac - Get user role data
[INFO ] 2025-09-29 14:49:45.935 [main] TPTrac - Start Auditor User Update validation
[INFO ] 2025-09-29 14:49:50.781 [main] TPTrac - Started user list validation
[INFO ] 2025-09-29 14:49:55.079 [main] TPTrac - Start Search User validation
[INFO ] 2025-09-29 14:49:55.556 [main] TPTrac - Get valid data
[INFO ] 2025-09-29 14:49:55.907 [main] TPTrac - Get invalid data
[INFO ] 2025-10-07 11:28:39.985 [main] TPTrac - URL opened
[INFO ] 2025-10-07 11:28:48.870 [main] TPTrac - User tab selected
[INFO ] 2025-10-07 11:28:53.372 [main] TPTrac - User tab selected
[INFO ] 2025-10-07 11:28:53.451 [main] TPTrac - Add user button clicked
[INFO ] 2025-10-07 11:28:54.816 [main] TPTrac - Get user name data
[INFO ] 2025-10-07 11:28:55.054 [main] TPTrac - Get user contact data
[INFO ] 2025-10-07 11:28:55.231 [main] TPTrac - enter first name
[INFO ] 2025-10-07 11:28:55.382 [main] TPTrac - enter last name
[INFO ] 2025-10-07 11:28:55.530 [main] TPTrac - enter email id
[INFO ] 2025-10-07 11:28:55.653 [main] TPTrac - Get user role data
[INFO ] 2025-10-07 11:29:05.885 [main] TPTrac - Started user list validation
[INFO ] 2025-10-07 11:36:41.885 [main] TPTrac - URL opened
[INFO ] 2025-10-07 11:36:50.464 [main] TPTrac - User tab selected
[INFO ] 2025-10-07 11:36:55.130 [main] TPTrac - User tab selected
[INFO ] 2025-10-07 11:36:55.289 [main] TPTrac - Add user button clicked
[INFO ] 2025-10-07 11:36:57.224 [main] TPTrac - Get user name data
[INFO ] 2025-10-07 11:36:57.525 [main] TPTrac - Get user contact data
[INFO ] 2025-10-07 11:36:57.798 [main] TPTrac - enter first name
[INFO ] 2025-10-07 11:36:58.035 [main] TPTrac - enter last name
[INFO ] 2025-10-07 11:36:58.246 [main] TPTrac - enter email id
[INFO ] 2025-10-07 11:36:58.447 [main] TPTrac - Get user role data
[INFO ] 2025-10-07 11:40:05.079 [main] TPTrac - URL opened
[INFO ] 2025-10-07 11:40:14.050 [main] TPTrac - User tab selected
[INFO ] 2025-10-07 11:40:18.652 [main] TPTrac - User tab selected
[INFO ] 2025-10-07 11:40:18.790 [main] TPTrac - Add user button clicked
[INFO ] 2025-10-07 11:40:21.779 [main] TPTrac - Get user name data
[INFO ] 2025-10-07 11:40:22.127 [main] TPTrac - Get user contact data
[INFO ] 2025-10-07 11:40:22.480 [main] TPTrac - enter first name
[INFO ] 2025-10-07 11:40:22.698 [main] TPTrac - enter last name
[INFO ] 2025-10-07 11:40:23.048 [main] TPTrac - enter email id
[INFO ] 2025-10-07 11:40:23.528 [main] TPTrac - Get user role data
[INFO ] 2025-10-07 11:42:12.850 [main] TPTrac - URL opened
[INFO ] 2025-10-07 11:42:21.353 [main] TPTrac - User tab selected
[INFO ] 2025-10-07 11:42:23.583 [main] TPTrac - Add user button clicked
[INFO ] 2025-10-07 11:42:25.871 [main] TPTrac - Clicked on Add Button
[INFO ] 2025-10-07 11:42:33.926 [main] TPTrac - User tab selected
[INFO ] 2025-10-07 11:42:34.023 [main] TPTrac - Add user button clicked
[INFO ] 2025-10-07 11:42:34.360 [main] TPTrac - Get user name data
[INFO ] 2025-10-07 11:42:34.603 [main] TPTrac - Get user contact data
[INFO ] 2025-10-07 11:42:35.004 [main] TPTrac - enter first name
[INFO ] 2025-10-07 11:42:35.287 [main] TPTrac - enter last name
[INFO ] 2025-10-07 11:42:35.526 [main] TPTrac - enter email id
[INFO ] 2025-10-07 11:42:35.748 [main] TPTrac - Get user role data
[INFO ] 2025-10-07 15:19:30.709 [main] TPTrac - URL opened
[INFO ] 2025-10-07 15:19:36.528 [main] TPTrac - User tab selected
[INFO ] 2025-10-07 15:23:23.159 [main] TPTrac - URL opened
[INFO ] 2025-10-07 15:23:29.080 [main] TPTrac - User tab selected
[INFO ] 2025-10-07 15:24:17.874 [main] TPTrac - URL opened
[INFO ] 2025-10-07 15:24:23.377 [main] TPTrac - User tab selected
[INFO ] 2025-10-07 15:28:02.869 [main] TPTrac - URL opened
[INFO ] 2025-10-07 15:28:11.301 [main] TPTrac - User tab selected
[INFO ] 2025-10-07 15:28:13.483 [main] TPTrac - Add user button clicked
[INFO ] 2025-10-07 15:28:15.712 [main] TPTrac - Clicked on Add Button
[INFO ] 2025-10-07 15:28:22.322 [main] TPTrac - User tab selected
[INFO ] 2025-10-07 15:28:22.437 [main] TPTrac - Add user button clicked
[INFO ] 2025-10-07 15:28:22.648 [main] TPTrac - Get user name data
[INFO ] 2025-10-07 15:28:22.830 [main] TPTrac - Get user contact data
[INFO ] 2025-10-07 15:28:22.975 [main] TPTrac - enter email id
[INFO ] 2025-10-07 15:28:23.088 [main] TPTrac - Get user role data
[INFO ] 2025-10-07 15:33:58.810 [main] TPTrac - URL opened
[INFO ] 2025-10-07 15:34:07.531 [main] TPTrac - User tab selected
[INFO ] 2025-10-07 15:34:09.704 [main] TPTrac - Add user button clicked
[INFO ] 2025-10-07 15:34:11.911 [main] TPTrac - Clicked on Add Button
[INFO ] 2025-10-07 15:34:18.484 [main] TPTrac - User tab selected
[INFO ] 2025-10-07 15:34:18.578 [main] TPTrac - Add user button clicked
[INFO ] 2025-10-07 15:34:18.827 [main] TPTrac - Get user name data
[INFO ] 2025-10-07 15:34:19.011 [main] TPTrac - Get user contact data
[INFO ] 2025-10-07 15:34:19.193 [main] TPTrac - enter email id
[INFO ] 2025-10-07 15:34:19.352 [main] TPTrac - Get user role data
[INFO ] 2025-10-07 15:34:19.473 [main] TPTrac - Entered User ID
[INFO ] 2025-10-07 15:34:19.578 [main] TPTrac - Entered Email ID
[INFO ] 2025-10-07 15:34:19.645 [main] TPTrac - Entered user contact
[INFO ] 2025-10-07 15:43:31.872 [main] TPTrac - URL opened
[INFO ] 2025-10-07 15:43:40.630 [main] TPTrac - User tab selected
[INFO ] 2025-10-07 15:43:42.828 [main] TPTrac - Add user button clicked
[INFO ] 2025-10-07 15:43:45.031 [main] TPTrac - Clicked on Add Button
[INFO ] 2025-10-07 15:43:51.669 [main] TPTrac - User tab selected
[INFO ] 2025-10-07 15:43:51.773 [main] TPTrac - Add user button clicked
[INFO ] 2025-10-07 15:43:52.026 [main] TPTrac - Get user name data
[INFO ] 2025-10-07 15:43:52.209 [main] TPTrac - Get user contact data
[INFO ] 2025-10-07 15:43:52.387 [main] TPTrac - enter email id
[INFO ] 2025-10-07 15:43:52.514 [main] TPTrac - Get user role data
[INFO ] 2025-10-07 15:43:52.636 [main] TPTrac - Entered User ID
[INFO ] 2025-10-07 15:43:52.752 [main] TPTrac - Entered Email ID
[INFO ] 2025-10-07 15:43:52.842 [main] TPTrac - Entered user contact
[INFO ] 2025-10-07 15:48:38.023 [main] TPTrac - URL opened
[INFO ] 2025-10-07 15:48:46.691 [main] TPTrac - User tab selected
[INFO ] 2025-10-07 15:48:48.856 [main] TPTrac - Add user button clicked
[INFO ] 2025-10-07 15:48:51.081 [main] TPTrac - Clicked on Add Button
[INFO ] 2025-10-07 15:48:57.591 [main] TPTrac - User tab selected
[INFO ] 2025-10-07 15:48:57.689 [main] TPTrac - Add user button clicked
[INFO ] 2025-10-07 15:48:57.925 [main] TPTrac - Get user name data
[INFO ] 2025-10-07 15:48:58.064 [main] TPTrac - Get user contact data
[INFO ] 2025-10-07 15:48:58.190 [main] TPTrac - enter email id
[INFO ] 2025-10-07 15:48:58.290 [main] TPTrac - Get user role data
[INFO ] 2025-10-07 15:48:58.379 [main] TPTrac - Entered User ID
[INFO ] 2025-10-07 15:48:58.473 [main] TPTrac - Entered Email ID
[INFO ] 2025-10-07 15:48:58.540 [main] TPTrac - Entered user contact
[INFO ] 2025-10-07 15:52:06.254 [main] TPTrac - URL opened
[INFO ] 2025-10-07 15:52:14.904 [main] TPTrac - User tab selected
[INFO ] 2025-10-07 15:52:17.058 [main] TPTrac - Add user button clicked
[INFO ] 2025-10-07 15:52:19.264 [main] TPTrac - Clicked on Add Button
[INFO ] 2025-10-07 15:52:25.750 [main] TPTrac - User tab selected
[INFO ] 2025-10-07 15:52:25.848 [main] TPTrac - Add user button clicked
[INFO ] 2025-10-07 15:52:26.073 [main] TPTrac - Get user name data
[INFO ] 2025-10-07 15:52:26.247 [main] TPTrac - Get user contact data
[INFO ] 2025-10-07 15:52:26.420 [main] TPTrac - enter email id
[INFO ] 2025-10-07 15:52:26.547 [main] TPTrac - Get user role data
[INFO ] 2025-10-07 15:52:26.649 [main] TPTrac - Entered User ID
[INFO ] 2025-10-07 15:52:26.773 [main] TPTrac - Entered Email ID
[INFO ] 2025-10-07 15:52:26.840 [main] TPTrac - Entered user contact
[INFO ] 2025-10-07 15:52:33.190 [main] TPTrac - Role selected
[INFO ] 2025-10-07 15:52:35.313 [main] TPTrac - Clicked on Add Button
[INFO ] 2025-10-07 15:52:35.372 [main] TPTrac - Search user field is clickable
[INFO ] 2025-10-07 15:52:35.459 [main] TPTrac - Sent keys to search user using JavaScript
[INFO ] 2025-10-07 15:52:35.529 [main] TPTrac - Verified Actual user successfully
[INFO ] 2025-10-07 15:54:33.115 [main] TPTrac - URL opened
[INFO ] 2025-10-07 15:54:41.770 [main] TPTrac - User tab selected
[INFO ] 2025-10-07 15:54:43.959 [main] TPTrac - Add user button clicked
[INFO ] 2025-10-07 15:54:46.184 [main] TPTrac - Clicked on Add Button
[INFO ] 2025-10-07 15:54:52.759 [main] TPTrac - User tab selected
[INFO ] 2025-10-07 15:54:52.846 [main] TPTrac - Add user button clicked
[INFO ] 2025-10-07 15:54:53.053 [main] TPTrac - Get user name data
[INFO ] 2025-10-07 15:54:53.221 [main] TPTrac - Get user contact data
[INFO ] 2025-10-07 15:54:53.357 [main] TPTrac - enter email id
[INFO ] 2025-10-07 15:54:53.502 [main] TPTrac - Get user role data
[INFO ] 2025-10-07 15:54:53.614 [main] TPTrac - Entered User ID
[INFO ] 2025-10-07 15:54:53.721 [main] TPTrac - Entered Email ID
[INFO ] 2025-10-07 15:54:53.796 [main] TPTrac - Entered user contact
[INFO ] 2025-10-07 15:55:00.134 [main] TPTrac - Role selected
[INFO ] 2025-10-07 15:55:02.268 [main] TPTrac - Clicked on Add Button
[INFO ] 2025-10-07 15:55:02.325 [main] TPTrac - Search user field is clickable
[INFO ] 2025-10-07 15:55:02.389 [main] TPTrac - Sent keys to search user using JavaScript
[INFO ] 2025-10-07 15:55:03.656 [main] TPTrac - Verified Actual user successfully
[INFO ] 2025-10-07 16:11:06.316 [main] TPTrac - URL opened
[INFO ] 2025-10-07 16:11:14.871 [main] TPTrac - User tab selected
[INFO ] 2025-10-07 16:11:17.045 [main] TPTrac - Add user button clicked
[INFO ] 2025-10-07 16:11:19.246 [main] TPTrac - Clicked on Add Button
[INFO ] 2025-10-07 16:11:25.804 [main] TPTrac - User tab selected
[INFO ] 2025-10-07 16:11:25.898 [main] TPTrac - Add user button clicked
[INFO ] 2025-10-07 16:11:26.118 [main] TPTrac - Get user name data
[INFO ] 2025-10-07 16:11:26.311 [main] TPTrac - Get user contact data
[INFO ] 2025-10-07 16:11:26.453 [main] TPTrac - enter email id
[INFO ] 2025-10-07 16:11:26.597 [main] TPTrac - Get user role data
[INFO ] 2025-10-07 16:11:26.711 [main] TPTrac - Entered User ID
[INFO ] 2025-10-07 16:11:26.817 [main] TPTrac - Entered Email ID
[INFO ] 2025-10-07 16:11:26.900 [main] TPTrac - Entered user contact
[INFO ] 2025-10-07 16:11:33.266 [main] TPTrac - Role selected
[INFO ] 2025-10-07 16:11:35.392 [main] TPTrac - Clicked on Add Button
[INFO ] 2025-10-07 16:11:35.488 [main] TPTrac - Search user field is clickable
[INFO ] 2025-10-07 16:11:35.536 [main] TPTrac - Sent keys to search user using JavaScript
[INFO ] 2025-10-07 16:11:36.618 [main] TPTrac - Verified Actual user successfully
[INFO ] 2025-10-07 16:11:36.634 [main] TPTrac - Start AD Auditor User Update validation
[INFO ] 2025-10-07 16:11:40.001 [main] TPTrac - User tab selected
[INFO ] 2025-10-07 16:11:42.267 [main] TPTrac - User selected to update the data
[INFO ] 2025-10-07 16:11:46.567 [main] TPTrac - Phone number cleared
[INFO ] 2025-10-07 16:11:46.739 [main] TPTrac - New phone number entered: 7134568565
[INFO ] 2025-10-07 16:11:46.850 [main] TPTrac - Clicked on Save button
[INFO ] 2025-10-07 16:12:58.386 [main] TPTrac - URL opened
[INFO ] 2025-10-07 16:13:06.671 [main] TPTrac - User tab selected
[INFO ] 2025-10-07 16:13:08.817 [main] TPTrac - Add user button clicked
[INFO ] 2025-10-07 16:13:11.028 [main] TPTrac - Clicked on Add Button
[INFO ] 2025-10-07 16:13:17.539 [main] TPTrac - User tab selected
[INFO ] 2025-10-07 16:13:17.625 [main] TPTrac - Add user button clicked
[INFO ] 2025-10-07 16:13:17.823 [main] TPTrac - Get user name data
[INFO ] 2025-10-07 16:13:17.997 [main] TPTrac - Get user contact data
[INFO ] 2025-10-07 16:13:18.151 [main] TPTrac - enter email id
[INFO ] 2025-10-07 16:13:18.292 [main] TPTrac - Get user role data
[INFO ] 2025-10-07 16:13:18.398 [main] TPTrac - Entered User ID
[INFO ] 2025-10-07 16:13:18.516 [main] TPTrac - Entered Email ID
[INFO ] 2025-10-07 16:13:18.598 [main] TPTrac - Entered user contact
[INFO ] 2025-10-07 16:13:24.949 [main] TPTrac - Role selected
[INFO ] 2025-10-07 16:13:27.046 [main] TPTrac - Clicked on Add Button
[INFO ] 2025-10-07 16:13:27.100 [main] TPTrac - Search user field is clickable
[INFO ] 2025-10-07 16:13:27.168 [main] TPTrac - Sent keys to search user using JavaScript
[INFO ] 2025-10-07 16:13:28.050 [main] TPTrac - Verified Actual user successfully
[INFO ] 2025-10-07 16:13:28.067 [main] TPTrac - Start AD Auditor User Update validation
[INFO ] 2025-10-07 16:13:31.450 [main] TPTrac - User tab selected
[INFO ] 2025-10-07 16:16:21.836 [main] TPTrac - URL opened
[INFO ] 2025-10-07 16:16:30.331 [main] TPTrac - User tab selected
[INFO ] 2025-10-07 16:16:32.523 [main] TPTrac - Add user button clicked
[INFO ] 2025-10-07 16:16:34.734 [main] TPTrac - Clicked on Add Button
[INFO ] 2025-10-07 16:16:41.228 [main] TPTrac - User tab selected
[INFO ] 2025-10-07 16:16:41.315 [main] TPTrac - Add user button clicked
[INFO ] 2025-10-07 16:16:41.534 [main] TPTrac - Get user name data
[INFO ] 2025-10-07 16:16:41.700 [main] TPTrac - Get user contact data
[INFO ] 2025-10-07 16:16:41.832 [main] TPTrac - enter email id
[INFO ] 2025-10-07 16:16:41.975 [main] TPTrac - Get user role data
[INFO ] 2025-10-07 16:16:42.091 [main] TPTrac - Entered User ID
[INFO ] 2025-10-07 16:16:42.183 [main] TPTrac - Entered Email ID
[INFO ] 2025-10-07 16:16:42.265 [main] TPTrac - Entered user contact
[INFO ] 2025-10-07 16:16:48.618 [main] TPTrac - Role selected
[INFO ] 2025-10-07 16:16:50.723 [main] TPTrac - Clicked on Add Button
[INFO ] 2025-10-07 16:16:50.765 [main] TPTrac - Search user field is clickable
[INFO ] 2025-10-07 16:16:50.825 [main] TPTrac - Sent keys to search user using JavaScript
[INFO ] 2025-10-07 16:17:01.016 [main] TPTrac - Start AD Auditor User Update validation
[INFO ] 2025-10-07 16:17:04.374 [main] TPTrac - User tab selected
[INFO ] 2025-10-07 16:17:06.655 [main] TPTrac - User selected to update the data
[INFO ] 2025-10-07 16:17:10.915 [main] TPTrac - Phone number cleared
[INFO ] 2025-10-07 16:17:11.143 [main] TPTrac - New phone number entered: 7134568565
[INFO ] 2025-10-07 16:17:11.249 [main] TPTrac - Clicked on Save button
[INFO ] 2025-10-07 16:20:12.077 [main] TPTrac - URL opened
[INFO ] 2025-10-07 16:20:20.659 [main] TPTrac - User tab selected
[INFO ] 2025-10-07 16:20:22.836 [main] TPTrac - Add user button clicked
[INFO ] 2025-10-07 16:20:25.030 [main] TPTrac - Clicked on Add Button
[INFO ] 2025-10-07 16:20:31.533 [main] TPTrac - User tab selected
[INFO ] 2025-10-07 16:20:31.620 [main] TPTrac - Add user button clicked
[INFO ] 2025-10-07 16:20:31.848 [main] TPTrac - Get user name data
[INFO ] 2025-10-07 16:20:32.031 [main] TPTrac - Get user contact data
[INFO ] 2025-10-07 16:20:32.179 [main] TPTrac - enter email id
[INFO ] 2025-10-07 16:20:32.290 [main] TPTrac - Get user role data
[INFO ] 2025-10-07 16:20:32.404 [main] TPTrac - Entered User ID
[INFO ] 2025-10-07 16:20:32.531 [main] TPTrac - Entered Email ID
[INFO ] 2025-10-07 16:20:32.620 [main] TPTrac - Entered user contact
[INFO ] 2025-10-07 16:20:38.975 [main] TPTrac - Role selected
[INFO ] 2025-10-07 16:20:41.109 [main] TPTrac - Clicked on Add Button
[INFO ] 2025-10-07 16:20:41.179 [main] TPTrac - Search user field is clickable
[INFO ] 2025-10-07 16:20:41.267 [main] TPTrac - Sent keys to search user using JavaScript
[INFO ] 2025-10-07 16:20:42.332 [main] TPTrac - Verified Actual user successfully
[INFO ] 2025-10-07 16:20:42.347 [main] TPTrac - Start AD Auditor User Update validation
[INFO ] 2025-10-07 16:20:45.710 [main] TPTrac - User tab selected
[INFO ] 2025-10-07 16:20:47.964 [main] TPTrac - User selected to update the data
[INFO ] 2025-10-07 16:20:52.265 [main] TPTrac - Phone number cleared
[INFO ] 2025-10-07 16:20:52.470 [main] TPTrac - New phone number entered: 7134568565
[INFO ] 2025-10-07 16:20:52.564 [main] TPTrac - Clicked on Save button
[INFO ] 2025-10-07 16:24:07.834 [main] TPTrac - URL opened
[INFO ] 2025-10-07 16:24:16.428 [main] TPTrac - User tab selected
[INFO ] 2025-10-07 16:24:18.598 [main] TPTrac - Add user button clicked
[INFO ] 2025-10-07 16:24:20.839 [main] TPTrac - Clicked on Add Button
[INFO ] 2025-10-07 16:24:27.446 [main] TPTrac - User tab selected
[INFO ] 2025-10-07 16:24:27.539 [main] TPTrac - Add user button clicked
[INFO ] 2025-10-07 16:24:27.780 [main] TPTrac - Get user name data
[INFO ] 2025-10-07 16:24:27.946 [main] TPTrac - Get user contact data
[INFO ] 2025-10-07 16:24:28.097 [main] TPTrac - enter email id
[INFO ] 2025-10-07 16:24:28.233 [main] TPTrac - Get user role data
[INFO ] 2025-10-07 16:24:28.325 [main] TPTrac - Entered User ID
[INFO ] 2025-10-07 16:24:28.446 [main] TPTrac - Entered Email ID
[INFO ] 2025-10-07 16:24:28.529 [main] TPTrac - Entered user contact
[INFO ] 2025-10-07 16:24:34.888 [main] TPTrac - Role selected
[INFO ] 2025-10-07 16:24:37.017 [main] TPTrac - Clicked on Add Button
[INFO ] 2025-10-07 16:24:37.063 [main] TPTrac - Search user field is clickable
[INFO ] 2025-10-07 16:24:37.148 [main] TPTrac - Sent keys to search user using JavaScript
[INFO ] 2025-10-07 16:24:38.454 [main] TPTrac - Verified Actual user successfully
[INFO ] 2025-10-07 16:24:38.454 [main] TPTrac - Start AD Auditor User Update validation
[INFO ] 2025-10-07 16:24:41.820 [main] TPTrac - User tab selected
[INFO ] 2025-10-07 16:24:44.263 [main] TPTrac - User selected to update the data
[INFO ] 2025-10-07 16:24:48.507 [main] TPTrac - Phone number cleared
[INFO ] 2025-10-07 16:24:48.847 [main] TPTrac - New phone number entered: 7134568565
[INFO ] 2025-10-07 16:24:49.021 [main] TPTrac - Clicked on Save button
[INFO ] 2025-10-07 16:24:49.031 [main] TPTrac - Start Search User validation
[INFO ] 2025-10-07 16:24:49.212 [main] TPTrac - Get valid data
[INFO ] 2025-10-07 16:24:49.433 [main] TPTrac - Get invalid data
[INFO ] 2025-10-07 16:24:52.547 [main] TPTrac - User tab selected
[INFO ] 2025-10-07 16:25:03.196 [main] TPTrac - Verified search user functionality successfully
[INFO ] 2025-10-07 16:41:44.296 [main] TPTrac - URL opened
[INFO ] 2025-10-07 16:41:53.058 [main] TPTrac - User tab selected
[INFO ] 2025-10-07 16:41:55.274 [main] TPTrac - Add user button clicked
[INFO ] 2025-10-07 16:41:57.649 [main] TPTrac - Clicked on Add Button
[INFO ] 2025-10-07 16:42:06.067 [main] TPTrac - User tab selected
[INFO ] 2025-10-07 16:42:06.205 [main] TPTrac - Add user button clicked
[INFO ] 2025-10-07 16:42:06.628 [main] TPTrac - Get user name data
[INFO ] 2025-10-07 16:42:07.105 [main] TPTrac - Get user contact data
[INFO ] 2025-10-07 16:42:07.536 [main] TPTrac - enter email id
[INFO ] 2025-10-07 16:42:07.887 [main] TPTrac - Get user role data
[INFO ] 2025-10-07 16:42:08.267 [main] TPTrac - Entered User ID
[INFO ] 2025-10-07 16:42:08.457 [main] TPTrac - Entered Email ID
[INFO ] 2025-10-07 16:42:08.612 [main] TPTrac - Entered user contact
[INFO ] 2025-10-07 16:42:15.028 [main] TPTrac - Role selected
[INFO ] 2025-10-07 16:42:17.168 [main] TPTrac - Clicked on Add Button
[INFO ] 2025-10-07 16:42:17.255 [main] TPTrac - Search user field is clickable
[INFO ] 2025-10-07 16:42:17.328 [main] TPTrac - Sent keys to search user using JavaScript
[INFO ] 2025-10-07 16:42:18.724 [main] TPTrac - Verified Actual user successfully
[INFO ] 2025-10-07 16:42:18.730 [main] TPTrac - Start AD Auditor User Update validation
[INFO ] 2025-10-07 16:42:22.419 [main] TPTrac - User tab selected
[INFO ] 2025-10-07 16:42:24.911 [main] TPTrac - User selected to update the data
[INFO ] 2025-10-07 16:42:29.302 [main] TPTrac - Phone number cleared
[INFO ] 2025-10-07 16:42:29.809 [main] TPTrac - New phone number entered: 7134568565
[INFO ] 2025-10-07 16:42:30.140 [main] TPTrac - Clicked on Save button
[INFO ] 2025-10-07 16:42:30.144 [main] TPTrac - Start Search User validation
[INFO ] 2025-10-07 16:42:30.385 [main] TPTrac - Get valid data
[INFO ] 2025-10-07 16:42:30.625 [main] TPTrac - Get invalid data
[INFO ] 2025-10-07 16:42:33.749 [main] TPTrac - User tab selected
[INFO ] 2025-10-07 16:42:44.433 [main] TPTrac - Verified search user functionality successfully
[INFO ] 2025-10-07 16:42:47.577 [main] TPTrac - User tab selected
[INFO ] 2025-10-07 16:42:47.762 [main] TPTrac - Add user button clicked
[INFO ] 2025-10-07 16:42:47.960 [main] TPTrac - Get user name data
[INFO ] 2025-10-07 16:42:48.164 [main] TPTrac - Get user contact data
[INFO ] 2025-10-07 16:42:48.312 [main] TPTrac - enter email id
[INFO ] 2025-10-07 16:42:48.520 [main] TPTrac - Get user role data
[INFO ] 2025-10-07 16:42:48.712 [main] TPTrac - Entered User ID
[INFO ] 2025-10-07 16:42:48.913 [main] TPTrac - Entered Email ID
[INFO ] 2025-10-07 16:42:49.054 [main] TPTrac - Entered user contact
[INFO ] 2025-10-07 16:42:55.502 [main] TPTrac - Role selected
[INFO ] 2025-10-07 16:42:57.642 [main] TPTrac - Clicked on Add Button
[INFO ] 2025-10-07 16:42:57.740 [main] TPTrac - Search user field is clickable
[INFO ] 2025-10-07 16:42:57.823 [main] TPTrac - Sent keys to search user using JavaScript
[INFO ] 2025-10-07 16:43:03.791 [main] TPTrac - Yes button displayed: true
[INFO ] 2025-10-07 16:43:03.813 [main] TPTrac - Yes button enabled: true
[INFO ] 2025-10-07 16:43:14.032 [main] TPTrac - Yes button clicked successfully.
[INFO ] 2025-10-07 16:43:14.243 [main] TPTrac - Get invalid data
[INFO ] 2025-10-07 17:20:48.645 [main] TPTrac - URL opened
[INFO ] 2025-10-07 17:20:57.750 [main] TPTrac - User tab selected
[INFO ] 2025-10-07 17:21:00.144 [main] TPTrac - Add user button clicked
[INFO ] 2025-10-07 17:21:02.497 [main] TPTrac - Clicked on Add Button
[INFO ] 2025-10-07 17:21:10.554 [main] TPTrac - User tab selected
[INFO ] 2025-10-07 17:21:10.791 [main] TPTrac - Add user button clicked
[INFO ] 2025-10-07 17:21:11.184 [main] TPTrac - Get user name data
[INFO ] 2025-10-07 17:21:11.598 [main] TPTrac - Get user contact data
[INFO ] 2025-10-07 17:21:11.949 [main] TPTrac - enter email id
[INFO ] 2025-10-07 17:21:12.411 [main] TPTrac - Get user role data
[INFO ] 2025-10-07 17:21:12.644 [main] TPTrac - Entered User ID
[INFO ] 2025-10-07 17:21:12.874 [main] TPTrac - Entered Email ID
[INFO ] 2025-10-07 17:21:13.025 [main] TPTrac - Entered user contact
[INFO ] 2025-10-07 17:21:19.488 [main] TPTrac - Role selected
[INFO ] 2025-10-07 17:21:21.685 [main] TPTrac - Clicked on Add Button
[INFO ] 2025-10-07 17:21:21.788 [main] TPTrac - Search user field is clickable
[INFO ] 2025-10-07 17:21:21.902 [main] TPTrac - Sent keys to search user using JavaScript
[INFO ] 2025-10-07 17:21:23.059 [main] TPTrac - Verified Actual user successfully
[INFO ] 2025-10-07 17:21:23.070 [main] TPTrac - Start AD Auditor User Update validation
[INFO ] 2025-10-07 17:21:26.680 [main] TPTrac - User tab selected
[INFO ] 2025-10-07 17:21:29.134 [main] TPTrac - User selected to update the data
[INFO ] 2025-10-07 17:21:33.552 [main] TPTrac - Phone number cleared
[INFO ] 2025-10-07 17:21:34.124 [main] TPTrac - New phone number entered: 7134568565
[INFO ] 2025-10-07 17:21:34.356 [main] TPTrac - Clicked on Save button
[INFO ] 2025-10-07 17:21:34.366 [main] TPTrac - Start Search User validation
[INFO ] 2025-10-07 17:21:34.664 [main] TPTrac - Get valid data
[INFO ] 2025-10-07 17:21:34.950 [main] TPTrac - Get invalid data
[INFO ] 2025-10-07 17:21:38.067 [main] TPTrac - User tab selected
[INFO ] 2025-10-07 17:21:48.757 [main] TPTrac - Verified search user functionality successfully
[INFO ] 2025-10-07 17:21:51.877 [main] TPTrac - User tab selected
[INFO ] 2025-10-07 17:21:52.073 [main] TPTrac - Add user button clicked
[INFO ] 2025-10-07 17:21:52.303 [main] TPTrac - Get user name data
[INFO ] 2025-10-07 17:21:52.527 [main] TPTrac - Get user contact data
[INFO ] 2025-10-07 17:21:52.717 [main] TPTrac - enter email id
[INFO ] 2025-10-07 17:21:52.885 [main] TPTrac - Get user role data
[INFO ] 2025-10-07 17:21:53.126 [main] TPTrac - Entered User ID
[INFO ] 2025-10-07 17:21:53.332 [main] TPTrac - Entered Email ID
[INFO ] 2025-10-07 17:21:53.489 [main] TPTrac - Entered user contact
[INFO ] 2025-10-07 17:21:59.922 [main] TPTrac - Role selected
[INFO ] 2025-10-07 17:22:02.069 [main] TPTrac - Clicked on Add Button
[INFO ] 2025-10-07 17:22:02.136 [main] TPTrac - Search user field is clickable
[INFO ] 2025-10-07 17:22:02.226 [main] TPTrac - Sent keys to search user using JavaScript
[INFO ] 2025-10-07 17:22:08.553 [main] TPTrac - Yes button displayed: true
[INFO ] 2025-10-07 17:22:08.586 [main] TPTrac - Yes button enabled: true
[INFO ] 2025-10-07 17:22:18.759 [main] TPTrac - Yes button clicked successfully.
[INFO ] 2025-10-07 17:22:18.938 [main] TPTrac - Get invalid data
[INFO ] 2025-10-07 17:22:23.065 [main] TPTrac - User tab selected
[INFO ] 2025-10-07 17:22:23.208 [main] TPTrac - Get user name data
[INFO ] 2025-10-07 17:28:56.919 [main] TPTrac - URL opened
[INFO ] 2025-10-07 17:29:06.003 [main] TPTrac - User tab selected
[INFO ] 2025-10-07 17:29:08.197 [main] TPTrac - Add user button clicked
[INFO ] 2025-10-07 17:29:10.488 [main] TPTrac - Clicked on Add Button
[INFO ] 2025-10-07 17:29:18.928 [main] TPTrac - User tab selected
[INFO ] 2025-10-07 17:29:19.091 [main] TPTrac - Add user button clicked
[INFO ] 2025-10-07 17:29:19.505 [main] TPTrac - Get user name data
[INFO ] 2025-10-07 17:29:19.940 [main] TPTrac - Get user contact data
[INFO ] 2025-10-07 17:29:20.220 [main] TPTrac - enter email id
[INFO ] 2025-10-07 17:29:20.541 [main] TPTrac - Get user role data
[INFO ] 2025-10-07 17:29:20.850 [main] TPTrac - Entered User ID
[INFO ] 2025-10-07 17:29:21.050 [main] TPTrac - Entered Email ID
[INFO ] 2025-10-07 17:29:21.219 [main] TPTrac - Entered user contact
[INFO ] 2025-10-07 17:29:27.670 [main] TPTrac - Role selected
[INFO ] 2025-10-07 17:29:29.824 [main] TPTrac - Clicked on Add Button
[INFO ] 2025-10-07 17:29:29.900 [main] TPTrac - Search user field is clickable
[INFO ] 2025-10-07 17:29:29.986 [main] TPTrac - Sent keys to search user using JavaScript
[INFO ] 2025-10-07 17:29:31.297 [main] TPTrac - Verified Actual user successfully
[INFO ] 2025-10-07 17:29:31.303 [main] TPTrac - Start AD Auditor User Update validation
[INFO ] 2025-10-07 17:29:34.922 [main] TPTrac - User tab selected
[INFO ] 2025-10-07 17:29:37.336 [main] TPTrac - User selected to update the data
[INFO ] 2025-10-07 17:29:41.731 [main] TPTrac - Phone number cleared
[INFO ] 2025-10-07 17:29:42.072 [main] TPTrac - New phone number entered: 7134568565
[INFO ] 2025-10-07 17:29:42.301 [main] TPTrac - Clicked on Save button
[INFO ] 2025-10-07 17:29:42.308 [main] TPTrac - Start Search User validation
[INFO ] 2025-10-07 17:29:42.500 [main] TPTrac - Get valid data
[INFO ] 2025-10-07 17:29:42.836 [main] TPTrac - Get invalid data
[INFO ] 2025-10-07 17:29:45.973 [main] TPTrac - User tab selected
[INFO ] 2025-10-07 17:29:56.584 [main] TPTrac - Verified search user functionality successfully
[INFO ] 2025-10-07 17:29:59.712 [main] TPTrac - User tab selected
[INFO ] 2025-10-07 17:29:59.904 [main] TPTrac - Add user button clicked
[INFO ] 2025-10-07 17:30:00.106 [main] TPTrac - Get user name data
[INFO ] 2025-10-07 17:30:00.342 [main] TPTrac - Get user contact data
[INFO ] 2025-10-07 17:30:00.534 [main] TPTrac - enter email id
[INFO ] 2025-10-07 17:30:00.857 [main] TPTrac - Get user role data
[INFO ] 2025-10-07 17:30:01.056 [main] TPTrac - Entered User ID
[INFO ] 2025-10-07 17:30:01.200 [main] TPTrac - Entered Email ID
[INFO ] 2025-10-07 17:30:01.350 [main] TPTrac - Entered user contact
[INFO ] 2025-10-07 17:30:07.803 [main] TPTrac - Role selected
[INFO ] 2025-10-07 17:30:10.000 [main] TPTrac - Clicked on Add Button
[INFO ] 2025-10-07 17:30:10.083 [main] TPTrac - Search user field is clickable
[INFO ] 2025-10-07 17:30:10.186 [main] TPTrac - Sent keys to search user using JavaScript
[INFO ] 2025-10-07 17:30:16.436 [main] TPTrac - Yes button displayed: true
[INFO ] 2025-10-07 17:30:16.467 [main] TPTrac - Yes button enabled: true
[INFO ] 2025-10-07 17:30:26.656 [main] TPTrac - Yes button clicked successfully.
[INFO ] 2025-10-07 17:30:26.869 [main] TPTrac - Get invalid data
[INFO ] 2025-10-07 17:30:30.906 [main] TPTrac - User tab selected
[INFO ] 2025-10-07 17:30:31.062 [main] TPTrac - Get user name data
[INFO ] 2025-10-07 17:37:31.011 [main] TPTrac - URL opened
[INFO ] 2025-10-07 17:37:39.916 [main] TPTrac - User tab selected
[INFO ] 2025-10-07 17:37:42.131 [main] TPTrac - Add user button clicked
[INFO ] 2025-10-07 17:37:44.387 [main] TPTrac - Clicked on Add Button
[INFO ] 2025-10-07 17:37:52.201 [main] TPTrac - User tab selected
[INFO ] 2025-10-07 17:37:52.351 [main] TPTrac - Add user button clicked
[INFO ] 2025-10-07 17:37:52.858 [main] TPTrac - Get user name data
[INFO ] 2025-10-07 17:37:53.324 [main] TPTrac - Get user contact data
[INFO ] 2025-10-07 17:37:53.642 [main] TPTrac - enter email id
[INFO ] 2025-10-07 17:37:54.170 [main] TPTrac - Get user role data
[INFO ] 2025-10-07 17:37:54.383 [main] TPTrac - Entered User ID
[INFO ] 2025-10-07 17:37:54.582 [main] TPTrac - Entered Email ID
[INFO ] 2025-10-07 17:37:54.741 [main] TPTrac - Entered user contact
[INFO ] 2025-10-07 17:38:01.116 [main] TPTrac - Role selected
[INFO ] 2025-10-07 17:38:03.220 [main] TPTrac - Clicked on Add Button
[INFO ] 2025-10-07 17:38:03.299 [main] TPTrac - Search user field is clickable
[INFO ] 2025-10-07 17:38:03.365 [main] TPTrac - Sent keys to search user using JavaScript
[INFO ] 2025-10-07 17:38:04.370 [main] TPTrac - Verified Actual user successfully
[INFO ] 2025-10-07 17:38:04.370 [main] TPTrac - Start AD Auditor User Update validation
[INFO ] 2025-10-07 17:38:07.951 [main] TPTrac - User tab selected
[INFO ] 2025-10-07 17:38:10.386 [main] TPTrac - User selected to update the data
[INFO ] 2025-10-07 17:38:14.818 [main] TPTrac - Phone number cleared
[INFO ] 2025-10-07 17:38:15.213 [main] TPTrac - New phone number entered: 7134568565
[INFO ] 2025-10-07 17:38:15.448 [main] TPTrac - Clicked on Save button
[INFO ] 2025-10-07 17:38:15.455 [main] TPTrac - Start Search User validation
[INFO ] 2025-10-07 17:38:15.702 [main] TPTrac - Get valid data
[INFO ] 2025-10-07 17:38:15.887 [main] TPTrac - Get invalid data
[INFO ] 2025-10-07 17:38:18.996 [main] TPTrac - User tab selected
[INFO ] 2025-10-07 17:38:29.605 [main] TPTrac - Verified search user functionality successfully
[INFO ] 2025-10-07 17:38:32.739 [main] TPTrac - User tab selected
[INFO ] 2025-10-07 17:38:32.981 [main] TPTrac - Add user button clicked
[INFO ] 2025-10-07 17:38:33.149 [main] TPTrac - Fetched test data from Excel
[INFO ] 2025-10-07 17:38:33.353 [main] TPTrac - Entered User ID: mo_bank_14@secureyesdev.com
[INFO ] 2025-10-07 17:38:33.501 [main] TPTrac - Entered Email ID: suresh@gmail.com
[INFO ] 2025-10-07 17:38:33.646 [main] TPTrac - Entered Contact No: 9911223311
[INFO ] 2025-10-07 17:38:34.059 [main] TPTrac - User role selected: Vendor Admin
[INFO ] 2025-10-07 17:41:04.839 [main] TPTrac - URL opened
[INFO ] 2025-10-07 17:41:13.617 [main] TPTrac - User tab selected
[INFO ] 2025-10-07 17:41:15.913 [main] TPTrac - Add user button clicked
[INFO ] 2025-10-07 17:41:18.195 [main] TPTrac - Clicked on Add Button
[INFO ] 2025-10-07 17:41:26.424 [main] TPTrac - User tab selected
[INFO ] 2025-10-07 17:41:26.689 [main] TPTrac - Add user button clicked
[INFO ] 2025-10-07 17:41:27.030 [main] TPTrac - Get user name data
[INFO ] 2025-10-07 17:41:27.275 [main] TPTrac - Get user contact data
[INFO ] 2025-10-07 17:41:27.672 [main] TPTrac - enter email id
[INFO ] 2025-10-07 17:41:27.942 [main] TPTrac - Get user role data
[INFO ] 2025-10-07 17:41:28.160 [main] TPTrac - Entered User ID
[INFO ] 2025-10-07 17:41:28.332 [main] TPTrac - Entered Email ID
[INFO ] 2025-10-07 17:41:28.487 [main] TPTrac - Entered user contact
[INFO ] 2025-10-07 17:41:34.880 [main] TPTrac - Role selected
[INFO ] 2025-10-07 17:41:37.058 [main] TPTrac - Clicked on Add Button
[INFO ] 2025-10-07 17:41:37.132 [main] TPTrac - Search user field is clickable
[INFO ] 2025-10-07 17:41:37.198 [main] TPTrac - Sent keys to search user using JavaScript
[INFO ] 2025-10-07 17:41:38.538 [main] TPTrac - Verified Actual user successfully
[INFO ] 2025-10-07 17:41:38.554 [main] TPTrac - Start AD Auditor User Update validation
[INFO ] 2025-10-07 17:41:42.012 [main] TPTrac - User tab selected
[INFO ] 2025-10-07 17:41:44.459 [main] TPTrac - User selected to update the data
[INFO ] 2025-10-07 17:41:48.773 [main] TPTrac - Phone number cleared
[INFO ] 2025-10-07 17:41:49.413 [main] TPTrac - New phone number entered: 7134568565
[INFO ] 2025-10-07 17:41:49.620 [main] TPTrac - Clicked on Save button
[INFO ] 2025-10-07 17:41:49.627 [main] TPTrac - Start Search User validation
[INFO ] 2025-10-07 17:41:49.824 [main] TPTrac - Get valid data
[INFO ] 2025-10-07 17:41:50.095 [main] TPTrac - Get invalid data
[INFO ] 2025-10-07 17:41:53.219 [main] TPTrac - User tab selected
[INFO ] 2025-10-07 17:42:03.888 [main] TPTrac - Verified search user functionality successfully
[INFO ] 2025-10-07 17:42:06.995 [main] TPTrac - User tab selected
[INFO ] 2025-10-07 17:42:07.203 [main] TPTrac - Add user button clicked
[INFO ] 2025-10-07 17:42:08.090 [main] TPTrac - Fetched test data from Excel
[INFO ] 2025-10-07 17:42:08.306 [main] TPTrac - Entered User ID: mo_bank_14@secureyesdev.com
[INFO ] 2025-10-07 17:42:10.429 [main] TPTrac - Entered Email ID: suresh@gmail.com
[INFO ] 2025-10-07 17:42:10.614 [main] TPTrac - Entered Contact No: 9911223311
[INFO ] 2025-10-07 17:42:11.050 [main] TPTrac - User role selected: Vendor Admin
[INFO ] 2025-10-07 17:44:35.773 [main] TPTrac - URL opened
[INFO ] 2025-10-07 17:44:44.843 [main] TPTrac - User tab selected
[INFO ] 2025-10-07 17:44:47.066 [main] TPTrac - Add user button clicked
[INFO ] 2025-10-07 17:44:49.367 [main] TPTrac - Clicked on Add Button
[INFO ] 2025-10-07 17:44:57.299 [main] TPTrac - User tab selected
[INFO ] 2025-10-07 17:44:57.469 [main] TPTrac - Add user button clicked
[INFO ] 2025-10-07 17:44:57.879 [main] TPTrac - Get user name data
[INFO ] 2025-10-07 17:44:58.297 [main] TPTrac - Get user contact data
[INFO ] 2025-10-07 17:44:59.020 [main] TPTrac - enter email id
[INFO ] 2025-10-07 17:44:59.526 [main] TPTrac - Get user role data
[INFO ] 2025-10-07 17:44:59.904 [main] TPTrac - Entered User ID
[INFO ] 2025-10-07 17:45:00.130 [main] TPTrac - Entered Email ID
[INFO ] 2025-10-07 17:45:00.299 [main] TPTrac - Entered user contact
[INFO ] 2025-10-07 17:45:06.729 [main] TPTrac - Role selected
[INFO ] 2025-10-07 17:45:08.907 [main] TPTrac - Clicked on Add Button
[INFO ] 2025-10-07 17:45:09.028 [main] TPTrac - Search user field is clickable
[INFO ] 2025-10-07 17:45:09.134 [main] TPTrac - Sent keys to search user using JavaScript
[INFO ] 2025-10-07 17:45:10.273 [main] TPTrac - Verified Actual user successfully
[INFO ] 2025-10-07 17:45:10.289 [main] TPTrac - Start AD Auditor User Update validation
[INFO ] 2025-10-07 17:45:13.876 [main] TPTrac - User tab selected
[INFO ] 2025-10-07 17:45:16.365 [main] TPTrac - User selected to update the data
[INFO ] 2025-10-07 17:45:20.783 [main] TPTrac - Phone number cleared
[INFO ] 2025-10-07 17:45:21.237 [main] TPTrac - New phone number entered: 7134568565
[INFO ] 2025-10-07 17:45:21.474 [main] TPTrac - Clicked on Save button
[INFO ] 2025-10-07 17:45:21.483 [main] TPTrac - Start Search User validation
[INFO ] 2025-10-07 17:45:21.678 [main] TPTrac - Get valid data
[INFO ] 2025-10-07 17:45:21.862 [main] TPTrac - Get invalid data
[INFO ] 2025-10-07 17:45:25.004 [main] TPTrac - User tab selected
[INFO ] 2025-10-07 17:45:35.643 [main] TPTrac - Verified search user functionality successfully
[INFO ] 2025-10-07 17:45:38.744 [main] TPTrac - User tab selected
[INFO ] 2025-10-07 17:45:38.984 [main] TPTrac - Add user button clicked
[INFO ] 2025-10-07 17:45:39.701 [main] TPTrac - Fetched test data from Excel
[INFO ] 2025-10-07 17:45:39.901 [main] TPTrac - Entered User ID: mo_bank_14@secureyesdev.com
[INFO ] 2025-10-07 17:45:42.059 [main] TPTrac - Entered Email ID: suresh@gmail.com
[INFO ] 2025-10-07 17:45:42.205 [main] TPTrac - Entered Contact No: 9911223311
[INFO ] 2025-10-07 17:45:46.599 [main] TPTrac - Role selected
[INFO ] 2025-10-07 17:45:46.749 [main] TPTrac - Clicked on Add Button
[INFO ] 2025-10-07 17:46:56.909 [main] TPTrac - URL opened
[INFO ] 2025-10-07 17:47:05.992 [main] TPTrac - User tab selected
[INFO ] 2025-10-07 17:47:08.218 [main] TPTrac - Add user button clicked
[INFO ] 2025-10-07 17:47:10.527 [main] TPTrac - Clicked on Add Button
[INFO ] 2025-10-07 17:47:19.171 [main] TPTrac - User tab selected
[INFO ] 2025-10-07 17:47:19.342 [main] TPTrac - Add user button clicked
[INFO ] 2025-10-07 17:47:19.801 [main] TPTrac - Get user name data
[INFO ] 2025-10-07 17:47:20.290 [main] TPTrac - Get user contact data
[INFO ] 2025-10-07 17:47:20.642 [main] TPTrac - enter email id
[INFO ] 2025-10-07 17:47:21.121 [main] TPTrac - Get user role data
[INFO ] 2025-10-07 17:47:21.317 [main] TPTrac - Entered User ID
[INFO ] 2025-10-07 17:47:21.494 [main] TPTrac - Entered Email ID
[INFO ] 2025-10-07 17:47:21.666 [main] TPTrac - Entered user contact
[INFO ] 2025-10-07 17:47:28.094 [main] TPTrac - Role selected
[INFO ] 2025-10-07 17:47:30.300 [main] TPTrac - Clicked on Add Button
[INFO ] 2025-10-07 17:47:30.412 [main] TPTrac - Search user field is clickable
[INFO ] 2025-10-07 17:47:30.512 [main] TPTrac - Sent keys to search user using JavaScript
[INFO ] 2025-10-07 17:47:31.363 [main] TPTrac - Verified Actual user successfully
[INFO ] 2025-10-07 17:47:31.369 [main] TPTrac - Start AD Auditor User Update validation
[INFO ] 2025-10-07 17:47:34.968 [main] TPTrac - User tab selected
[INFO ] 2025-10-07 17:47:37.357 [main] TPTrac - User selected to update the data
[INFO ] 2025-10-07 17:47:41.782 [main] TPTrac - Phone number cleared
[INFO ] 2025-10-07 17:47:42.379 [main] TPTrac - New phone number entered: 7134568565
[INFO ] 2025-10-07 17:47:42.620 [main] TPTrac - Clicked on Save button
[INFO ] 2025-10-07 17:47:42.631 [main] TPTrac - Start Search User validation
[INFO ] 2025-10-07 17:47:42.794 [main] TPTrac - Get valid data
[INFO ] 2025-10-07 17:47:42.987 [main] TPTrac - Get invalid data
[INFO ] 2025-10-07 17:47:46.103 [main] TPTrac - User tab selected
[INFO ] 2025-10-07 17:47:56.757 [main] TPTrac - Verified search user functionality successfully
[INFO ] 2025-10-07 17:47:59.858 [main] TPTrac - User tab selected
[INFO ] 2025-10-07 17:48:00.133 [main] TPTrac - Add user button clicked
[INFO ] 2025-10-07 17:48:00.946 [main] TPTrac - Fetched test data from Excel
[INFO ] 2025-10-07 17:48:01.145 [main] TPTrac - Entered User ID: mo_bank_14@secureyesdev.com
[INFO ] 2025-10-07 17:48:03.323 [main] TPTrac - Entered Email ID: suresh@gmail.com
[INFO ] 2025-10-07 17:48:03.491 [main] TPTrac - Entered Contact No: 9911223311
[INFO ] 2025-10-07 17:48:07.985 [main] TPTrac - Role selected
[INFO ] 2025-10-07 17:48:10.184 [main] TPTrac - Clicked on Add Button
[INFO ] 2025-10-07 17:48:13.913 [main] TPTrac - User tab selected
[INFO ] 2025-10-07 17:48:14.111 [main] TPTrac - Get user name data
[INFO ] 2025-10-07 17:50:33.706 [main] TPTrac - URL opened
[INFO ] 2025-10-07 17:50:42.876 [main] TPTrac - User tab selected
[INFO ] 2025-10-07 17:50:45.113 [main] TPTrac - Add user button clicked
[INFO ] 2025-10-07 17:50:47.428 [main] TPTrac - Clicked on Add Button
[INFO ] 2025-10-07 17:50:56.096 [main] TPTrac - User tab selected
[INFO ] 2025-10-07 17:50:56.306 [main] TPTrac - Add user button clicked
[INFO ] 2025-10-07 17:50:56.661 [main] TPTrac - Get user name data
[INFO ] 2025-10-07 17:50:57.206 [main] TPTrac - Get user contact data
[INFO ] 2025-10-07 17:50:57.526 [main] TPTrac - enter email id
[INFO ] 2025-10-07 17:50:57.828 [main] TPTrac - Get user role data
[INFO ] 2025-10-07 17:50:58.023 [main] TPTrac - Entered User ID
[INFO ] 2025-10-07 17:50:58.226 [main] TPTrac - Entered Email ID
[INFO ] 2025-10-07 17:50:58.389 [main] TPTrac - Entered user contact
[INFO ] 2025-10-07 17:51:04.884 [main] TPTrac - Role selected
[INFO ] 2025-10-07 17:51:07.057 [main] TPTrac - Clicked on Add Button
[INFO ] 2025-10-07 17:51:07.170 [main] TPTrac - Search user field is clickable
[INFO ] 2025-10-07 17:51:07.276 [main] TPTrac - Sent keys to search user using JavaScript
[INFO ] 2025-10-07 17:51:08.600 [main] TPTrac - Verified Actual user successfully
[INFO ] 2025-10-07 17:51:08.611 [main] TPTrac - Start AD Auditor User Update validation
[INFO ] 2025-10-07 17:51:12.383 [main] TPTrac - User tab selected
[INFO ] 2025-10-07 17:51:14.859 [main] TPTrac - User selected to update the data
[INFO ] 2025-10-07 17:51:19.288 [main] TPTrac - Phone number cleared
[INFO ] 2025-10-07 17:51:19.696 [main] TPTrac - New phone number entered: 7134568565
[INFO ] 2025-10-07 17:51:19.905 [main] TPTrac - Clicked on Save button
[INFO ] 2025-10-07 17:51:19.912 [main] TPTrac - Start Search User validation
[INFO ] 2025-10-07 17:51:20.101 [main] TPTrac - Get valid data
[INFO ] 2025-10-07 17:51:20.222 [main] TPTrac - Get invalid data
[INFO ] 2025-10-07 17:51:23.332 [main] TPTrac - User tab selected
[INFO ] 2025-10-07 17:51:33.979 [main] TPTrac - Verified search user functionality successfully
[INFO ] 2025-10-07 17:51:37.100 [main] TPTrac - User tab selected
[INFO ] 2025-10-07 17:51:37.348 [main] TPTrac - Add user button clicked
[INFO ] 2025-10-07 17:51:38.104 [main] TPTrac - Fetched test data from Excel
[INFO ] 2025-10-07 17:51:38.233 [main] TPTrac - Entered User ID: mo_bank_14@secureyesdev.com
[INFO ] 2025-10-07 17:51:40.363 [main] TPTrac - Entered Email ID: suresh@gmail.com
[INFO ] 2025-10-07 17:51:40.530 [main] TPTrac - Entered Contact No: 9911223311
[INFO ] 2025-10-07 17:51:44.994 [main] TPTrac - Role selected
[INFO ] 2025-10-07 17:51:47.192 [main] TPTrac - Clicked on Add Button
[INFO ] 2025-10-07 17:51:49.493 [main] TPTrac - Searching for user: mo_bank_14@secureyesdev.com
[INFO ] 2025-10-07 17:51:54.054 [main] TPTrac - User tab selected
[INFO ] 2025-10-07 17:51:54.194 [main] TPTrac - Get user name data
[INFO ] 2025-10-07 17:54:58.521 [main] TPTrac - URL opened
[INFO ] 2025-10-07 17:55:07.022 [main] TPTrac - User tab selected
[INFO ] 2025-10-07 17:55:09.258 [main] TPTrac - Add user button clicked
[INFO ] 2025-10-07 17:55:11.530 [main] TPTrac - Clicked on Add Button
[INFO ] 2025-10-07 17:55:19.964 [main] TPTrac - User tab selected
[INFO ] 2025-10-07 17:55:20.137 [main] TPTrac - Add user button clicked
[INFO ] 2025-10-07 17:55:20.546 [main] TPTrac - Get user name data
[INFO ] 2025-10-07 17:55:20.906 [main] TPTrac - Get user contact data
[INFO ] 2025-10-07 17:55:21.417 [main] TPTrac - enter email id
[INFO ] 2025-10-07 17:55:21.896 [main] TPTrac - Get user role data
[INFO ] 2025-10-07 17:55:22.153 [main] TPTrac - Entered User ID
[INFO ] 2025-10-07 17:55:22.324 [main] TPTrac - Entered Email ID
[INFO ] 2025-10-07 17:55:22.499 [main] TPTrac - Entered user contact
[INFO ] 2025-10-07 17:55:28.874 [main] TPTrac - Role selected
[INFO ] 2025-10-07 17:55:31.021 [main] TPTrac - Clicked on Add Button
[INFO ] 2025-10-07 17:55:31.105 [main] TPTrac - Search user field is clickable
[INFO ] 2025-10-07 17:55:31.176 [main] TPTrac - Sent keys to search user using JavaScript
[INFO ] 2025-10-07 17:55:32.708 [main] TPTrac - Verified Actual user successfully
[INFO ] 2025-10-07 17:55:32.730 [main] TPTrac - Start AD Auditor User Update validation
[INFO ] 2025-10-07 17:55:36.443 [main] TPTrac - User tab selected
[INFO ] 2025-10-07 17:55:38.940 [main] TPTrac - User selected to update the data
[INFO ] 2025-10-07 17:55:43.379 [main] TPTrac - Phone number cleared
[INFO ] 2025-10-07 17:55:43.742 [main] TPTrac - New phone number entered: 7134568565
[INFO ] 2025-10-07 17:55:43.977 [main] TPTrac - Clicked on Save button
[INFO ] 2025-10-07 17:55:43.977 [main] TPTrac - Start Search User validation
[INFO ] 2025-10-07 17:55:44.165 [main] TPTrac - Get valid data
[INFO ] 2025-10-07 17:55:44.334 [main] TPTrac - Get invalid data
[INFO ] 2025-10-07 17:55:47.447 [main] TPTrac - User tab selected
[INFO ] 2025-10-07 17:55:58.053 [main] TPTrac - Verified search user functionality successfully
[INFO ] 2025-10-07 17:56:01.203 [main] TPTrac - User tab selected
[INFO ] 2025-10-07 17:56:01.453 [main] TPTrac - Add user button clicked
[INFO ] 2025-10-07 17:56:02.211 [main] TPTrac - Fetched test data from Excel
[INFO ] 2025-10-07 17:56:02.410 [main] TPTrac - Entered User ID: mo_bank_14@secureyesdev.com
[INFO ] 2025-10-07 17:56:04.552 [main] TPTrac - Entered Email ID: suresh@gmail.com
[INFO ] 2025-10-07 17:56:04.716 [main] TPTrac - Entered Contact No: 9911223311
[INFO ] 2025-10-07 17:56:09.251 [main] TPTrac - Role selected
[INFO ] 2025-10-07 17:56:11.451 [main] TPTrac - Clicked on Add Button
[INFO ] 2025-10-07 17:56:13.735 [main] TPTrac - Searching for user: mo_bank_14@secureyesdev.com
[INFO ] 2025-10-07 17:56:18.260 [main] TPTrac - User tab selected
[INFO ] 2025-10-07 17:56:18.407 [main] TPTrac - Get user name data
[INFO ] 2025-10-07 17:57:56.675 [main] TPTrac - URL opened
[INFO ] 2025-10-07 17:58:05.862 [main] TPTrac - User tab selected
[INFO ] 2025-10-07 17:58:08.136 [main] TPTrac - Add user button clicked
[INFO ] 2025-10-07 17:58:10.460 [main] TPTrac - Clicked on Add Button
[INFO ] 2025-10-07 17:58:18.650 [main] TPTrac - User tab selected
[INFO ] 2025-10-07 17:58:18.823 [main] TPTrac - Add user button clicked
[INFO ] 2025-10-07 17:58:19.227 [main] TPTrac - Get user name data
[INFO ] 2025-10-07 17:58:19.571 [main] TPTrac - Get user contact data
[INFO ] 2025-10-07 17:58:19.874 [main] TPTrac - enter email id
[INFO ] 2025-10-07 17:58:20.117 [main] TPTrac - Get user role data
[INFO ] 2025-10-07 17:58:20.523 [main] TPTrac - Entered User ID
[INFO ] 2025-10-07 17:58:20.717 [main] TPTrac - Entered Email ID
[INFO ] 2025-10-07 17:58:20.877 [main] TPTrac - Entered user contact
[INFO ] 2025-10-07 17:58:27.348 [main] TPTrac - Role selected
[INFO ] 2025-10-07 17:58:29.526 [main] TPTrac - Clicked on Add Button
[INFO ] 2025-10-07 17:58:29.590 [main] TPTrac - Search user field is clickable
[INFO ] 2025-10-07 17:58:29.641 [main] TPTrac - Sent keys to search user using JavaScript
[INFO ] 2025-10-07 17:58:31.049 [main] TPTrac - Verified Actual user successfully
[INFO ] 2025-10-07 17:58:31.065 [main] TPTrac - Start AD Auditor User Update validation
[INFO ] 2025-10-07 17:58:34.573 [main] TPTrac - User tab selected
[INFO ] 2025-10-07 17:58:36.977 [main] TPTrac - User selected to update the data
[INFO ] 2025-10-07 17:58:41.297 [main] TPTrac - Phone number cleared
[INFO ] 2025-10-07 17:58:41.634 [main] TPTrac - New phone number entered: 7134568565
[INFO ] 2025-10-07 17:58:41.858 [main] TPTrac - Clicked on Save button
[INFO ] 2025-10-07 17:58:41.867 [main] TPTrac - Start Search User validation
[INFO ] 2025-10-07 17:58:42.052 [main] TPTrac - Get valid data
[INFO ] 2025-10-07 17:58:42.277 [main] TPTrac - Get invalid data
[INFO ] 2025-10-07 17:58:45.402 [main] TPTrac - User tab selected
[INFO ] 2025-10-07 17:58:56.025 [main] TPTrac - Verified search user functionality successfully
[INFO ] 2025-10-07 17:58:59.166 [main] TPTrac - User tab selected
[INFO ] 2025-10-07 17:58:59.375 [main] TPTrac - Add user button clicked
[INFO ] 2025-10-07 17:59:00.208 [main] TPTrac - Fetched test data from Excel
[INFO ] 2025-10-07 17:59:00.592 [main] TPTrac - Entered User ID: mo_bank_14@secureyesdev.com
[INFO ] 2025-10-07 17:59:02.792 [main] TPTrac - Entered Email ID: suresh@gmail.com
[INFO ] 2025-10-07 17:59:02.989 [main] TPTrac - Entered Contact No: 9911223311
[INFO ] 2025-10-07 17:59:07.546 [main] TPTrac - Role selected
[INFO ] 2025-10-07 17:59:09.748 [main] TPTrac - Clicked on Add Button
[INFO ] 2025-10-07 17:59:11.960 [main] TPTrac - Searching for user: mo_bank_14@secureyesdev.com
[INFO ] 2025-10-07 17:59:21.380 [main] TPTrac - Clicked 'Yes' to confirm deactivation.
[INFO ] 2025-10-07 17:59:21.677 [main] TPTrac - Verifying deactivation for user: mo_bank_14@secureyesdev.com
[ERROR] 2025-10-07 17:59:23.701 [main] TPTrac - User still appears in the list after deactivation.
[INFO ] 2025-10-07 17:59:26.998 [main] TPTrac - User tab selected
[INFO ] 2025-10-07 17:59:27.195 [main] TPTrac - Get user name data
[INFO ] 2025-10-07 18:08:46.070 [main] TPTrac - URL opened
[INFO ] 2025-10-07 18:08:55.341 [main] TPTrac - User tab selected
[INFO ] 2025-10-07 18:08:57.579 [main] TPTrac - Add user button clicked
[INFO ] 2025-10-07 18:08:59.894 [main] TPTrac - Clicked on Add Button
[INFO ] 2025-10-07 18:09:08.381 [main] TPTrac - User tab selected
[INFO ] 2025-10-07 18:09:08.529 [main] TPTrac - Add user button clicked
[INFO ] 2025-10-07 18:09:08.972 [main] TPTrac - Get user name data
[INFO ] 2025-10-07 18:09:09.454 [main] TPTrac - Get user contact data
[INFO ] 2025-10-07 18:09:09.867 [main] TPTrac - enter email id
[INFO ] 2025-10-07 18:09:10.233 [main] TPTrac - Get user role data
[INFO ] 2025-10-07 18:09:10.421 [main] TPTrac - Entered User ID
[INFO ] 2025-10-07 18:09:10.620 [main] TPTrac - Entered Email ID
[INFO ] 2025-10-07 18:09:10.801 [main] TPTrac - Entered user contact
[INFO ] 2025-10-07 18:09:17.244 [main] TPTrac - Role selected
[INFO ] 2025-10-07 18:09:19.404 [main] TPTrac - Clicked on Add Button
[INFO ] 2025-10-07 18:09:19.490 [main] TPTrac - Search user field is clickable
[INFO ] 2025-10-07 18:09:19.570 [main] TPTrac - Sent keys to search user using JavaScript
[INFO ] 2025-10-07 18:09:21.021 [main] TPTrac - Verified Actual user successfully
[INFO ] 2025-10-07 18:09:21.021 [main] TPTrac - Start AD Auditor User Update validation
[INFO ] 2025-10-07 18:09:24.667 [main] TPTrac - User tab selected
[INFO ] 2025-10-07 18:09:27.083 [main] TPTrac - User selected to update the data
[INFO ] 2025-10-07 18:09:31.438 [main] TPTrac - Phone number cleared
[INFO ] 2025-10-07 18:09:31.790 [main] TPTrac - New phone number entered: 7134568565
[INFO ] 2025-10-07 18:09:31.999 [main] TPTrac - Clicked on Save button
[INFO ] 2025-10-07 18:09:32.005 [main] TPTrac - Start Search User validation
[INFO ] 2025-10-07 18:09:32.239 [main] TPTrac - Get valid data
[INFO ] 2025-10-07 18:09:32.586 [main] TPTrac - Get invalid data
[INFO ] 2025-10-07 18:09:35.692 [main] TPTrac - User tab selected
[INFO ] 2025-10-07 18:09:46.320 [main] TPTrac - Verified search user functionality successfully
[INFO ] 2025-10-07 18:09:49.437 [main] TPTrac - User tab selected
[INFO ] 2025-10-07 18:09:49.686 [main] TPTrac - Add user button clicked
[INFO ] 2025-10-07 18:09:50.462 [main] TPTrac - Fetched test data from Excel
[INFO ] 2025-10-07 18:09:50.605 [main] TPTrac - Entered User ID: mo_bank_14@secureyesdev.com
[INFO ] 2025-10-07 18:09:52.753 [main] TPTrac - Entered Email ID: suresh@gmail.com
[INFO ] 2025-10-07 18:09:52.910 [main] TPTrac - Entered Contact No: 9911223311
[INFO ] 2025-10-07 18:09:57.412 [main] TPTrac - Role selected
[INFO ] 2025-10-07 18:09:59.582 [main] TPTrac - Clicked on Add Button
[INFO ] 2025-10-07 18:10:01.853 [main] TPTrac - Searching for user: mo_bank_14@secureyesdev.com
[INFO ] 2025-10-07 18:10:11.454 [main] TPTrac - Clicked 'Yes' to confirm deactivation.
[INFO ] 2025-10-07 18:10:11.855 [main] TPTrac - Verifying deactivation for user: mo_bank_14@secureyesdev.com
[ERROR] 2025-10-07 18:10:13.884 [main] TPTrac - User still appears in the list after deactivation.
[INFO ] 2025-10-07 18:10:17.174 [main] TPTrac - User tab selected
[INFO ] 2025-10-07 18:10:17.323 [main] TPTrac - Get user name data
[INFO ] 2025-10-07 18:13:11.675 [main] TPTrac - URL opened
[INFO ] 2025-10-07 18:13:20.130 [main] TPTrac - User tab selected
[INFO ] 2025-10-07 18:13:22.363 [main] TPTrac - Add user button clicked
[INFO ] 2025-10-07 18:13:24.671 [main] TPTrac - Clicked on Add Button
[INFO ] 2025-10-07 18:13:32.758 [main] TPTrac - User tab selected
[INFO ] 2025-10-07 18:13:32.938 [main] TPTrac - Add user button clicked
[INFO ] 2025-10-07 18:13:33.304 [main] TPTrac - Get user name data
[INFO ] 2025-10-07 18:13:33.591 [main] TPTrac - Get user contact data
[INFO ] 2025-10-07 18:13:33.991 [main] TPTrac - enter email id
[INFO ] 2025-10-07 18:13:34.293 [main] TPTrac - Get user role data
[INFO ] 2025-10-07 18:13:34.637 [main] TPTrac - Entered User ID
[INFO ] 2025-10-07 18:13:34.840 [main] TPTrac - Entered Email ID
[INFO ] 2025-10-07 18:13:35.018 [main] TPTrac - Entered user contact
[INFO ] 2025-10-07 18:13:41.488 [main] TPTrac - Role selected
[INFO ] 2025-10-07 18:13:43.704 [main] TPTrac - Clicked on Add Button
[INFO ] 2025-10-07 18:13:43.848 [main] TPTrac - Search user field is clickable
[INFO ] 2025-10-07 18:13:43.971 [main] TPTrac - Sent keys to search user using JavaScript
[INFO ] 2025-10-07 18:13:45.055 [main] TPTrac - Verified Actual user successfully
[INFO ] 2025-10-07 18:13:45.065 [main] TPTrac - Start AD Auditor User Update validation
[INFO ] 2025-10-07 18:13:48.647 [main] TPTrac - User tab selected
[INFO ] 2025-10-07 18:13:51.052 [main] TPTrac - User selected to update the data
[INFO ] 2025-10-07 18:13:55.480 [main] TPTrac - Phone number cleared
[INFO ] 2025-10-07 18:13:55.972 [main] TPTrac - New phone number entered: 7134568565
[INFO ] 2025-10-07 18:13:56.236 [main] TPTrac - Clicked on Save button
[INFO ] 2025-10-07 18:13:56.254 [main] TPTrac - Start Search User validation
[INFO ] 2025-10-07 18:13:56.456 [main] TPTrac - Get valid data
[INFO ] 2025-10-07 18:13:56.809 [main] TPTrac - Get invalid data
[INFO ] 2025-10-07 18:13:59.911 [main] TPTrac - User tab selected
[INFO ] 2025-10-07 18:14:10.555 [main] TPTrac - Verified search user functionality successfully
[INFO ] 2025-10-07 18:14:13.701 [main] TPTrac - User tab selected
[INFO ] 2025-10-07 18:14:13.906 [main] TPTrac - Add user button clicked
[INFO ] 2025-10-07 18:14:14.688 [main] TPTrac - Fetched test data from Excel
[INFO ] 2025-10-07 18:14:14.904 [main] TPTrac - Entered User ID: mo_bank_14@secureyesdev.com
[INFO ] 2025-10-07 18:14:17.048 [main] TPTrac - Entered Email ID: suresh@gmail.com
[INFO ] 2025-10-07 18:14:17.203 [main] TPTrac - Entered Contact No: 9911223311
[INFO ] 2025-10-07 18:14:21.709 [main] TPTrac - Role selected
[INFO ] 2025-10-07 18:14:23.884 [main] TPTrac - Clicked on Add Button
[INFO ] 2025-10-07 18:14:26.188 [main] TPTrac - Searching for user: mo_bank_14@secureyesdev.com
[INFO ] 2025-10-07 18:14:35.754 [main] TPTrac - Clicked 'Yes' to confirm deactivation.
[INFO ] 2025-10-07 18:14:36.269 [main] TPTrac - Verifying deactivation for user: mo_bank_14@secureyesdev.com
[ERROR] 2025-10-07 18:14:38.289 [main] TPTrac - User still appears in the list after deactivation.
[INFO ] 2025-10-07 18:14:41.652 [main] TPTrac - User tab selected
[INFO ] 2025-10-07 18:14:41.851 [main] TPTrac - Get user name data
[INFO ] 2025-10-07 18:15:03.164 [main] TPTrac - Get invalid data
[INFO ] 2025-10-07 18:17:20.533 [main] TPTrac - URL opened
[INFO ] 2025-10-07 18:17:28.979 [main] TPTrac - User tab selected
[INFO ] 2025-10-07 18:17:31.211 [main] TPTrac - Add user button clicked
[INFO ] 2025-10-07 18:17:33.587 [main] TPTrac - Clicked on Add Button
[INFO ] 2025-10-07 18:17:42.197 [main] TPTrac - User tab selected
[INFO ] 2025-10-07 18:17:42.335 [main] TPTrac - Add user button clicked
[INFO ] 2025-10-07 18:17:42.702 [main] TPTrac - Get user name data
[INFO ] 2025-10-07 18:17:42.976 [main] TPTrac - Get user contact data
[INFO ] 2025-10-07 18:17:43.249 [main] TPTrac - enter email id
[INFO ] 2025-10-07 18:17:43.585 [main] TPTrac - Get user role data
[INFO ] 2025-10-07 18:17:43.745 [main] TPTrac - Entered User ID
[INFO ] 2025-10-07 18:17:43.934 [main] TPTrac - Entered Email ID
[INFO ] 2025-10-07 18:17:44.072 [main] TPTrac - Entered user contact
[INFO ] 2025-10-07 18:17:50.549 [main] TPTrac - Role selected
[INFO ] 2025-10-07 18:17:52.703 [main] TPTrac - Clicked on Add Button
[INFO ] 2025-10-07 18:17:52.812 [main] TPTrac - Search user field is clickable
[INFO ] 2025-10-07 18:17:52.920 [main] TPTrac - Sent keys to search user using JavaScript
[INFO ] 2025-10-07 18:17:54.162 [main] TPTrac - Verified Actual user successfully
[INFO ] 2025-10-07 18:17:54.178 [main] TPTrac - Start AD Auditor User Update validation
[INFO ] 2025-10-07 18:17:57.823 [main] TPTrac - User tab selected
[INFO ] 2025-10-07 18:18:00.262 [main] TPTrac - User selected to update the data
[INFO ] 2025-10-07 18:18:04.684 [main] TPTrac - Phone number cleared
[INFO ] 2025-10-07 18:18:05.236 [main] TPTrac - New phone number entered: 7134568565
[INFO ] 2025-10-07 18:18:05.433 [main] TPTrac - Clicked on Save button
[INFO ] 2025-10-07 18:18:05.433 [main] TPTrac - Start Search User validation
[INFO ] 2025-10-07 18:18:05.608 [main] TPTrac - Get valid data
[INFO ] 2025-10-07 18:18:05.732 [main] TPTrac - Get invalid data
[INFO ] 2025-10-07 18:18:08.864 [main] TPTrac - User tab selected
[INFO ] 2025-10-07 18:18:19.513 [main] TPTrac - Verified search user functionality successfully
[INFO ] 2025-10-07 18:18:22.658 [main] TPTrac - User tab selected
[INFO ] 2025-10-07 18:18:22.892 [main] TPTrac - Add user button clicked
[INFO ] 2025-10-07 18:18:23.736 [main] TPTrac - Fetched test data from Excel
[INFO ] 2025-10-07 18:18:23.945 [main] TPTrac - Entered User ID: mo_bank_14@secureyesdev.com
[INFO ] 2025-10-07 18:18:26.083 [main] TPTrac - Entered Email ID: suresh@gmail.com
[INFO ] 2025-10-07 18:18:26.233 [main] TPTrac - Entered Contact No: 9911223311
[INFO ] 2025-10-07 18:18:30.747 [main] TPTrac - Role selected
[INFO ] 2025-10-07 18:18:32.907 [main] TPTrac - Clicked on Add Button
[INFO ] 2025-10-07 18:18:35.213 [main] TPTrac - Searching for user: mo_bank_14@secureyesdev.com
[INFO ] 2025-10-07 18:18:44.863 [main] TPTrac - Clicked 'Yes' to confirm deactivation.
[INFO ] 2025-10-07 18:18:45.310 [main] TPTrac - Verifying deactivation for user: mo_bank_14@secureyesdev.com
[ERROR] 2025-10-07 18:18:47.345 [main] TPTrac - User still appears in the list after deactivation.
[INFO ] 2025-10-07 18:18:50.670 [main] TPTrac - User tab selected
[INFO ] 2025-10-07 18:18:50.883 [main] TPTrac - Get user name data
[INFO ] 2025-10-07 18:19:12.072 [main] TPTrac - Get invalid data
[INFO ] 2025-10-07 18:21:09.070 [main] TPTrac - URL opened
[INFO ] 2025-10-07 18:21:17.872 [main] TPTrac - User tab selected
[INFO ] 2025-10-07 18:21:20.098 [main] TPTrac - Add user button clicked
[INFO ] 2025-10-07 18:21:22.432 [main] TPTrac - Clicked on Add Button
[INFO ] 2025-10-07 18:21:31.285 [main] TPTrac - User tab selected
[INFO ] 2025-10-07 18:21:31.449 [main] TPTrac - Add user button clicked
[INFO ] 2025-10-07 18:21:31.819 [main] TPTrac - Get user name data
[INFO ] 2025-10-07 18:21:32.157 [main] TPTrac - Get user contact data
[INFO ] 2025-10-07 18:21:32.539 [main] TPTrac - enter email id
[INFO ] 2025-10-07 18:21:33.099 [main] TPTrac - Get user role data
[INFO ] 2025-10-07 18:21:33.351 [main] TPTrac - Entered User ID
[INFO ] 2025-10-07 18:21:33.566 [main] TPTrac - Entered Email ID
[INFO ] 2025-10-07 18:21:33.735 [main] TPTrac - Entered user contact
[INFO ] 2025-10-07 18:21:40.168 [main] TPTrac - Role selected
[INFO ] 2025-10-07 18:21:42.408 [main] TPTrac - Clicked on Add Button
[INFO ] 2025-10-07 18:21:42.527 [main] TPTrac - Search user field is clickable
[INFO ] 2025-10-07 18:21:42.634 [main] TPTrac - Sent keys to search user using JavaScript
[INFO ] 2025-10-07 18:21:44.172 [main] TPTrac - Verified Actual user successfully
[INFO ] 2025-10-07 18:21:44.172 [main] TPTrac - Start AD Auditor User Update validation
[INFO ] 2025-10-07 18:21:47.799 [main] TPTrac - User tab selected
[INFO ] 2025-10-07 18:21:50.302 [main] TPTrac - User selected to update the data
[INFO ] 2025-10-07 18:21:54.741 [main] TPTrac - Phone number cleared
[INFO ] 2025-10-07 18:21:55.166 [main] TPTrac - New phone number entered: 7134568565
[INFO ] 2025-10-07 18:21:55.377 [main] TPTrac - Clicked on Save button
[INFO ] 2025-10-07 18:21:55.384 [main] TPTrac - Start Search User validation
[INFO ] 2025-10-07 18:21:55.576 [main] TPTrac - Get valid data
[INFO ] 2025-10-07 18:21:55.754 [main] TPTrac - Get invalid data
[INFO ] 2025-10-07 18:21:58.877 [main] TPTrac - User tab selected
[INFO ] 2025-10-07 18:22:09.565 [main] TPTrac - Verified search user functionality successfully
[INFO ] 2025-10-07 18:22:12.719 [main] TPTrac - User tab selected
[INFO ] 2025-10-07 18:22:12.977 [main] TPTrac - Add user button clicked
[INFO ] 2025-10-07 18:22:13.626 [main] TPTrac - Fetched test data from Excel
[INFO ] 2025-10-07 18:22:13.788 [main] TPTrac - Entered User ID: mo_bank_14@secureyesdev.com
[INFO ] 2025-10-07 18:22:15.916 [main] TPTrac - Entered Email ID: suresh@gmail.com
[INFO ] 2025-10-07 18:22:16.072 [main] TPTrac - Entered Contact No: 9911223311
[INFO ] 2025-10-07 18:22:20.551 [main] TPTrac - Role selected
[INFO ] 2025-10-07 18:22:22.741 [main] TPTrac - Clicked on Add Button
[INFO ] 2025-10-07 18:22:25.049 [main] TPTrac - Searching for user: mo_bank_14@secureyesdev.com
[INFO ] 2025-10-07 18:22:34.938 [main] TPTrac - Clicked 'Yes' to confirm deactivation.
[INFO ] 2025-10-07 18:22:35.382 [main] TPTrac - Verifying deactivation for user: mo_bank_14@secureyesdev.com
[ERROR] 2025-10-07 18:22:37.401 [main] TPTrac - User still appears in the list after deactivation.
[INFO ] 2025-10-07 18:22:40.731 [main] TPTrac - User tab selected
[INFO ] 2025-10-07 18:22:40.872 [main] TPTrac - Get user name data
[INFO ] 2025-10-07 18:23:02.489 [main] TPTrac - Get invalid data
[INFO ] 2025-10-07 18:23:14.750 [main] TPTrac - User activate successfully
[INFO ] 2025-10-07 18:25:30.908 [main] TPTrac - URL opened
[INFO ] 2025-10-07 18:25:40.038 [main] TPTrac - User tab selected
[INFO ] 2025-10-07 18:25:42.258 [main] TPTrac - Add user button clicked
[INFO ] 2025-10-07 18:25:44.600 [main] TPTrac - Clicked on Add Button
[INFO ] 2025-10-07 18:25:52.640 [main] TPTrac - User tab selected
[INFO ] 2025-10-07 18:25:52.791 [main] TPTrac - Add user button clicked
[INFO ] 2025-10-07 18:25:53.132 [main] TPTrac - Get user name data
[INFO ] 2025-10-07 18:25:53.484 [main] TPTrac - Get user contact data
[INFO ] 2025-10-07 18:25:54.062 [main] TPTrac - enter email id
[INFO ] 2025-10-07 18:25:54.383 [main] TPTrac - Get user role data
[INFO ] 2025-10-07 18:25:54.692 [main] TPTrac - Entered User ID
[INFO ] 2025-10-07 18:25:54.923 [main] TPTrac - Entered Email ID
[INFO ] 2025-10-07 18:25:55.122 [main] TPTrac - Entered user contact
[INFO ] 2025-10-07 18:26:01.549 [main] TPTrac - Role selected
[INFO ] 2025-10-07 18:26:03.724 [main] TPTrac - Clicked on Add Button
[INFO ] 2025-10-07 18:26:03.797 [main] TPTrac - Search user field is clickable
[INFO ] 2025-10-07 18:26:03.880 [main] TPTrac - Sent keys to search user using JavaScript
[INFO ] 2025-10-07 18:26:05.202 [main] TPTrac - Verified Actual user successfully
[INFO ] 2025-10-07 18:26:05.218 [main] TPTrac - Start AD Auditor User Update validation
[INFO ] 2025-10-07 18:26:08.691 [main] TPTrac - User tab selected
[INFO ] 2025-10-07 18:26:11.122 [main] TPTrac - User selected to update the data
[INFO ] 2025-10-07 18:26:15.594 [main] TPTrac - Phone number cleared
[INFO ] 2025-10-07 18:26:15.896 [main] TPTrac - New phone number entered: 7134568565
[INFO ] 2025-10-07 18:26:16.089 [main] TPTrac - Clicked on Save button
[INFO ] 2025-10-07 18:26:16.098 [main] TPTrac - Start Search User validation
[INFO ] 2025-10-07 18:26:16.279 [main] TPTrac - Get valid data
[INFO ] 2025-10-07 18:26:16.592 [main] TPTrac - Get invalid data
[INFO ] 2025-10-07 18:26:19.704 [main] TPTrac - User tab selected
[INFO ] 2025-10-07 18:26:30.352 [main] TPTrac - Verified search user functionality successfully
[INFO ] 2025-10-07 18:26:33.480 [main] TPTrac - User tab selected
[INFO ] 2025-10-07 18:26:33.687 [main] TPTrac - Add user button clicked
[INFO ] 2025-10-07 18:26:34.496 [main] TPTrac - Fetched test data from Excel
[INFO ] 2025-10-07 18:26:34.666 [main] TPTrac - Entered User ID: mo_bank_14@secureyesdev.com
[INFO ] 2025-10-07 18:26:36.781 [main] TPTrac - Entered Email ID: suresh@gmail.com
[INFO ] 2025-10-07 18:26:36.949 [main] TPTrac - Entered Contact No: 9911223311
[INFO ] 2025-10-07 18:26:41.480 [main] TPTrac - Role selected
[INFO ] 2025-10-07 18:26:43.688 [main] TPTrac - Clicked on Add Button
[INFO ] 2025-10-07 18:26:45.964 [main] TPTrac - Searching for user: mo_bank_14@secureyesdev.com
[INFO ] 2025-10-07 18:26:55.661 [main] TPTrac - Clicked 'Yes' to confirm deactivation.
[INFO ] 2025-10-07 18:26:56.127 [main] TPTrac - Verifying deactivation for user: mo_bank_14@secureyesdev.com
[ERROR] 2025-10-07 18:26:58.166 [main] TPTrac - User still appears in the list after deactivation.
[INFO ] 2025-10-07 18:27:01.564 [main] TPTrac - User tab selected
[INFO ] 2025-10-07 18:27:01.722 [main] TPTrac - Get user name data
[INFO ] 2025-10-07 18:27:23.350 [main] TPTrac - Get invalid data
[INFO ] 2025-10-07 18:27:35.624 [main] TPTrac - User activate successfully
[INFO ] 2025-10-07 18:27:44.970 [main] TPTrac - User tab selected
[INFO ] 2025-10-07 18:37:19.769 [main] TPTrac - URL opened
[INFO ] 2025-10-07 18:37:27.929 [main] TPTrac - Click on vendor menu
[INFO ] 2025-10-07 18:37:51.983 [main] TPTrac - Click on vendor menu
[INFO ] 2025-10-07 18:43:29.729 [main] TPTrac - URL opened
[INFO ] 2025-10-07 18:43:38.068 [main] TPTrac - Click on vendor menu
[INFO ] 2025-10-07 18:43:43.277 [main] TPTrac - Click on vendor menu
[INFO ] 2025-10-07 18:43:43.444 [main] TPTrac - Click on vendor category management 
[INFO ] 2025-10-07 18:45:17.924 [main] TPTrac - URL opened
[INFO ] 2025-10-07 18:45:26.225 [main] TPTrac - Click on vendor menu
[INFO ] 2025-10-07 18:45:31.318 [main] TPTrac - Click on vendor menu
[INFO ] 2025-10-07 18:45:31.533 [main] TPTrac - Click on vendor category management 
[INFO ] 2025-10-07 18:45:32.609 [main] TPTrac - Click on add new vendor category management 
[INFO ] 2025-10-07 18:45:34.822 [main] TPTrac - entered vendor category name 
[INFO ] 2025-10-07 18:45:34.958 [main] TPTrac - entered vendor category code 
[INFO ] 2025-10-07 18:47:27.220 [main] TPTrac - URL opened
[INFO ] 2025-10-07 18:47:34.231 [main] TPTrac - Click on vendor menu
[INFO ] 2025-10-07 18:47:39.090 [main] TPTrac - Click on vendor menu
[INFO ] 2025-10-07 18:47:39.177 [main] TPTrac - Click on vendor category management 
[INFO ] 2025-10-07 18:49:04.925 [main] TPTrac - URL opened
[INFO ] 2025-10-07 18:49:11.818 [main] TPTrac - Click on vendor menu
[INFO ] 2025-10-07 18:49:14.023 [main] TPTrac - Click on vendor category management 
[INFO ] 2025-10-07 18:49:15.006 [main] TPTrac - Click on add new vendor category management 
[INFO ] 2025-10-07 18:49:17.159 [main] TPTrac - entered vendor category name 
[INFO ] 2025-10-07 18:49:17.240 [main] TPTrac - entered vendor category code 
[INFO ] 2025-10-07 18:49:17.315 [main] TPTrac - Added a new vendor category management successfully 
[INFO ] 2025-10-07 18:49:21.510 [main] TPTrac - Click on vendor menu
[INFO ] 2025-10-07 18:49:53.697 [main] TPTrac - Click on vendor menu
[INFO ] 2025-10-07 18:54:09.246 [main] TPTrac - URL opened
[INFO ] 2025-10-07 18:54:16.143 [main] TPTrac - Click on vendor menu
[INFO ] 2025-10-07 18:54:18.354 [main] TPTrac - Click on vendor category management 
[INFO ] 2025-10-07 18:54:19.287 [main] TPTrac - Click on add new vendor category management 
[INFO ] 2025-10-07 18:54:21.439 [main] TPTrac - entered vendor category name 
[INFO ] 2025-10-07 18:54:21.538 [main] TPTrac - entered vendor category code 
[INFO ] 2025-10-07 18:54:21.605 [main] TPTrac - Added a new vendor category management successfully 
[INFO ] 2025-10-07 18:54:25.798 [main] TPTrac - Click on vendor menu
[INFO ] 2025-10-07 18:54:27.933 [main] TPTrac - Click on vendor category management 
[INFO ] 2025-10-07 18:54:28.849 [main] TPTrac - Click on add new vendor category management 
[INFO ] 2025-10-07 18:54:31.007 [main] TPTrac - entered vendor category name 
[INFO ] 2025-10-07 18:54:31.096 [main] TPTrac - entered vendor category code 
[INFO ] 2025-10-07 18:55:52.412 [main] TPTrac - URL opened
[INFO ] 2025-10-07 18:55:59.450 [main] TPTrac - Click on vendor menu
[INFO ] 2025-10-07 18:56:01.637 [main] TPTrac - Click on vendor category management 
[INFO ] 2025-10-07 18:56:02.551 [main] TPTrac - Click on add new vendor category management 
[INFO ] 2025-10-07 18:56:04.699 [main] TPTrac - entered vendor category name 
[INFO ] 2025-10-07 18:56:04.786 [main] TPTrac - entered vendor category code 
[INFO ] 2025-10-07 18:56:04.854 [main] TPTrac - Added a new vendor category management successfully 
[INFO ] 2025-10-07 18:56:09.110 [main] TPTrac - Click on vendor menu
[INFO ] 2025-10-07 18:56:11.256 [main] TPTrac - Click on vendor category management 
[INFO ] 2025-10-07 18:56:12.153 [main] TPTrac - Click on add new vendor category management 
[INFO ] 2025-10-07 18:56:14.371 [main] TPTrac - entered vendor category name 
[INFO ] 2025-10-07 18:56:14.585 [main] TPTrac - entered vendor category code 
[INFO ] 2025-10-07 18:56:37.780 [main] TPTrac - Click on vendor menu
[INFO ] 2025-10-07 18:56:39.913 [main] TPTrac - Click on vendor category management 
[INFO ] 2025-10-07 18:56:40.719 [main] TPTrac - Click on add new vendor category management 
[INFO ] 2025-10-07 18:56:42.871 [main] TPTrac - entered vendor category name 
[INFO ] 2025-10-07 18:56:42.957 [main] TPTrac - entered vendor category code 
[INFO ] 2025-10-07 18:56:43.004 [main] TPTrac - Added a new vendor category management successfully 
[INFO ] 2025-10-07 18:57:12.020 [main] TPTrac - URL opened
[INFO ] 2025-10-07 18:57:17.814 [main] TPTrac - Click on vendor menu
[INFO ] 2025-10-08 11:34:38.371 [main] TPTrac - URL opened
[INFO ] 2025-10-08 11:34:45.555 [main] TPTrac - Click on vendor menu
[INFO ] 2025-10-08 11:34:47.791 [main] TPTrac - Click on vendor category management 
[INFO ] 2025-10-08 11:34:48.657 [main] TPTrac - Click on add new vendor category management 
[INFO ] 2025-10-08 11:34:50.828 [main] TPTrac - entered vendor category name 
[INFO ] 2025-10-08 11:34:50.925 [main] TPTrac - entered vendor category code 
[INFO ] 2025-10-08 11:34:50.993 [main] TPTrac - Added a new vendor category management successfully 
[INFO ] 2025-10-08 11:34:55.136 [main] TPTrac - Click on vendor menu
[INFO ] 2025-10-08 11:34:57.267 [main] TPTrac - Click on vendor category management 
[INFO ] 2025-10-08 11:34:58.114 [main] TPTrac - Click on add new vendor category management 
[INFO ] 2025-10-08 11:35:00.280 [main] TPTrac - entered vendor category name 
[INFO ] 2025-10-08 11:35:00.363 [main] TPTrac - entered vendor category code 
[INFO ] 2025-10-08 11:35:23.416 [main] TPTrac - Click on vendor menu
[INFO ] 2025-10-08 11:35:25.570 [main] TPTrac - Click on vendor category management 
[INFO ] 2025-10-08 11:35:26.522 [main] TPTrac - Click on add new vendor category management 
[INFO ] 2025-10-08 11:35:28.696 [main] TPTrac - entered vendor category name 
[INFO ] 2025-10-08 11:35:28.784 [main] TPTrac - entered vendor category code 
[INFO ] 2025-10-08 11:35:28.842 [main] TPTrac - Added a new vendor category management successfully 
[INFO ] 2025-10-08 11:35:57.494 [main] TPTrac - URL opened
[INFO ] 2025-10-08 11:36:03.388 [main] TPTrac - Click on vendor menu
[INFO ] 2025-10-08 11:49:41.493 [main] TPTrac - URL opened
[INFO ] 2025-10-08 11:49:48.715 [main] TPTrac - Click on vendor menu
[INFO ] 2025-10-08 11:49:50.890 [main] TPTrac - Click on vendor category management 
[INFO ] 2025-10-08 11:49:51.881 [main] TPTrac - Click on add new vendor category management 
[INFO ] 2025-10-08 11:49:54.041 [main] TPTrac - entered vendor category name 
[INFO ] 2025-10-08 11:49:54.141 [main] TPTrac - entered vendor category code 
[INFO ] 2025-10-08 11:49:54.222 [main] TPTrac - Added a new vendor category management successfully 
[INFO ] 2025-10-08 11:49:58.344 [main] TPTrac - Click on vendor menu
[INFO ] 2025-10-08 11:50:00.491 [main] TPTrac - Click on vendor category management 
[INFO ] 2025-10-08 11:50:01.435 [main] TPTrac - Click on add new vendor category management 
[INFO ] 2025-10-08 11:50:03.609 [main] TPTrac - entered vendor category name 
[INFO ] 2025-10-08 11:50:03.689 [main] TPTrac - entered vendor category code 
[INFO ] 2025-10-08 11:50:47.794 [main] TPTrac - Click on vendor menu
[INFO ] 2025-10-08 11:50:49.928 [main] TPTrac - Click on vendor category management 
[INFO ] 2025-10-08 11:50:50.865 [main] TPTrac - Click on add new vendor category management 
[INFO ] 2025-10-08 11:50:53.010 [main] TPTrac - entered vendor category name 
[INFO ] 2025-10-08 11:50:53.094 [main] TPTrac - entered vendor category code 
[INFO ] 2025-10-08 11:50:53.164 [main] TPTrac - Added a new vendor category management successfully 
[INFO ] 2025-10-08 11:51:22.419 [main] TPTrac - URL opened
[INFO ] 2025-10-08 11:51:28.257 [main] TPTrac - Click on vendor menu
[INFO ] 2025-10-08 11:52:14.451 [main] TPTrac - URL opened
[INFO ] 2025-10-08 11:52:20.071 [main] TPTrac - Click on vendor menu
[INFO ] 2025-10-08 11:52:22.232 [main] TPTrac - Click on vendor category management 
[INFO ] 2025-10-08 11:56:26.765 [main] TPTrac - URL opened
[INFO ] 2025-10-08 11:56:33.746 [main] TPTrac - Click on vendor menu
[INFO ] 2025-10-08 11:56:35.937 [main] TPTrac - Click on vendor category management 
[INFO ] 2025-10-08 11:56:36.850 [main] TPTrac - Click on add new vendor category management 
[INFO ] 2025-10-08 11:56:39.031 [main] TPTrac - entered vendor category name 
[INFO ] 2025-10-08 11:56:39.123 [main] TPTrac - entered vendor category code 
[INFO ] 2025-10-08 11:56:39.181 [main] TPTrac - Added a new vendor category management successfully 
[INFO ] 2025-10-08 11:56:43.327 [main] TPTrac - Click on vendor menu
[INFO ] 2025-10-08 11:56:45.476 [main] TPTrac - Click on vendor category management 
[INFO ] 2025-10-08 11:56:46.395 [main] TPTrac - Click on add new vendor category management 
[INFO ] 2025-10-08 11:56:48.546 [main] TPTrac - entered vendor category name 
[INFO ] 2025-10-08 11:56:48.629 [main] TPTrac - entered vendor category code 
[INFO ] 2025-10-08 11:57:41.138 [main] TPTrac - Verfied successfully
[INFO ] 2025-10-08 11:57:44.470 [main] TPTrac - Click on vendor menu
[INFO ] 2025-10-08 11:57:46.658 [main] TPTrac - Click on vendor category management 
[INFO ] 2025-10-08 11:57:47.526 [main] TPTrac - Click on add new vendor category management 
[INFO ] 2025-10-08 11:57:49.686 [main] TPTrac - entered vendor category name 
[INFO ] 2025-10-08 11:57:49.782 [main] TPTrac - entered vendor category code 
[INFO ] 2025-10-08 11:57:49.849 [main] TPTrac - Added a new vendor category management successfully 
[INFO ] 2025-10-08 11:58:19.324 [main] TPTrac - URL opened
[INFO ] 2025-10-08 11:58:25.376 [main] TPTrac - Click on vendor menu
[INFO ] 2025-10-08 11:59:44.010 [main] TPTrac - URL opened
[INFO ] 2025-10-08 11:59:52.667 [main] TPTrac - User tab selected
[INFO ] 2025-10-08 11:59:54.817 [main] TPTrac - Add user button clicked
[INFO ] 2025-10-08 11:59:57.042 [main] TPTrac - Clicked on Add Button
[INFO ] 2025-10-08 12:00:03.619 [main] TPTrac - User tab selected
[INFO ] 2025-10-08 12:00:03.709 [main] TPTrac - Add user button clicked
[INFO ] 2025-10-08 12:00:03.941 [main] TPTrac - Get user name data
[INFO ] 2025-10-08 12:00:04.107 [main] TPTrac - Get user contact data
[INFO ] 2025-10-08 12:00:04.242 [main] TPTrac - enter email id
[INFO ] 2025-10-08 12:00:04.370 [main] TPTrac - Get user role data
[INFO ] 2025-10-08 12:00:04.501 [main] TPTrac - Entered User ID
[INFO ] 2025-10-08 12:00:04.606 [main] TPTrac - Entered Email ID
[INFO ] 2025-10-08 12:00:04.692 [main] TPTrac - Entered user contact
[INFO ] 2025-10-08 12:00:11.052 [main] TPTrac - Role selected
[INFO ] 2025-10-08 12:00:13.170 [main] TPTrac - Clicked on Add Button
[INFO ] 2025-10-08 12:00:13.243 [main] TPTrac - Search user field is clickable
[INFO ] 2025-10-08 12:00:13.305 [main] TPTrac - Sent keys to search user using JavaScript
[INFO ] 2025-10-08 12:00:14.489 [main] TPTrac - Verified Actual user successfully
[INFO ] 2025-10-08 12:00:14.489 [main] TPTrac - Start AD Auditor User Update validation
[INFO ] 2025-10-08 12:00:17.865 [main] TPTrac - User tab selected
[INFO ] 2025-10-08 12:00:20.120 [main] TPTrac - User selected to update the data
[INFO ] 2025-10-08 12:00:24.439 [main] TPTrac - Phone number cleared
[INFO ] 2025-10-08 12:00:24.663 [main] TPTrac - New phone number entered: 7134568565
[INFO ] 2025-10-08 12:00:24.762 [main] TPTrac - Clicked on Save button
[INFO ] 2025-10-08 12:00:24.766 [main] TPTrac - Start Search User validation
[INFO ] 2025-10-08 12:00:24.855 [main] TPTrac - Get valid data
[INFO ] 2025-10-08 12:00:24.935 [main] TPTrac - Get invalid data
[INFO ] 2025-10-08 12:00:28.033 [main] TPTrac - User tab selected
[INFO ] 2025-10-08 12:00:38.415 [main] TPTrac - Verified search user functionality successfully
[INFO ] 2025-10-08 12:00:41.518 [main] TPTrac - User tab selected
[INFO ] 2025-10-08 12:00:41.634 [main] TPTrac - Add user button clicked
[INFO ] 2025-10-08 12:00:42.056 [main] TPTrac - Fetched test data from Excel
[INFO ] 2025-10-08 12:00:42.143 [main] TPTrac - Entered User ID: mo_bank_14@secureyesdev.com
[INFO ] 2025-10-08 12:00:44.251 [main] TPTrac - Entered Email ID: suresh@gmail.com
[INFO ] 2025-10-08 12:00:44.322 [main] TPTrac - Entered Contact No: 9911223311
[INFO ] 2025-10-08 12:00:48.655 [main] TPTrac - Role selected
[INFO ] 2025-10-08 12:00:50.801 [main] TPTrac - Clicked on Add Button
[INFO ] 2025-10-08 12:00:52.955 [main] TPTrac - Searching for user: mo_bank_14@secureyesdev.com
[INFO ] 2025-10-08 12:01:02.306 [main] TPTrac - Clicked 'Yes' to confirm deactivation.
[INFO ] 2025-10-08 12:01:02.498 [main] TPTrac - Verifying deactivation for user: mo_bank_14@secureyesdev.com
[ERROR] 2025-10-08 12:01:04.529 [main] TPTrac - User still appears in the list after deactivation.
[INFO ] 2025-10-08 12:01:07.755 [main] TPTrac - User tab selected
[INFO ] 2025-10-08 12:01:07.877 [main] TPTrac - Get user name data
[INFO ] 2025-10-08 12:01:28.693 [main] TPTrac - Get invalid data
[INFO ] 2025-10-08 12:01:40.929 [main] TPTrac - User activate successfully
[INFO ] 2025-10-08 12:01:50.105 [main] TPTrac - User tab selected
[INFO ] 2025-10-08 12:02:28.935 [main] TPTrac - URL opened
[INFO ] 2025-10-08 12:02:35.080 [main] TPTrac - Click on vendor menu
[INFO ] 2025-10-08 12:03:03.638 [main] TPTrac - URL opened
[INFO ] 2025-10-08 12:03:09.376 [main] TPTrac - Click on vendor menu
[INFO ] 2025-10-08 12:03:29.023 [main] TPTrac - URL opened
[INFO ] 2025-10-08 12:03:36.595 [main] TPTrac - Click on vendor menu
[INFO ] 2025-10-08 12:03:38.704 [main] TPTrac - Click on vendor category management 
[INFO ] 2025-10-08 12:25:38.056 [main] TPTrac - URL opened
[INFO ] 2025-10-08 12:25:47.366 [main] TPTrac - User tab selected
[INFO ] 2025-10-08 12:25:49.620 [main] TPTrac - Add user button clicked
[INFO ] 2025-10-08 12:25:51.954 [main] TPTrac - Clicked on Add Button
[INFO ] 2025-10-08 12:26:00.076 [main] TPTrac - User tab selected
[INFO ] 2025-10-08 12:26:00.265 [main] TPTrac - Add user button clicked
[INFO ] 2025-10-08 12:26:00.637 [main] TPTrac - Get user name data
[INFO ] 2025-10-08 12:26:01.137 [main] TPTrac - Get user contact data
[INFO ] 2025-10-08 12:26:01.921 [main] TPTrac - enter email id
[INFO ] 2025-10-08 12:26:02.344 [main] TPTrac - Get user role data
[INFO ] 2025-10-08 12:26:02.580 [main] TPTrac - Entered User ID
[INFO ] 2025-10-08 12:26:02.769 [main] TPTrac - Entered Email ID
[INFO ] 2025-10-08 12:26:02.923 [main] TPTrac - Entered user contact
[INFO ] 2025-10-08 12:26:09.369 [main] TPTrac - Role selected
[INFO ] 2025-10-08 12:26:11.596 [main] TPTrac - Clicked on Add Button
[INFO ] 2025-10-08 12:26:11.705 [main] TPTrac - Search user field is clickable
[INFO ] 2025-10-08 12:26:11.848 [main] TPTrac - Sent keys to search user using JavaScript
[INFO ] 2025-10-08 12:26:13.002 [main] TPTrac - Verified Actual user successfully
[INFO ] 2025-10-08 12:26:13.017 [main] TPTrac - Start AD Auditor User Update validation
[INFO ] 2025-10-08 12:26:16.690 [main] TPTrac - User tab selected
[INFO ] 2025-10-08 12:26:19.199 [main] TPTrac - User selected to update the data
[INFO ] 2025-10-08 12:26:23.653 [main] TPTrac - Phone number cleared
[INFO ] 2025-10-08 12:26:24.237 [main] TPTrac - New phone number entered: 7134568565
[INFO ] 2025-10-08 12:26:24.463 [main] TPTrac - Clicked on Save button
[INFO ] 2025-10-08 12:26:24.472 [main] TPTrac - Start Search User validation
[INFO ] 2025-10-08 12:26:24.660 [main] TPTrac - Get valid data
[INFO ] 2025-10-08 12:26:24.978 [main] TPTrac - Get invalid data
[INFO ] 2025-10-08 12:26:28.089 [main] TPTrac - User tab selected
[INFO ] 2025-10-08 12:26:38.859 [main] TPTrac - Verified search user functionality successfully
[INFO ] 2025-10-08 12:26:42.037 [main] TPTrac - User tab selected
[INFO ] 2025-10-08 12:26:42.248 [main] TPTrac - Add user button clicked
[INFO ] 2025-10-08 12:26:43.141 [main] TPTrac - Fetched test data from Excel
[INFO ] 2025-10-08 12:26:43.337 [main] TPTrac - Entered User ID: mo_bank_14@secureyesdev.com
[INFO ] 2025-10-08 12:26:45.615 [main] TPTrac - Entered Email ID: suresh@gmail.com
[INFO ] 2025-10-08 12:26:45.815 [main] TPTrac - Entered Contact No: 9911223311
[INFO ] 2025-10-08 12:26:50.309 [main] TPTrac - Role selected
[INFO ] 2025-10-08 12:26:52.526 [main] TPTrac - Clicked on Add Button
[INFO ] 2025-10-08 12:26:54.865 [main] TPTrac - Searching for user: mo_bank_14@secureyesdev.com
[INFO ] 2025-10-08 12:27:04.721 [main] TPTrac - Clicked 'Yes' to confirm deactivation.
[INFO ] 2025-10-08 12:27:05.145 [main] TPTrac - Verifying deactivation for user: mo_bank_14@secureyesdev.com
[ERROR] 2025-10-08 12:27:07.163 [main] TPTrac - User still appears in the list after deactivation.
[INFO ] 2025-10-08 12:27:10.589 [main] TPTrac - User tab selected
[INFO ] 2025-10-08 12:27:10.743 [main] TPTrac - Get user name data
[INFO ] 2025-10-08 12:27:32.250 [main] TPTrac - Get invalid data
[INFO ] 2025-10-08 12:27:44.492 [main] TPTrac - User activate successfully
[INFO ] 2025-10-08 12:27:53.908 [main] TPTrac - User tab selected
[INFO ] 2025-10-08 12:28:33.439 [main] TPTrac - URL opened
[INFO ] 2025-10-08 12:28:39.630 [main] TPTrac - Click on vendor menu
[INFO ] 2025-10-08 12:30:05.509 [main] TPTrac - URL opened
[INFO ] 2025-10-08 12:30:14.545 [main] TPTrac - User tab selected
[INFO ] 2025-10-08 12:30:16.771 [main] TPTrac - Add user button clicked
[INFO ] 2025-10-08 12:30:19.088 [main] TPTrac - Clicked on Add Button
[INFO ] 2025-10-08 12:30:27.548 [main] TPTrac - User tab selected
[INFO ] 2025-10-08 12:30:27.753 [main] TPTrac - Add user button clicked
[INFO ] 2025-10-08 12:30:28.138 [main] TPTrac - Get user name data
[INFO ] 2025-10-08 12:30:28.425 [main] TPTrac - Get user contact data
[INFO ] 2025-10-08 12:30:28.649 [main] TPTrac - enter email id
[INFO ] 2025-10-08 12:30:29.300 [main] TPTrac - Get user role data
[INFO ] 2025-10-08 12:30:29.614 [main] TPTrac - Entered User ID
[INFO ] 2025-10-08 12:30:29.941 [main] TPTrac - Entered Email ID
[INFO ] 2025-10-08 12:30:30.139 [main] TPTrac - Entered user contact
[INFO ] 2025-10-08 12:30:36.850 [main] TPTrac - Role selected
[INFO ] 2025-10-08 12:30:39.052 [main] TPTrac - Clicked on Add Button
[INFO ] 2025-10-08 12:30:39.186 [main] TPTrac - Search user field is clickable
[INFO ] 2025-10-08 12:30:39.338 [main] TPTrac - Sent keys to search user using JavaScript
[INFO ] 2025-10-08 12:30:40.671 [main] TPTrac - Verified Actual user successfully
[INFO ] 2025-10-08 12:30:40.671 [main] TPTrac - Start AD Auditor User Update validation
[INFO ] 2025-10-08 12:30:44.323 [main] TPTrac - User tab selected
[INFO ] 2025-10-08 12:30:47.051 [main] TPTrac - User selected to update the data
[INFO ] 2025-10-08 12:30:51.739 [main] TPTrac - Phone number cleared
[INFO ] 2025-10-08 12:30:52.204 [main] TPTrac - New phone number entered: 7134568565
[INFO ] 2025-10-08 12:30:52.515 [main] TPTrac - Clicked on Save button
[INFO ] 2025-10-08 12:30:52.526 [main] TPTrac - Start Search User validation
[INFO ] 2025-10-08 12:30:52.694 [main] TPTrac - Get valid data
[INFO ] 2025-10-08 12:30:52.822 [main] TPTrac - Get invalid data
[INFO ] 2025-10-08 12:30:55.992 [main] TPTrac - User tab selected
[INFO ] 2025-10-08 12:31:07.157 [main] TPTrac - Verified search user functionality successfully
[INFO ] 2025-10-08 12:31:10.399 [main] TPTrac - User tab selected
[INFO ] 2025-10-08 12:31:10.699 [main] TPTrac - Add user button clicked
[INFO ] 2025-10-08 12:31:11.484 [main] TPTrac - Fetched test data from Excel
[INFO ] 2025-10-08 12:31:11.748 [main] TPTrac - Entered User ID: mo_bank_14@secureyesdev.com
[INFO ] 2025-10-08 12:31:13.989 [main] TPTrac - Entered Email ID: suresh@gmail.com
[INFO ] 2025-10-08 12:31:14.247 [main] TPTrac - Entered Contact No: 9911223311
[INFO ] 2025-10-08 12:31:18.719 [main] TPTrac - Role selected
[INFO ] 2025-10-08 12:31:20.887 [main] TPTrac - Clicked on Add Button
[INFO ] 2025-10-08 12:31:23.114 [main] TPTrac - Searching for user: mo_bank_14@secureyesdev.com
[INFO ] 2025-10-08 12:31:32.784 [main] TPTrac - Clicked 'Yes' to confirm deactivation.
[INFO ] 2025-10-08 12:31:33.213 [main] TPTrac - Verifying deactivation for user: mo_bank_14@secureyesdev.com
[ERROR] 2025-10-08 12:31:35.239 [main] TPTrac - User still appears in the list after deactivation.
[INFO ] 2025-10-08 12:31:38.622 [main] TPTrac - User tab selected
[INFO ] 2025-10-08 12:31:38.796 [main] TPTrac - Get user name data
[INFO ] 2025-10-08 12:32:00.441 [main] TPTrac - Get invalid data
[INFO ] 2025-10-08 12:32:12.709 [main] TPTrac - User activate successfully
[INFO ] 2025-10-08 12:32:22.100 [main] TPTrac - User tab selected
[INFO ] 2025-10-08 12:33:01.696 [main] TPTrac - URL opened
[INFO ] 2025-10-08 12:33:11.540 [main] TPTrac - Click on vendor menu
[INFO ] 2025-10-08 12:33:13.750 [main] TPTrac - Click on vendor category management 
[INFO ] 2025-10-08 12:33:14.798 [main] TPTrac - Click on add new vendor category management 
[INFO ] 2025-10-08 12:33:17.052 [main] TPTrac - entered vendor category name 
[INFO ] 2025-10-08 12:33:17.193 [main] TPTrac - entered vendor category code 
[INFO ] 2025-10-08 12:33:17.305 [main] TPTrac - Added a new vendor category management successfully 
[INFO ] 2025-10-08 12:33:21.518 [main] TPTrac - Click on vendor menu
[INFO ] 2025-10-08 12:33:23.740 [main] TPTrac - Click on vendor category management 
[INFO ] 2025-10-08 12:33:24.791 [main] TPTrac - Click on add new vendor category management 
[INFO ] 2025-10-08 12:33:26.975 [main] TPTrac - entered vendor category name 
[INFO ] 2025-10-08 12:33:27.134 [main] TPTrac - entered vendor category code 
[INFO ] 2025-10-08 12:34:20.354 [main] TPTrac - Verfied successfully
[INFO ] 2025-10-08 12:34:23.676 [main] TPTrac - Click on vendor menu
[INFO ] 2025-10-08 12:34:25.868 [main] TPTrac - Click on vendor category management 
[INFO ] 2025-10-08 12:34:26.908 [main] TPTrac - Click on add new vendor category management 
[INFO ] 2025-10-08 12:34:29.096 [main] TPTrac - entered vendor category name 
[INFO ] 2025-10-08 12:34:29.217 [main] TPTrac - entered vendor category code 
[INFO ] 2025-10-08 12:34:29.315 [main] TPTrac - Added a new vendor category management successfully 
[INFO ] 2025-10-08 12:34:59.768 [main] TPTrac - URL opened
[INFO ] 2025-10-08 12:35:05.840 [main] TPTrac - Click on vendor menu
[INFO ] 2025-10-08 12:36:38.572 [main] TPTrac - URL opened
[INFO ] 2025-10-08 12:36:51.139 [main] TPTrac - Click on vendor menu
[INFO ] 2025-10-08 12:40:34.406 [main] TPTrac - URL opened
[INFO ] 2025-10-08 12:40:46.908 [main] TPTrac - Click on vendor menu
[INFO ] 2025-10-08 12:41:32.599 [main] TPTrac - URL opened
[INFO ] 2025-10-08 12:43:24.151 [main] TPTrac - URL opened
[INFO ] 2025-10-08 12:43:36.839 [main] TPTrac - Click on vendor menu
[INFO ] 2025-10-08 12:44:11.526 [main] TPTrac - Verfied successfully
[INFO ] 2025-10-08 12:49:02.728 [main] TPTrac - URL opened
[INFO ] 2025-10-08 12:49:15.332 [main] TPTrac - Click on vendor menu
[INFO ] 2025-10-08 12:49:50.096 [main] TPTrac - Verfied successfully
[INFO ] 2025-10-08 12:50:18.863 [main] TPTrac - URL opened
[INFO ] 2025-10-08 12:50:28.819 [main] TPTrac - Click on vendor menu
[INFO ] 2025-10-08 12:50:33.029 [main] TPTrac - Click on vendor category management 
[INFO ] 2025-10-08 12:53:22.511 [main] TPTrac - URL opened
[INFO ] 2025-10-08 12:53:34.717 [main] TPTrac - Click on vendor menu
[INFO ] 2025-10-08 12:53:40.891 [main] TPTrac - Click on vendor category management 
[INFO ] 2025-10-08 12:54:34.748 [main] TPTrac - URL opened
[INFO ] 2025-10-08 12:54:46.960 [main] TPTrac - Click on vendor menu
[INFO ] 2025-10-08 12:54:53.211 [main] TPTrac - Click on vendor category management 
[INFO ] 2025-10-08 12:57:59.097 [main] TPTrac - URL opened
[INFO ] 2025-10-08 12:58:11.413 [main] TPTrac - Click on vendor menu
[INFO ] 2025-10-08 12:58:17.660 [main] TPTrac - Click on vendor category management 
[INFO ] 2025-10-08 13:00:05.144 [main] TPTrac - URL opened
[INFO ] 2025-10-08 13:00:17.638 [main] TPTrac - Click on vendor menu
[INFO ] 2025-10-08 13:00:23.847 [main] TPTrac - Click on vendor category management 
[INFO ] 2025-10-08 13:02:51.379 [main] TPTrac - URL opened
[INFO ] 2025-10-08 13:03:00.055 [main] TPTrac - User tab selected
[INFO ] 2025-10-08 13:03:02.298 [main] TPTrac - Add user button clicked
[INFO ] 2025-10-08 13:03:04.585 [main] TPTrac - Clicked on Add Button
[INFO ] 2025-10-08 13:03:13.168 [main] TPTrac - User tab selected
[INFO ] 2025-10-08 13:03:13.367 [main] TPTrac - Add user button clicked
[INFO ] 2025-10-08 13:03:13.809 [main] TPTrac - Get user name data
[INFO ] 2025-10-08 13:03:14.230 [main] TPTrac - Get user contact data
[INFO ] 2025-10-08 13:03:14.469 [main] TPTrac - enter email id
[INFO ] 2025-10-08 13:03:14.708 [main] TPTrac - Get user role data
[INFO ] 2025-10-08 13:03:14.958 [main] TPTrac - Entered User ID
[INFO ] 2025-10-08 13:03:15.155 [main] TPTrac - Entered Email ID
[INFO ] 2025-10-08 13:03:15.319 [main] TPTrac - Entered user contact
[INFO ] 2025-10-08 13:03:21.706 [main] TPTrac - Role selected
[INFO ] 2025-10-08 13:03:23.921 [main] TPTrac - Clicked on Add Button
[INFO ] 2025-10-08 13:03:24.015 [main] TPTrac - Search user field is clickable
[INFO ] 2025-10-08 13:03:24.113 [main] TPTrac - Sent keys to search user using JavaScript
[INFO ] 2025-10-08 13:03:25.509 [main] TPTrac - Verified Actual user successfully
[INFO ] 2025-10-08 13:03:25.514 [main] TPTrac - Start AD Auditor User Update validation
[INFO ] 2025-10-08 13:03:29.233 [main] TPTrac - User tab selected
[INFO ] 2025-10-08 13:03:31.703 [main] TPTrac - User selected to update the data
[INFO ] 2025-10-08 13:03:36.171 [main] TPTrac - Phone number cleared
[INFO ] 2025-10-08 13:03:36.621 [main] TPTrac - New phone number entered: 7134568565
[INFO ] 2025-10-08 13:03:36.913 [main] TPTrac - Clicked on Save button
[INFO ] 2025-10-08 13:03:36.934 [main] TPTrac - Start Search User validation
[INFO ] 2025-10-08 13:03:37.125 [main] TPTrac - Get valid data
[INFO ] 2025-10-08 13:03:37.313 [main] TPTrac - Get invalid data
[INFO ] 2025-10-08 13:03:40.447 [main] TPTrac - User tab selected
[INFO ] 2025-10-08 13:03:51.309 [main] TPTrac - Verified search user functionality successfully
[INFO ] 2025-10-08 13:03:54.486 [main] TPTrac - User tab selected
[INFO ] 2025-10-08 13:03:54.771 [main] TPTrac - Add user button clicked
[INFO ] 2025-10-08 13:03:55.383 [main] TPTrac - Fetched test data from Excel
[INFO ] 2025-10-08 13:03:55.612 [main] TPTrac - Entered User ID: mo_bank_14@secureyesdev.com
[INFO ] 2025-10-08 13:03:57.811 [main] TPTrac - Entered Email ID: suresh@gmail.com
[INFO ] 2025-10-08 13:03:58.011 [main] TPTrac - Entered Contact No: 9911223311
[INFO ] 2025-10-08 13:04:02.608 [main] TPTrac - Role selected
[INFO ] 2025-10-08 13:04:04.871 [main] TPTrac - Clicked on Add Button
[INFO ] 2025-10-08 13:04:07.217 [main] TPTrac - Searching for user: mo_bank_14@secureyesdev.com
[INFO ] 2025-10-08 13:04:17.170 [main] TPTrac - Clicked 'Yes' to confirm deactivation.
[INFO ] 2025-10-08 13:04:17.579 [main] TPTrac - Verifying deactivation for user: mo_bank_14@secureyesdev.com
[ERROR] 2025-10-08 13:04:19.612 [main] TPTrac - User still appears in the list after deactivation.
[INFO ] 2025-10-08 13:04:23.101 [main] TPTrac - User tab selected
[INFO ] 2025-10-08 13:04:23.265 [main] TPTrac - Get user name data
[INFO ] 2025-10-08 13:04:44.807 [main] TPTrac - Get invalid data
[INFO ] 2025-10-08 13:04:57.132 [main] TPTrac - User activate successfully
[INFO ] 2025-10-08 13:05:06.568 [main] TPTrac - User tab selected
[INFO ] 2025-10-08 13:05:47.462 [main] TPTrac - URL opened
[INFO ] 2025-10-08 13:05:57.840 [main] TPTrac - Click on vendor menu
[INFO ] 2025-10-08 13:06:00.340 [main] TPTrac - Click on vendor category management 
[INFO ] 2025-10-08 13:06:05.333 [main] TPTrac - Click on vendor menu
[INFO ] 2025-10-08 13:06:07.620 [main] TPTrac - Click on vendor category management 
[INFO ] 2025-10-08 13:06:08.558 [main] TPTrac - Click on add new vendor category management 
[INFO ] 2025-10-08 13:06:10.783 [main] TPTrac - entered vendor category name 
[INFO ] 2025-10-08 13:06:10.958 [main] TPTrac - entered vendor category code 
[INFO ] 2025-10-08 13:07:32.906 [main] TPTrac - URL opened
[INFO ] 2025-10-08 13:07:41.720 [main] TPTrac - User tab selected
[INFO ] 2025-10-08 13:07:44.047 [main] TPTrac - Add user button clicked
[INFO ] 2025-10-08 13:07:46.333 [main] TPTrac - Clicked on Add Button
[INFO ] 2025-10-08 13:07:54.436 [main] TPTrac - User tab selected
[INFO ] 2025-10-08 13:07:54.640 [main] TPTrac - Add user button clicked
[INFO ] 2025-10-08 13:07:55.032 [main] TPTrac - Get user name data
[INFO ] 2025-10-08 13:07:55.423 [main] TPTrac - Get user contact data
[INFO ] 2025-10-08 13:07:55.711 [main] TPTrac - enter email id
[INFO ] 2025-10-08 13:07:56.013 [main] TPTrac - Get user role data
[INFO ] 2025-10-08 13:07:56.364 [main] TPTrac - Entered User ID
[INFO ] 2025-10-08 13:07:56.583 [main] TPTrac - Entered Email ID
[INFO ] 2025-10-08 13:07:56.753 [main] TPTrac - Entered user contact
[INFO ] 2025-10-08 13:08:03.117 [main] TPTrac - Role selected
[INFO ] 2025-10-08 13:08:05.268 [main] TPTrac - Clicked on Add Button
[INFO ] 2025-10-08 13:08:05.377 [main] TPTrac - Search user field is clickable
[INFO ] 2025-10-08 13:08:05.471 [main] TPTrac - Sent keys to search user using JavaScript
[INFO ] 2025-10-08 13:08:06.831 [main] TPTrac - Verified Actual user successfully
[INFO ] 2025-10-08 13:08:06.831 [main] TPTrac - Start AD Auditor User Update validation
[INFO ] 2025-10-08 13:08:10.521 [main] TPTrac - User tab selected
[INFO ] 2025-10-08 13:08:12.981 [main] TPTrac - User selected to update the data
[INFO ] 2025-10-08 13:08:17.416 [main] TPTrac - Phone number cleared
[INFO ] 2025-10-08 13:08:18.021 [main] TPTrac - New phone number entered: 7134568565
[INFO ] 2025-10-08 13:08:18.243 [main] TPTrac - Clicked on Save button
[INFO ] 2025-10-08 13:08:18.253 [main] TPTrac - Start Search User validation
[INFO ] 2025-10-08 13:08:18.452 [main] TPTrac - Get valid data
[INFO ] 2025-10-08 13:08:18.693 [main] TPTrac - Get invalid data
[INFO ] 2025-10-08 13:08:21.770 [main] TPTrac - User tab selected
[INFO ] 2025-10-08 13:08:32.361 [main] TPTrac - Verified search user functionality successfully
[INFO ] 2025-10-08 13:08:35.506 [main] TPTrac - User tab selected
[INFO ] 2025-10-08 13:08:35.774 [main] TPTrac - Add user button clicked
[INFO ] 2025-10-08 13:08:36.325 [main] TPTrac - Fetched test data from Excel
[INFO ] 2025-10-08 13:08:36.603 [main] TPTrac - Entered User ID: mo_bank_14@secureyesdev.com
[INFO ] 2025-10-08 13:08:38.824 [main] TPTrac - Entered Email ID: suresh@gmail.com
[INFO ] 2025-10-08 13:08:39.011 [main] TPTrac - Entered Contact No: 9911223311
[INFO ] 2025-10-08 13:08:43.531 [main] TPTrac - Role selected
[INFO ] 2025-10-08 13:08:45.706 [main] TPTrac - Clicked on Add Button
[INFO ] 2025-10-08 13:08:48.079 [main] TPTrac - Searching for user: mo_bank_14@secureyesdev.com
[INFO ] 2025-10-08 13:08:57.735 [main] TPTrac - Clicked 'Yes' to confirm deactivation.
[INFO ] 2025-10-08 13:08:58.164 [main] TPTrac - Verifying deactivation for user: mo_bank_14@secureyesdev.com
[ERROR] 2025-10-08 13:09:00.185 [main] TPTrac - User still appears in the list after deactivation.
[INFO ] 2025-10-08 13:09:03.598 [main] TPTrac - User tab selected
[INFO ] 2025-10-08 13:09:03.779 [main] TPTrac - Get user name data
[INFO ] 2025-10-08 13:09:25.291 [main] TPTrac - Get invalid data
[INFO ] 2025-10-08 13:09:37.456 [main] TPTrac - User activate successfully
[INFO ] 2025-10-08 13:09:46.790 [main] TPTrac - User tab selected
[INFO ] 2025-10-08 13:10:26.136 [main] TPTrac - URL opened
[INFO ] 2025-10-08 13:10:35.995 [main] TPTrac - Click on vendor menu
[INFO ] 2025-10-08 13:10:38.229 [main] TPTrac - Click on vendor category management 
[INFO ] 2025-10-08 13:10:40.387 [main] TPTrac - Click on add new vendor category management 
[INFO ] 2025-10-08 13:10:42.572 [main] TPTrac - entered vendor category name 
[INFO ] 2025-10-08 13:10:42.668 [main] TPTrac - entered vendor category code 
[INFO ] 2025-10-08 13:10:42.758 [main] TPTrac - Added a new vendor category management successfully 
[INFO ] 2025-10-08 13:10:46.966 [main] TPTrac - Click on vendor menu
[INFO ] 2025-10-08 13:10:49.124 [main] TPTrac - Click on vendor category management 
[INFO ] 2025-10-08 13:10:50.041 [main] TPTrac - Click on add new vendor category management 
[INFO ] 2025-10-08 13:10:52.249 [main] TPTrac - entered vendor category name 
[INFO ] 2025-10-08 13:10:52.406 [main] TPTrac - entered vendor category code 
[INFO ] 2025-10-08 13:11:45.664 [main] TPTrac - Verfied successfully
[INFO ] 2025-10-08 13:11:49.045 [main] TPTrac - Click on vendor menu
[INFO ] 2025-10-08 13:11:51.224 [main] TPTrac - Click on vendor category management 
[INFO ] 2025-10-08 13:11:52.231 [main] TPTrac - Click on add new vendor category management 
[INFO ] 2025-10-08 13:11:54.402 [main] TPTrac - entered vendor category name 
[INFO ] 2025-10-08 13:11:54.502 [main] TPTrac - entered vendor category code 
[INFO ] 2025-10-08 13:11:54.586 [main] TPTrac - Added a new vendor category management successfully 
[INFO ] 2025-10-08 13:12:23.905 [main] TPTrac - URL opened
[INFO ] 2025-10-08 13:12:33.708 [main] TPTrac - Click on vendor menu
[INFO ] 2025-10-08 13:13:07.332 [main] TPTrac - Verfied successfully
[INFO ] 2025-10-08 13:13:36.119 [main] TPTrac - URL opened
[INFO ] 2025-10-08 13:13:45.923 [main] TPTrac - Click on vendor menu
[INFO ] 2025-10-08 13:13:52.116 [main] TPTrac - Click on vendor category management 
[INFO ] 2025-10-08 13:23:32.767 [main] TPTrac - URL opened
[INFO ] 2025-10-08 14:54:22.619 [main] TPTrac - URL opened
[INFO ] 2025-10-08 14:56:11.955 [main] TPTrac - Clicked on Vendor
[INFO ] 2025-10-08 14:56:12.191 [main] TPTrac - Clicked on add Vendor
[INFO ] 2025-10-08 14:56:14.501 [main] TPTrac - Entered vendor code
[INFO ] 2025-10-08 14:56:14.741 [main] TPTrac - Entered vendor name
[INFO ] 2025-10-08 14:56:15.225 [main] TPTrac - Checkbox for Vendor Category: <input _ngcontent-vhh-c49="" type="checkbox" aria-label="Category 1">
[INFO ] 2025-10-08 14:56:15.277 [main] TPTrac - Checkbox currently unchecked
[ERROR] 2025-10-08 14:56:16.738 [main] TPTrac - Error selecting Vendor Category checkbox: element click intercepted: Element <input _ngcontent-vhh-c49="" type="checkbox" aria-label="Category 1"> is not clickable at point (560, 351). Other element would receive the click: <div _ngcontent-vhh-c49="">...</div>
  (Session info: chrome=141.0.7390.54)
Build info: version: '4.17.0', revision: 'e52b1be057*'
System info: os.name: 'Windows 11', os.arch: 'amd64', os.version: '10.0', java.version: '17.0.6'
Driver info: org.openqa.selenium.chrome.ChromeDriver
Command: [e1f66279fba13507363aa3da0096704b, clickElement {id=f.193927C23F1FDEB1B167C1556B72117F.d.87D118705D0CB90D49FA5B24F0A27858.e.1320}]
Capabilities {acceptInsecureCerts: false, browserName: chrome, browserVersion: 141.0.7390.54, chrome: {chromedriverVersion: 141.0.7390.54 (b95610d5c4a5..., userDataDir: C:\Users\NIRANJ~1\AppData\L...}, fedcm:accounts: true, goog:chromeOptions: {debuggerAddress: localhost:58250}, networkConnectionEnabled: false, pageLoadStrategy: normal, platformName: windows, proxy: Proxy(), se:cdp: ws://localhost:58250/devtoo..., se:cdpVersion: 141.0.7390.54, setWindowRect: true, strictFileInteractability: false, timeouts: {implicit: 0, pageLoad: 300000, script: 30000}, unhandledPromptBehavior: dismiss and notify, webauthn:extension:credBlob: true, webauthn:extension:largeBlob: true, webauthn:extension:minPinLength: true, webauthn:extension:prf: true, webauthn:virtualAuthenticators: true}
Element: [[ChromeDriver: chrome on windows (e1f66279fba13507363aa3da0096704b)] -> xpath: /html/body/app-root/app-default/app-member/div/div[2]/div/div/form/div[2]/div/div[2]/div[1]/div[2]/div[1]/div/ng-multiselect-dropdown/div/div[2]/ul[2]/li/input]
Session ID: e1f66279fba13507363aa3da0096704b
[INFO ] 2025-10-08 14:56:16.821 [main] TPTrac - Checkbox for Vendor Category selected using JavaScript.
[INFO ] 2025-10-08 14:56:16.860 [main] TPTrac - Checkbox for Vendor Category is now selected.
[INFO ] 2025-10-08 14:56:16.860 [main] TPTrac - Entered vendor category
[INFO ] 2025-10-08 14:56:17.555 [main] TPTrac - entered primary contact
[INFO ] 2025-10-08 14:56:17.952 [main] TPTrac - entered primary email
[INFO ] 2025-10-08 14:56:18.171 [main] TPTrac - entered primary contact mobile number
[INFO ] 2025-10-08 14:56:18.413 [main] TPTrac - entered alternate contact
[INFO ] 2025-10-08 14:56:18.790 [main] TPTrac - entered alternate contact email
[INFO ] 2025-10-08 14:56:19.065 [main] TPTrac - entered alternate contact number
[INFO ] 2025-10-08 15:00:34.015 [main] TPTrac - URL opened
[INFO ] 2025-10-08 15:11:26.394 [main] TPTrac - URL opened
[INFO ] 2025-10-08 15:13:42.632 [main] TPTrac - URL opened
[INFO ] 2025-10-08 15:21:11.477 [main] TPTrac - URL opened
[INFO ] 2025-10-08 15:24:27.816 [main] TPTrac - URL opened
[INFO ] 2025-10-08 15:35:13.490 [main] TPTrac - URL opened
[INFO ] 2025-10-08 15:40:20.809 [main] TPTrac - URL opened
[INFO ] 2025-10-08 15:44:10.768 [main] TPTrac - URL opened
[INFO ] 2025-10-08 16:02:12.706 [main] TPTrac - URL opened
[INFO ] 2025-10-08 16:04:22.036 [main] TPTrac - URL opened
[INFO ] 2025-10-08 16:09:36.674 [main] TPTrac - URL opened
[INFO ] 2025-10-08 16:12:56.959 [main] TPTrac - URL opened
[INFO ] 2025-10-08 16:15:29.689 [main] TPTrac - URL opened
[INFO ] 2025-10-08 16:28:16.592 [main] TPTrac - URL opened
[INFO ] 2025-10-08 16:29:06.946 [main] TPTrac - Clicked on Vendor
[INFO ] 2025-10-08 16:29:07.103 [main] TPTrac - Clicked on add Vendor
[INFO ] 2025-10-08 16:29:09.277 [main] TPTrac - Entered vendor code
[INFO ] 2025-10-08 16:29:09.398 [main] TPTrac - Entered vendor name
[INFO ] 2025-10-08 16:29:09.655 [main] TPTrac - Checkbox for Vendor Category: <input _ngcontent-yuk-c49="" type="checkbox" aria-label="Category 1">
[INFO ] 2025-10-08 16:29:09.683 [main] TPTrac - Checkbox currently unchecked
[ERROR] 2025-10-08 16:29:10.887 [main] TPTrac - Error selecting Vendor Category checkbox: element click intercepted: Element <input _ngcontent-yuk-c49="" type="checkbox" aria-label="Category 1"> is not clickable at point (560, 351). Other element would receive the click: <div _ngcontent-yuk-c49="">...</div>
  (Session info: chrome=141.0.7390.54)
Build info: version: '4.17.0', revision: 'e52b1be057*'
System info: os.name: 'Windows 11', os.arch: 'amd64', os.version: '10.0', java.version: '17.0.6'
Driver info: org.openqa.selenium.chrome.ChromeDriver
Command: [7d988dee7ecf3ba4195158c4b03f0f00, clickElement {id=f.B631BFF06D170FA7BE3A029090F4F289.d.4B9DBFBAD2D13368F1DECF72CB281C24.e.145}]
Capabilities {acceptInsecureCerts: false, browserName: chrome, browserVersion: 141.0.7390.54, chrome: {chromedriverVersion: 141.0.7390.65 (b2ec783d2b51..., userDataDir: C:\Users\NIRANJ~1\AppData\L...}, fedcm:accounts: true, goog:chromeOptions: {debuggerAddress: localhost:50004}, networkConnectionEnabled: false, pageLoadStrategy: normal, platformName: windows, proxy: Proxy(), se:cdp: ws://localhost:50004/devtoo..., se:cdpVersion: 141.0.7390.54, setWindowRect: true, strictFileInteractability: false, timeouts: {implicit: 0, pageLoad: 300000, script: 30000}, unhandledPromptBehavior: dismiss and notify, webauthn:extension:credBlob: true, webauthn:extension:largeBlob: true, webauthn:extension:minPinLength: true, webauthn:extension:prf: true, webauthn:virtualAuthenticators: true}
Element: [[ChromeDriver: chrome on windows (7d988dee7ecf3ba4195158c4b03f0f00)] -> xpath: /html/body/app-root/app-default/app-member/div/div[2]/div/div/form/div[2]/div/div[2]/div[1]/div[2]/div[1]/div/ng-multiselect-dropdown/div/div[2]/ul[2]/li/input]
Session ID: 7d988dee7ecf3ba4195158c4b03f0f00
[INFO ] 2025-10-08 16:29:10.929 [main] TPTrac - Checkbox for Vendor Category selected using JavaScript.
[INFO ] 2025-10-08 16:29:10.953 [main] TPTrac - Checkbox for Vendor Category is now selected.
[INFO ] 2025-10-08 16:29:10.954 [main] TPTrac - Entered vendor category
[INFO ] 2025-10-08 16:29:11.280 [main] TPTrac - entered primary contact
[INFO ] 2025-10-08 16:29:11.439 [main] TPTrac - entered primary email
[INFO ] 2025-10-08 16:29:11.577 [main] TPTrac - entered primary contact mobile number
[INFO ] 2025-10-08 16:29:11.706 [main] TPTrac - entered alternate contact
[INFO ] 2025-10-08 16:29:11.916 [main] TPTrac - entered alternate contact email
[INFO ] 2025-10-08 16:29:12.037 [main] TPTrac - entered alternate contact number
[INFO ] 2025-10-08 16:29:43.257 [main] TPTrac - URL opened
[INFO ] 2025-10-08 16:33:32.549 [main] TPTrac - URL opened
[INFO ] 2025-10-08 17:29:13.118 [main] TPTrac - URL opened
[INFO ] 2025-10-08 17:29:20.272 [main] TPTrac - Framework Menu Clicked
[INFO ] 2025-10-08 17:32:04.494 [main] TPTrac - URL opened
[INFO ] 2025-10-08 17:32:13.198 [main] TPTrac - Framework Menu Clicked
[INFO ] 2025-10-08 17:32:15.447 [main] TPTrac - Clicked Add Framework button
[INFO ] 2025-10-08 17:32:16.741 [main] TPTrac - Entered Framework Name
[INFO ] 2025-10-08 17:32:16.963 [main] TPTrac - Entered Descriptions
[INFO ] 2025-10-08 17:32:17.238 [main] TPTrac - Entered Hiearchy Level
[INFO ] 2025-10-08 17:32:17.510 [main] TPTrac - Add button clicked successfully.
[ERROR] 2025-10-08 17:32:18.705 [main] TPTrac - Standard click failed: element click intercepted: Element <button _ngcontent-ddj-c151="" type="submit" class="modalbutton btn-default deepwhite submit">...</button> is not clickable at point (1106, 495). Other element would receive the click: <ngb-modal-window role="dialog" tabindex="-1" aria-modal="true" class="d-block modal myCustomModalClass fade show">...</ngb-modal-window>
  (Session info: chrome=141.0.7390.54)
Build info: version: '4.17.0', revision: 'e52b1be057*'
System info: os.name: 'Windows 11', os.arch: 'amd64', os.version: '10.0', java.version: '17.0.6'
Driver info: org.openqa.selenium.chrome.ChromeDriver
Command: [511a1a65f7723079770c522ae6119931, clickElement {id=f.DBBD5BFFBD2D55509D2A0D8108FB3E66.d.33D54C68226E02D00F4637E50FFCAA43.e.98}]
Capabilities {acceptInsecureCerts: false, browserName: chrome, browserVersion: 141.0.7390.54, chrome: {chromedriverVersion: 141.0.7390.65 (b2ec783d2b51..., userDataDir: C:\Users\NIRANJ~1\AppData\L...}, fedcm:accounts: true, goog:chromeOptions: {debuggerAddress: localhost:50168}, networkConnectionEnabled: false, pageLoadStrategy: normal, platformName: windows, proxy: Proxy(), se:cdp: ws://localhost:50168/devtoo..., se:cdpVersion: 141.0.7390.54, setWindowRect: true, strictFileInteractability: false, timeouts: {implicit: 0, pageLoad: 300000, script: 30000}, unhandledPromptBehavior: dismiss and notify, webauthn:extension:credBlob: true, webauthn:extension:largeBlob: true, webauthn:extension:minPinLength: true, webauthn:extension:prf: true, webauthn:virtualAuthenticators: true}
Element: [[ChromeDriver: chrome on windows (511a1a65f7723079770c522ae6119931)] -> xpath: //button[@class='modalbutton btn-default deepwhite submit']]
Session ID: 511a1a65f7723079770c522ae6119931
[INFO ] 2025-10-08 17:32:18.750 [main] TPTrac - Add button clicked using JavaScript.
[INFO ] 2025-10-08 17:54:49.827 [main] TPTrac - URL opened
[INFO ] 2025-10-08 18:27:29.766 [main] TPTrac - URL opened
[INFO ] 2025-10-08 18:32:11.578 [main] TPTrac - URL opened
[INFO ] 2025-10-08 18:32:20.399 [main] TPTrac - User tab selected
[INFO ] 2025-10-08 18:32:22.631 [main] TPTrac - Add user button clicked
[INFO ] 2025-10-08 18:32:24.887 [main] TPTrac - Clicked on Add Button
[INFO ] 2025-10-08 18:32:31.494 [main] TPTrac - User tab selected
[INFO ] 2025-10-08 18:32:31.721 [main] TPTrac - Add user button clicked
[INFO ] 2025-10-08 18:32:32.077 [main] TPTrac - Get user name data
[INFO ] 2025-10-08 18:32:32.431 [main] TPTrac - Get user contact data
[INFO ] 2025-10-08 18:32:32.721 [main] TPTrac - enter email id
[INFO ] 2025-10-08 18:32:32.968 [main] TPTrac - Get user role data
[INFO ] 2025-10-08 18:32:33.365 [main] TPTrac - Entered User ID
[INFO ] 2025-10-08 18:32:33.604 [main] TPTrac - Entered Email ID
[INFO ] 2025-10-08 18:32:33.792 [main] TPTrac - Entered user contact
[INFO ] 2025-10-08 18:32:40.289 [main] TPTrac - Role selected
[INFO ] 2025-10-08 18:32:42.492 [main] TPTrac - Clicked on Add Button
[INFO ] 2025-10-08 18:32:42.602 [main] TPTrac - Search user field is clickable
[INFO ] 2025-10-08 18:32:42.716 [main] TPTrac - Sent keys to search user using JavaScript
[INFO ] 2025-10-08 18:32:43.749 [main] TPTrac - Verified Actual user successfully
[INFO ] 2025-10-08 18:32:43.765 [main] TPTrac - Start AD Auditor User Update validation
[INFO ] 2025-10-08 18:32:47.430 [main] TPTrac - User tab selected
[INFO ] 2025-10-08 18:32:49.966 [main] TPTrac - User selected to update the data
[INFO ] 2025-10-08 18:32:54.502 [main] TPTrac - Phone number cleared
[INFO ] 2025-10-08 18:32:55.261 [main] TPTrac - New phone number entered: 7134568565
[INFO ] 2025-10-08 18:32:55.499 [main] TPTrac - Clicked on Save button
[INFO ] 2025-10-08 18:32:55.510 [main] TPTrac - Start Search User validation
[INFO ] 2025-10-08 18:32:55.747 [main] TPTrac - Get valid data
[INFO ] 2025-10-08 18:32:55.954 [main] TPTrac - Get invalid data
[INFO ] 2025-10-08 18:32:59.088 [main] TPTrac - User tab selected
[INFO ] 2025-10-08 18:33:09.741 [main] TPTrac - Verified search user functionality successfully
[INFO ] 2025-10-08 18:33:12.829 [main] TPTrac - User tab selected
[INFO ] 2025-10-08 18:33:12.978 [main] TPTrac - Add user button clicked
[INFO ] 2025-10-08 18:33:13.345 [main] TPTrac - Fetched test data from Excel
[INFO ] 2025-10-08 18:33:13.446 [main] TPTrac - Entered User ID: mo_bank_14@secureyesdev.com
[INFO ] 2025-10-08 18:33:15.615 [main] TPTrac - Entered Email ID: suresh@gmail.com
[INFO ] 2025-10-08 18:33:15.736 [main] TPTrac - Entered Contact No: 9911223311
[INFO ] 2025-10-08 18:33:20.048 [main] TPTrac - Role selected
[INFO ] 2025-10-08 18:33:22.298 [main] TPTrac - Clicked on Add Button
[INFO ] 2025-10-08 18:33:24.548 [main] TPTrac - Searching for user: mo_bank_14@secureyesdev.com
[INFO ] 2025-10-08 18:33:34.026 [main] TPTrac - Clicked 'Yes' to confirm deactivation.
[INFO ] 2025-10-08 18:33:34.417 [main] TPTrac - Verifying deactivation for user: mo_bank_14@secureyesdev.com
[ERROR] 2025-10-08 18:33:36.436 [main] TPTrac - User still appears in the list after deactivation.
[INFO ] 2025-10-08 18:33:39.756 [main] TPTrac - User tab selected
[INFO ] 2025-10-08 18:33:39.896 [main] TPTrac - Get user name data
[INFO ] 2025-10-08 18:34:00.871 [main] TPTrac - Get invalid data
[INFO ] 2025-10-08 18:34:13.082 [main] TPTrac - User activate successfully
[INFO ] 2025-10-08 18:34:22.547 [main] TPTrac - User tab selected
[INFO ] 2025-10-08 18:35:02.233 [main] TPTrac - URL opened
[INFO ] 2025-10-08 18:35:12.062 [main] TPTrac - Click on vendor menu
[INFO ] 2025-10-08 18:35:14.472 [main] TPTrac - Click on vendor category management 
[INFO ] 2025-10-08 18:35:16.670 [main] TPTrac - Click on add new vendor category management 
[INFO ] 2025-10-08 18:35:18.836 [main] TPTrac - entered vendor category name 
[INFO ] 2025-10-08 18:35:18.938 [main] TPTrac - entered vendor category code 
[INFO ] 2025-10-08 18:35:19.050 [main] TPTrac - Added a new vendor category management successfully 
[INFO ] 2025-10-08 18:35:23.101 [main] TPTrac - Click on vendor menu
[INFO ] 2025-10-08 18:35:25.329 [main] TPTrac - Click on vendor category management 
[INFO ] 2025-10-08 18:35:26.317 [main] TPTrac - Click on add new vendor category management 
[INFO ] 2025-10-08 18:35:28.484 [main] TPTrac - entered vendor category name 
[INFO ] 2025-10-08 18:35:28.617 [main] TPTrac - entered vendor category code 
[INFO ] 2025-10-08 18:36:21.313 [main] TPTrac - Verfied successfully
[INFO ] 2025-10-08 18:36:24.596 [main] TPTrac - Click on vendor menu
[INFO ] 2025-10-08 18:36:26.786 [main] TPTrac - Click on vendor category management 
[INFO ] 2025-10-08 18:36:27.651 [main] TPTrac - Click on add new vendor category management 
[INFO ] 2025-10-08 18:36:29.850 [main] TPTrac - entered vendor category name 
[INFO ] 2025-10-08 18:36:29.992 [main] TPTrac - entered vendor category code 
[INFO ] 2025-10-08 18:36:30.134 [main] TPTrac - Added a new vendor category management successfully 
[INFO ] 2025-10-08 18:37:00.064 [main] TPTrac - URL opened
[INFO ] 2025-10-08 18:37:09.943 [main] TPTrac - Click on vendor menu
[INFO ] 2025-10-08 18:37:43.999 [main] TPTrac - Verfied successfully
[INFO ] 2025-10-08 18:38:12.393 [main] TPTrac - URL opened
[INFO ] 2025-10-08 18:38:22.428 [main] TPTrac - Click on vendor menu
[INFO ] 2025-10-08 18:38:28.632 [main] TPTrac - Click on vendor category management 
[INFO ] 2025-10-16 12:09:06.806 [main] TPTrac - URL opened
[INFO ] 2025-10-16 12:09:16.033 [main] TPTrac - User tab selected
[INFO ] 2025-12-18 12:35:04.293 [main] TPTrac - URL opened
[INFO ] 2025-12-18 12:35:19.301 [main] TPTrac - URL opened
[INFO ] 2025-12-18 12:35:33.251 [main] TPTrac - URL opened
[INFO ] 2025-12-18 12:35:37.114 [main] TPTrac - URL opened
[INFO ] 2025-12-18 12:41:14.173 [main] TPTrac - URL opened
[INFO ] 2025-12-18 12:41:19.171 [main] TPTrac - URL opened
